ISO-10303-21;
HEADER;
/* Generated by software containing ST-Developer
 * from STEP Tools, Inc. (www.steptools.com) 
 */

FILE_DESCRIPTION(
/* description */ (''),
/* implementation_level */ '2;1');

FILE_NAME(
/* name */ 'amp-cradle.step',
/* time_stamp */ '2026-05-13T22:36:12-06:00',
/* author */ (''),
/* organization */ (''),
/* preprocessor_version */ 'ST-DEVELOPER v20.1',
/* originating_system */ 'Autodesk Translation Framework v15.8.0.0',
/* authorisation */ '');

FILE_SCHEMA (('AUTOMOTIVE_DESIGN { 1 0 10303 214 3 1 1 }'));
ENDSEC;

DATA;
#10=MECHANICAL_DESIGN_GEOMETRIC_PRESENTATION_REPRESENTATION('',(#13),#6736);
#11=SHAPE_REPRESENTATION_RELATIONSHIP('SRR','None',#6742,#12);
#12=ADVANCED_BREP_SHAPE_REPRESENTATION('',(#14),#6735);
#13=STYLED_ITEM('',(#6751),#14);
#14=MANIFOLD_SOLID_BREP('Body2',#3933);
#15=FACE_BOUND('',#353,.T.);
#16=FACE_BOUND('',#354,.T.);
#17=FACE_BOUND('',#355,.T.);
#18=FACE_BOUND('',#356,.T.);
#19=FACE_BOUND('',#357,.T.);
#20=FACE_BOUND('',#358,.T.);
#21=FACE_BOUND('',#359,.T.);
#22=FACE_BOUND('',#360,.T.);
#23=FACE_BOUND('',#401,.T.);
#24=FACE_BOUND('',#403,.T.);
#25=FACE_BOUND('',#405,.T.);
#26=FACE_BOUND('',#409,.T.);
#27=FACE_BOUND('',#411,.T.);
#28=FACE_BOUND('',#414,.T.);
#29=FACE_BOUND('',#416,.T.);
#30=FACE_BOUND('',#554,.T.);
#31=FACE_BOUND('',#555,.T.);
#32=FACE_BOUND('',#556,.T.);
#33=FACE_BOUND('',#557,.T.);
#34=FACE_BOUND('',#558,.T.);
#35=FACE_BOUND('',#559,.T.);
#36=FACE_BOUND('',#560,.T.);
#37=FACE_BOUND('',#561,.T.);
#38=FACE_BOUND('',#562,.T.);
#39=FACE_BOUND('',#563,.T.);
#40=FACE_BOUND('',#564,.T.);
#41=PLANE('',#3938);
#42=PLANE('',#3939);
#43=PLANE('',#3948);
#44=PLANE('',#3949);
#45=PLANE('',#3958);
#46=PLANE('',#3959);
#47=PLANE('',#3969);
#48=PLANE('',#4071);
#49=PLANE('',#4074);
#50=PLANE('',#4077);
#51=PLANE('',#4087);
#52=PLANE('',#4090);
#53=PLANE('',#4100);
#54=PLANE('',#4103);
#55=PLANE('',#4106);
#56=PLANE('',#4109);
#57=PLANE('',#4112);
#58=PLANE('',#4115);
#59=PLANE('',#4118);
#60=PLANE('',#4121);
#61=PLANE('',#4124);
#62=PLANE('',#4127);
#63=PLANE('',#4128);
#64=PLANE('',#4130);
#65=PLANE('',#4133);
#66=PLANE('',#4137);
#67=PLANE('',#4138);
#68=PLANE('',#4141);
#69=PLANE('',#4146);
#70=PLANE('',#4148);
#71=PLANE('',#4153);
#72=PLANE('',#4156);
#73=PLANE('',#4159);
#74=PLANE('',#4162);
#75=PLANE('',#4165);
#76=PLANE('',#4168);
#77=PLANE('',#4171);
#78=PLANE('',#4172);
#79=PLANE('',#4175);
#80=PLANE('',#4180);
#81=PLANE('',#4183);
#82=PLANE('',#4184);
#83=PLANE('',#4187);
#84=PLANE('',#4190);
#85=PLANE('',#4193);
#86=PLANE('',#4196);
#87=PLANE('',#4199);
#88=PLANE('',#4202);
#89=PLANE('',#4205);
#90=PLANE('',#4210);
#91=PLANE('',#4213);
#92=PLANE('',#4216);
#93=PLANE('',#4219);
#94=PLANE('',#4222);
#95=PLANE('',#4225);
#96=PLANE('',#4228);
#97=PLANE('',#4231);
#98=PLANE('',#4232);
#99=PLANE('',#4235);
#100=PLANE('',#4240);
#101=PLANE('',#4243);
#102=PLANE('',#4246);
#103=PLANE('',#4249);
#104=PLANE('',#4252);
#105=PLANE('',#4255);
#106=PLANE('',#4256);
#107=PLANE('',#4259);
#108=PLANE('',#4264);
#109=PLANE('',#4267);
#110=PLANE('',#4270);
#111=PLANE('',#4273);
#112=PLANE('',#4276);
#113=PLANE('',#4279);
#114=PLANE('',#4282);
#115=PLANE('',#4285);
#116=PLANE('',#4288);
#117=PLANE('',#4291);
#118=PLANE('',#4294);
#119=PLANE('',#4299);
#120=PLANE('',#4302);
#121=PLANE('',#4305);
#122=PLANE('',#4308);
#123=PLANE('',#4311);
#124=PLANE('',#4314);
#125=PLANE('',#4317);
#126=PLANE('',#4322);
#127=PLANE('',#4325);
#128=PLANE('',#4328);
#129=PLANE('',#4331);
#130=PLANE('',#4334);
#131=PLANE('',#4337);
#132=PLANE('',#4340);
#133=PLANE('',#4343);
#134=PLANE('',#4350);
#135=PLANE('',#4357);
#136=PLANE('',#4358);
#137=FACE_OUTER_BOUND('',#338,.T.);
#138=FACE_OUTER_BOUND('',#339,.T.);
#139=FACE_OUTER_BOUND('',#340,.T.);
#140=FACE_OUTER_BOUND('',#341,.T.);
#141=FACE_OUTER_BOUND('',#342,.T.);
#142=FACE_OUTER_BOUND('',#343,.T.);
#143=FACE_OUTER_BOUND('',#344,.T.);
#144=FACE_OUTER_BOUND('',#345,.T.);
#145=FACE_OUTER_BOUND('',#346,.T.);
#146=FACE_OUTER_BOUND('',#347,.T.);
#147=FACE_OUTER_BOUND('',#348,.T.);
#148=FACE_OUTER_BOUND('',#349,.T.);
#149=FACE_OUTER_BOUND('',#350,.T.);
#150=FACE_OUTER_BOUND('',#351,.T.);
#151=FACE_OUTER_BOUND('',#352,.T.);
#152=FACE_OUTER_BOUND('',#361,.T.);
#153=FACE_OUTER_BOUND('',#362,.T.);
#154=FACE_OUTER_BOUND('',#363,.T.);
#155=FACE_OUTER_BOUND('',#364,.T.);
#156=FACE_OUTER_BOUND('',#365,.T.);
#157=FACE_OUTER_BOUND('',#366,.T.);
#158=FACE_OUTER_BOUND('',#367,.T.);
#159=FACE_OUTER_BOUND('',#368,.T.);
#160=FACE_OUTER_BOUND('',#369,.T.);
#161=FACE_OUTER_BOUND('',#370,.T.);
#162=FACE_OUTER_BOUND('',#371,.T.);
#163=FACE_OUTER_BOUND('',#372,.T.);
#164=FACE_OUTER_BOUND('',#373,.T.);
#165=FACE_OUTER_BOUND('',#374,.T.);
#166=FACE_OUTER_BOUND('',#375,.T.);
#167=FACE_OUTER_BOUND('',#376,.T.);
#168=FACE_OUTER_BOUND('',#377,.T.);
#169=FACE_OUTER_BOUND('',#378,.T.);
#170=FACE_OUTER_BOUND('',#379,.T.);
#171=FACE_OUTER_BOUND('',#380,.T.);
#172=FACE_OUTER_BOUND('',#381,.T.);
#173=FACE_OUTER_BOUND('',#382,.T.);
#174=FACE_OUTER_BOUND('',#383,.T.);
#175=FACE_OUTER_BOUND('',#384,.T.);
#176=FACE_OUTER_BOUND('',#385,.T.);
#177=FACE_OUTER_BOUND('',#386,.T.);
#178=FACE_OUTER_BOUND('',#387,.T.);
#179=FACE_OUTER_BOUND('',#388,.T.);
#180=FACE_OUTER_BOUND('',#389,.T.);
#181=FACE_OUTER_BOUND('',#390,.T.);
#182=FACE_OUTER_BOUND('',#391,.T.);
#183=FACE_OUTER_BOUND('',#392,.T.);
#184=FACE_OUTER_BOUND('',#393,.T.);
#185=FACE_OUTER_BOUND('',#394,.T.);
#186=FACE_OUTER_BOUND('',#395,.T.);
#187=FACE_OUTER_BOUND('',#396,.T.);
#188=FACE_OUTER_BOUND('',#397,.T.);
#189=FACE_OUTER_BOUND('',#398,.T.);
#190=FACE_OUTER_BOUND('',#399,.T.);
#191=FACE_OUTER_BOUND('',#400,.T.);
#192=FACE_OUTER_BOUND('',#402,.T.);
#193=FACE_OUTER_BOUND('',#404,.T.);
#194=FACE_OUTER_BOUND('',#406,.T.);
#195=FACE_OUTER_BOUND('',#407,.T.);
#196=FACE_OUTER_BOUND('',#408,.T.);
#197=FACE_OUTER_BOUND('',#410,.T.);
#198=FACE_OUTER_BOUND('',#412,.T.);
#199=FACE_OUTER_BOUND('',#413,.T.);
#200=FACE_OUTER_BOUND('',#415,.T.);
#201=FACE_OUTER_BOUND('',#417,.T.);
#202=FACE_OUTER_BOUND('',#418,.T.);
#203=FACE_OUTER_BOUND('',#419,.T.);
#204=FACE_OUTER_BOUND('',#420,.T.);
#205=FACE_OUTER_BOUND('',#421,.T.);
#206=FACE_OUTER_BOUND('',#422,.T.);
#207=FACE_OUTER_BOUND('',#423,.T.);
#208=FACE_OUTER_BOUND('',#424,.T.);
#209=FACE_OUTER_BOUND('',#425,.T.);
#210=FACE_OUTER_BOUND('',#426,.T.);
#211=FACE_OUTER_BOUND('',#427,.T.);
#212=FACE_OUTER_BOUND('',#428,.T.);
#213=FACE_OUTER_BOUND('',#429,.T.);
#214=FACE_OUTER_BOUND('',#430,.T.);
#215=FACE_OUTER_BOUND('',#431,.T.);
#216=FACE_OUTER_BOUND('',#432,.T.);
#217=FACE_OUTER_BOUND('',#433,.T.);
#218=FACE_OUTER_BOUND('',#434,.T.);
#219=FACE_OUTER_BOUND('',#435,.T.);
#220=FACE_OUTER_BOUND('',#436,.T.);
#221=FACE_OUTER_BOUND('',#437,.T.);
#222=FACE_OUTER_BOUND('',#438,.T.);
#223=FACE_OUTER_BOUND('',#439,.T.);
#224=FACE_OUTER_BOUND('',#440,.T.);
#225=FACE_OUTER_BOUND('',#441,.T.);
#226=FACE_OUTER_BOUND('',#442,.T.);
#227=FACE_OUTER_BOUND('',#443,.T.);
#228=FACE_OUTER_BOUND('',#444,.T.);
#229=FACE_OUTER_BOUND('',#445,.T.);
#230=FACE_OUTER_BOUND('',#446,.T.);
#231=FACE_OUTER_BOUND('',#447,.T.);
#232=FACE_OUTER_BOUND('',#448,.T.);
#233=FACE_OUTER_BOUND('',#449,.T.);
#234=FACE_OUTER_BOUND('',#450,.T.);
#235=FACE_OUTER_BOUND('',#451,.T.);
#236=FACE_OUTER_BOUND('',#452,.T.);
#237=FACE_OUTER_BOUND('',#453,.T.);
#238=FACE_OUTER_BOUND('',#454,.T.);
#239=FACE_OUTER_BOUND('',#455,.T.);
#240=FACE_OUTER_BOUND('',#456,.T.);
#241=FACE_OUTER_BOUND('',#457,.T.);
#242=FACE_OUTER_BOUND('',#458,.T.);
#243=FACE_OUTER_BOUND('',#459,.T.);
#244=FACE_OUTER_BOUND('',#460,.T.);
#245=FACE_OUTER_BOUND('',#461,.T.);
#246=FACE_OUTER_BOUND('',#462,.T.);
#247=FACE_OUTER_BOUND('',#463,.T.);
#248=FACE_OUTER_BOUND('',#464,.T.);
#249=FACE_OUTER_BOUND('',#465,.T.);
#250=FACE_OUTER_BOUND('',#466,.T.);
#251=FACE_OUTER_BOUND('',#467,.T.);
#252=FACE_OUTER_BOUND('',#468,.T.);
#253=FACE_OUTER_BOUND('',#469,.T.);
#254=FACE_OUTER_BOUND('',#470,.T.);
#255=FACE_OUTER_BOUND('',#471,.T.);
#256=FACE_OUTER_BOUND('',#472,.T.);
#257=FACE_OUTER_BOUND('',#473,.T.);
#258=FACE_OUTER_BOUND('',#474,.T.);
#259=FACE_OUTER_BOUND('',#475,.T.);
#260=FACE_OUTER_BOUND('',#476,.T.);
#261=FACE_OUTER_BOUND('',#477,.T.);
#262=FACE_OUTER_BOUND('',#478,.T.);
#263=FACE_OUTER_BOUND('',#479,.T.);
#264=FACE_OUTER_BOUND('',#480,.T.);
#265=FACE_OUTER_BOUND('',#481,.T.);
#266=FACE_OUTER_BOUND('',#482,.T.);
#267=FACE_OUTER_BOUND('',#483,.T.);
#268=FACE_OUTER_BOUND('',#484,.T.);
#269=FACE_OUTER_BOUND('',#485,.T.);
#270=FACE_OUTER_BOUND('',#486,.T.);
#271=FACE_OUTER_BOUND('',#487,.T.);
#272=FACE_OUTER_BOUND('',#488,.T.);
#273=FACE_OUTER_BOUND('',#489,.T.);
#274=FACE_OUTER_BOUND('',#490,.T.);
#275=FACE_OUTER_BOUND('',#491,.T.);
#276=FACE_OUTER_BOUND('',#492,.T.);
#277=FACE_OUTER_BOUND('',#493,.T.);
#278=FACE_OUTER_BOUND('',#494,.T.);
#279=FACE_OUTER_BOUND('',#495,.T.);
#280=FACE_OUTER_BOUND('',#496,.T.);
#281=FACE_OUTER_BOUND('',#497,.T.);
#282=FACE_OUTER_BOUND('',#498,.T.);
#283=FACE_OUTER_BOUND('',#499,.T.);
#284=FACE_OUTER_BOUND('',#500,.T.);
#285=FACE_OUTER_BOUND('',#501,.T.);
#286=FACE_OUTER_BOUND('',#502,.T.);
#287=FACE_OUTER_BOUND('',#503,.T.);
#288=FACE_OUTER_BOUND('',#504,.T.);
#289=FACE_OUTER_BOUND('',#505,.T.);
#290=FACE_OUTER_BOUND('',#506,.T.);
#291=FACE_OUTER_BOUND('',#507,.T.);
#292=FACE_OUTER_BOUND('',#508,.T.);
#293=FACE_OUTER_BOUND('',#509,.T.);
#294=FACE_OUTER_BOUND('',#510,.T.);
#295=FACE_OUTER_BOUND('',#511,.T.);
#296=FACE_OUTER_BOUND('',#512,.T.);
#297=FACE_OUTER_BOUND('',#513,.T.);
#298=FACE_OUTER_BOUND('',#514,.T.);
#299=FACE_OUTER_BOUND('',#515,.T.);
#300=FACE_OUTER_BOUND('',#516,.T.);
#301=FACE_OUTER_BOUND('',#517,.T.);
#302=FACE_OUTER_BOUND('',#518,.T.);
#303=FACE_OUTER_BOUND('',#519,.T.);
#304=FACE_OUTER_BOUND('',#520,.T.);
#305=FACE_OUTER_BOUND('',#521,.T.);
#306=FACE_OUTER_BOUND('',#522,.T.);
#307=FACE_OUTER_BOUND('',#523,.T.);
#308=FACE_OUTER_BOUND('',#524,.T.);
#309=FACE_OUTER_BOUND('',#525,.T.);
#310=FACE_OUTER_BOUND('',#526,.T.);
#311=FACE_OUTER_BOUND('',#527,.T.);
#312=FACE_OUTER_BOUND('',#528,.T.);
#313=FACE_OUTER_BOUND('',#529,.T.);
#314=FACE_OUTER_BOUND('',#530,.T.);
#315=FACE_OUTER_BOUND('',#531,.T.);
#316=FACE_OUTER_BOUND('',#532,.T.);
#317=FACE_OUTER_BOUND('',#533,.T.);
#318=FACE_OUTER_BOUND('',#534,.T.);
#319=FACE_OUTER_BOUND('',#535,.T.);
#320=FACE_OUTER_BOUND('',#536,.T.);
#321=FACE_OUTER_BOUND('',#537,.T.);
#322=FACE_OUTER_BOUND('',#538,.T.);
#323=FACE_OUTER_BOUND('',#539,.T.);
#324=FACE_OUTER_BOUND('',#540,.T.);
#325=FACE_OUTER_BOUND('',#541,.T.);
#326=FACE_OUTER_BOUND('',#542,.T.);
#327=FACE_OUTER_BOUND('',#543,.T.);
#328=FACE_OUTER_BOUND('',#544,.T.);
#329=FACE_OUTER_BOUND('',#545,.T.);
#330=FACE_OUTER_BOUND('',#546,.T.);
#331=FACE_OUTER_BOUND('',#547,.T.);
#332=FACE_OUTER_BOUND('',#548,.T.);
#333=FACE_OUTER_BOUND('',#549,.T.);
#334=FACE_OUTER_BOUND('',#550,.T.);
#335=FACE_OUTER_BOUND('',#551,.T.);
#336=FACE_OUTER_BOUND('',#552,.T.);
#337=FACE_OUTER_BOUND('',#553,.T.);
#338=EDGE_LOOP('',(#2467,#2468,#2469,#2470));
#339=EDGE_LOOP('',(#2471,#2472,#2473,#2474));
#340=EDGE_LOOP('',(#2475,#2476,#2477,#2478,#2479,#2480,#2481,#2482,#2483,
#2484));
#341=EDGE_LOOP('',(#2485,#2486,#2487,#2488));
#342=EDGE_LOOP('',(#2489,#2490,#2491,#2492));
#343=EDGE_LOOP('',(#2493,#2494,#2495,#2496));
#344=EDGE_LOOP('',(#2497,#2498,#2499,#2500,#2501,#2502,#2503,#2504,#2505,
#2506));
#345=EDGE_LOOP('',(#2507,#2508,#2509,#2510));
#346=EDGE_LOOP('',(#2511,#2512,#2513,#2514));
#347=EDGE_LOOP('',(#2515,#2516,#2517,#2518));
#348=EDGE_LOOP('',(#2519,#2520,#2521,#2522,#2523,#2524,#2525,#2526,#2527,
#2528));
#349=EDGE_LOOP('',(#2529,#2530,#2531,#2532));
#350=EDGE_LOOP('',(#2533,#2534,#2535,#2536));
#351=EDGE_LOOP('',(#2537,#2538,#2539,#2540));
#352=EDGE_LOOP('',(#2541,#2542,#2543,#2544,#2545,#2546,#2547,#2548,#2549,
#2550,#2551,#2552,#2553,#2554,#2555,#2556,#2557,#2558,#2559,#2560,#2561,
#2562,#2563,#2564,#2565,#2566,#2567,#2568,#2569,#2570,#2571,#2572,#2573,
#2574,#2575,#2576,#2577,#2578,#2579,#2580,#2581,#2582,#2583,#2584,#2585,
#2586,#2587,#2588,#2589,#2590,#2591,#2592,#2593,#2594,#2595,#2596,#2597,
#2598,#2599,#2600,#2601,#2602,#2603,#2604,#2605,#2606,#2607,#2608,#2609,
#2610,#2611,#2612,#2613,#2614,#2615,#2616,#2617,#2618,#2619,#2620,#2621,
#2622,#2623,#2624,#2625,#2626,#2627,#2628,#2629,#2630,#2631,#2632,#2633,
#2634,#2635,#2636,#2637,#2638,#2639,#2640,#2641,#2642,#2643,#2644,#2645,
#2646,#2647,#2648,#2649,#2650,#2651,#2652,#2653,#2654,#2655,#2656,#2657,
#2658,#2659,#2660,#2661,#2662,#2663,#2664,#2665,#2666,#2667,#2668));
#353=EDGE_LOOP('',(#2669,#2670,#2671,#2672,#2673,#2674));
#354=EDGE_LOOP('',(#2675,#2676,#2677,#2678,#2679,#2680,#2681,#2682,#2683,
#2684,#2685,#2686,#2687,#2688,#2689,#2690,#2691,#2692,#2693,#2694));
#355=EDGE_LOOP('',(#2695,#2696,#2697,#2698,#2699,#2700));
#356=EDGE_LOOP('',(#2701,#2702,#2703,#2704,#2705,#2706));
#357=EDGE_LOOP('',(#2707,#2708,#2709,#2710,#2711,#2712));
#358=EDGE_LOOP('',(#2713,#2714,#2715,#2716,#2717,#2718));
#359=EDGE_LOOP('',(#2719));
#360=EDGE_LOOP('',(#2720));
#361=EDGE_LOOP('',(#2721,#2722,#2723,#2724));
#362=EDGE_LOOP('',(#2725,#2726,#2727,#2728));
#363=EDGE_LOOP('',(#2729,#2730,#2731,#2732));
#364=EDGE_LOOP('',(#2733,#2734,#2735,#2736));
#365=EDGE_LOOP('',(#2737,#2738,#2739,#2740));
#366=EDGE_LOOP('',(#2741,#2742,#2743,#2744,#2745));
#367=EDGE_LOOP('',(#2746,#2747,#2748,#2749));
#368=EDGE_LOOP('',(#2750,#2751,#2752,#2753));
#369=EDGE_LOOP('',(#2754,#2755,#2756,#2757));
#370=EDGE_LOOP('',(#2758,#2759,#2760,#2761));
#371=EDGE_LOOP('',(#2762,#2763,#2764,#2765));
#372=EDGE_LOOP('',(#2766,#2767,#2768,#2769,#2770,#2771,#2772,#2773,#2774,
#2775,#2776,#2777));
#373=EDGE_LOOP('',(#2778,#2779,#2780,#2781));
#374=EDGE_LOOP('',(#2782,#2783,#2784,#2785));
#375=EDGE_LOOP('',(#2786,#2787,#2788,#2789));
#376=EDGE_LOOP('',(#2790,#2791,#2792,#2793));
#377=EDGE_LOOP('',(#2794,#2795,#2796,#2797));
#378=EDGE_LOOP('',(#2798,#2799,#2800,#2801,#2802,#2803,#2804,#2805));
#379=EDGE_LOOP('',(#2806,#2807,#2808,#2809));
#380=EDGE_LOOP('',(#2810,#2811,#2812,#2813));
#381=EDGE_LOOP('',(#2814,#2815,#2816,#2817));
#382=EDGE_LOOP('',(#2818,#2819,#2820,#2821));
#383=EDGE_LOOP('',(#2822,#2823,#2824,#2825));
#384=EDGE_LOOP('',(#2826,#2827,#2828,#2829));
#385=EDGE_LOOP('',(#2830,#2831,#2832,#2833));
#386=EDGE_LOOP('',(#2834,#2835,#2836,#2837));
#387=EDGE_LOOP('',(#2838,#2839,#2840,#2841));
#388=EDGE_LOOP('',(#2842,#2843,#2844,#2845));
#389=EDGE_LOOP('',(#2846,#2847,#2848,#2849));
#390=EDGE_LOOP('',(#2850,#2851,#2852,#2853));
#391=EDGE_LOOP('',(#2854,#2855,#2856,#2857));
#392=EDGE_LOOP('',(#2858,#2859,#2860,#2861));
#393=EDGE_LOOP('',(#2862,#2863,#2864,#2865));
#394=EDGE_LOOP('',(#2866,#2867,#2868,#2869));
#395=EDGE_LOOP('',(#2870,#2871,#2872,#2873));
#396=EDGE_LOOP('',(#2874,#2875,#2876,#2877));
#397=EDGE_LOOP('',(#2878,#2879,#2880,#2881));
#398=EDGE_LOOP('',(#2882,#2883,#2884,#2885));
#399=EDGE_LOOP('',(#2886));
#400=EDGE_LOOP('',(#2887));
#401=EDGE_LOOP('',(#2888));
#402=EDGE_LOOP('',(#2889));
#403=EDGE_LOOP('',(#2890));
#404=EDGE_LOOP('',(#2891));
#405=EDGE_LOOP('',(#2892));
#406=EDGE_LOOP('',(#2893,#2894,#2895,#2896));
#407=EDGE_LOOP('',(#2897));
#408=EDGE_LOOP('',(#2898));
#409=EDGE_LOOP('',(#2899));
#410=EDGE_LOOP('',(#2900));
#411=EDGE_LOOP('',(#2901));
#412=EDGE_LOOP('',(#2902,#2903,#2904,#2905,#2906));
#413=EDGE_LOOP('',(#2907));
#414=EDGE_LOOP('',(#2908));
#415=EDGE_LOOP('',(#2909));
#416=EDGE_LOOP('',(#2910));
#417=EDGE_LOOP('',(#2911,#2912,#2913,#2914));
#418=EDGE_LOOP('',(#2915));
#419=EDGE_LOOP('',(#2916,#2917,#2918,#2919));
#420=EDGE_LOOP('',(#2920));
#421=EDGE_LOOP('',(#2921,#2922,#2923,#2924));
#422=EDGE_LOOP('',(#2925));
#423=EDGE_LOOP('',(#2926,#2927,#2928,#2929));
#424=EDGE_LOOP('',(#2930));
#425=EDGE_LOOP('',(#2931,#2932,#2933,#2934));
#426=EDGE_LOOP('',(#2935));
#427=EDGE_LOOP('',(#2936,#2937,#2938,#2939));
#428=EDGE_LOOP('',(#2940));
#429=EDGE_LOOP('',(#2941,#2942,#2943,#2944));
#430=EDGE_LOOP('',(#2945));
#431=EDGE_LOOP('',(#2946,#2947,#2948,#2949));
#432=EDGE_LOOP('',(#2950,#2951,#2952,#2953));
#433=EDGE_LOOP('',(#2954,#2955,#2956,#2957));
#434=EDGE_LOOP('',(#2958,#2959,#2960,#2961));
#435=EDGE_LOOP('',(#2962,#2963,#2964,#2965));
#436=EDGE_LOOP('',(#2966,#2967,#2968,#2969));
#437=EDGE_LOOP('',(#2970,#2971,#2972,#2973));
#438=EDGE_LOOP('',(#2974,#2975,#2976,#2977));
#439=EDGE_LOOP('',(#2978,#2979,#2980,#2981));
#440=EDGE_LOOP('',(#2982,#2983,#2984,#2985));
#441=EDGE_LOOP('',(#2986,#2987,#2988,#2989));
#442=EDGE_LOOP('',(#2990,#2991,#2992,#2993));
#443=EDGE_LOOP('',(#2994,#2995,#2996,#2997));
#444=EDGE_LOOP('',(#2998,#2999,#3000,#3001));
#445=EDGE_LOOP('',(#3002,#3003,#3004,#3005,#3006,#3007,#3008,#3009,#3010,
#3011));
#446=EDGE_LOOP('',(#3012,#3013,#3014,#3015));
#447=EDGE_LOOP('',(#3016,#3017,#3018,#3019));
#448=EDGE_LOOP('',(#3020,#3021,#3022,#3023));
#449=EDGE_LOOP('',(#3024,#3025,#3026,#3027));
#450=EDGE_LOOP('',(#3028,#3029,#3030,#3031));
#451=EDGE_LOOP('',(#3032,#3033,#3034,#3035));
#452=EDGE_LOOP('',(#3036,#3037,#3038,#3039));
#453=EDGE_LOOP('',(#3040,#3041,#3042,#3043));
#454=EDGE_LOOP('',(#3044,#3045,#3046,#3047));
#455=EDGE_LOOP('',(#3048,#3049,#3050,#3051));
#456=EDGE_LOOP('',(#3052,#3053,#3054,#3055));
#457=EDGE_LOOP('',(#3056,#3057,#3058,#3059));
#458=EDGE_LOOP('',(#3060,#3061,#3062,#3063));
#459=EDGE_LOOP('',(#3064,#3065,#3066,#3067));
#460=EDGE_LOOP('',(#3068,#3069,#3070,#3071));
#461=EDGE_LOOP('',(#3072,#3073,#3074,#3075));
#462=EDGE_LOOP('',(#3076,#3077,#3078,#3079));
#463=EDGE_LOOP('',(#3080,#3081,#3082,#3083));
#464=EDGE_LOOP('',(#3084,#3085,#3086,#3087));
#465=EDGE_LOOP('',(#3088,#3089,#3090,#3091));
#466=EDGE_LOOP('',(#3092,#3093,#3094,#3095,#3096,#3097,#3098,#3099,#3100,
#3101));
#467=EDGE_LOOP('',(#3102,#3103,#3104,#3105));
#468=EDGE_LOOP('',(#3106,#3107,#3108,#3109));
#469=EDGE_LOOP('',(#3110,#3111,#3112,#3113));
#470=EDGE_LOOP('',(#3114,#3115,#3116,#3117));
#471=EDGE_LOOP('',(#3118,#3119,#3120,#3121));
#472=EDGE_LOOP('',(#3122,#3123,#3124,#3125));
#473=EDGE_LOOP('',(#3126,#3127,#3128,#3129));
#474=EDGE_LOOP('',(#3130,#3131,#3132,#3133));
#475=EDGE_LOOP('',(#3134,#3135,#3136,#3137));
#476=EDGE_LOOP('',(#3138,#3139,#3140,#3141));
#477=EDGE_LOOP('',(#3142,#3143,#3144,#3145));
#478=EDGE_LOOP('',(#3146,#3147,#3148,#3149));
#479=EDGE_LOOP('',(#3150,#3151,#3152,#3153));
#480=EDGE_LOOP('',(#3154,#3155,#3156,#3157));
#481=EDGE_LOOP('',(#3158,#3159,#3160,#3161));
#482=EDGE_LOOP('',(#3162,#3163,#3164,#3165));
#483=EDGE_LOOP('',(#3166,#3167,#3168,#3169));
#484=EDGE_LOOP('',(#3170,#3171,#3172,#3173));
#485=EDGE_LOOP('',(#3174,#3175,#3176,#3177));
#486=EDGE_LOOP('',(#3178,#3179,#3180,#3181,#3182,#3183,#3184,#3185,#3186,
#3187));
#487=EDGE_LOOP('',(#3188,#3189,#3190,#3191));
#488=EDGE_LOOP('',(#3192,#3193,#3194,#3195));
#489=EDGE_LOOP('',(#3196,#3197,#3198,#3199));
#490=EDGE_LOOP('',(#3200,#3201,#3202,#3203));
#491=EDGE_LOOP('',(#3204,#3205,#3206,#3207));
#492=EDGE_LOOP('',(#3208,#3209,#3210,#3211));
#493=EDGE_LOOP('',(#3212,#3213,#3214,#3215));
#494=EDGE_LOOP('',(#3216,#3217,#3218,#3219));
#495=EDGE_LOOP('',(#3220,#3221,#3222,#3223));
#496=EDGE_LOOP('',(#3224,#3225,#3226,#3227));
#497=EDGE_LOOP('',(#3228,#3229,#3230,#3231));
#498=EDGE_LOOP('',(#3232,#3233,#3234,#3235));
#499=EDGE_LOOP('',(#3236,#3237,#3238,#3239));
#500=EDGE_LOOP('',(#3240,#3241,#3242,#3243));
#501=EDGE_LOOP('',(#3244,#3245,#3246,#3247));
#502=EDGE_LOOP('',(#3248,#3249,#3250,#3251));
#503=EDGE_LOOP('',(#3252,#3253,#3254,#3255,#3256,#3257,#3258,#3259));
#504=EDGE_LOOP('',(#3260,#3261,#3262,#3263));
#505=EDGE_LOOP('',(#3264,#3265,#3266,#3267,#3268,#3269,#3270,#3271));
#506=EDGE_LOOP('',(#3272,#3273,#3274,#3275));
#507=EDGE_LOOP('',(#3276,#3277,#3278,#3279));
#508=EDGE_LOOP('',(#3280,#3281,#3282,#3283));
#509=EDGE_LOOP('',(#3284,#3285,#3286,#3287));
#510=EDGE_LOOP('',(#3288,#3289,#3290,#3291));
#511=EDGE_LOOP('',(#3292,#3293,#3294,#3295));
#512=EDGE_LOOP('',(#3296,#3297,#3298,#3299));
#513=EDGE_LOOP('',(#3300,#3301,#3302,#3303));
#514=EDGE_LOOP('',(#3304,#3305,#3306,#3307));
#515=EDGE_LOOP('',(#3308,#3309,#3310,#3311));
#516=EDGE_LOOP('',(#3312,#3313,#3314,#3315));
#517=EDGE_LOOP('',(#3316,#3317,#3318,#3319));
#518=EDGE_LOOP('',(#3320,#3321,#3322,#3323));
#519=EDGE_LOOP('',(#3324,#3325,#3326,#3327));
#520=EDGE_LOOP('',(#3328,#3329,#3330,#3331));
#521=EDGE_LOOP('',(#3332,#3333,#3334,#3335));
#522=EDGE_LOOP('',(#3336,#3337,#3338,#3339));
#523=EDGE_LOOP('',(#3340,#3341,#3342,#3343));
#524=EDGE_LOOP('',(#3344,#3345,#3346,#3347));
#525=EDGE_LOOP('',(#3348,#3349,#3350,#3351));
#526=EDGE_LOOP('',(#3352,#3353,#3354,#3355));
#527=EDGE_LOOP('',(#3356,#3357,#3358,#3359));
#528=EDGE_LOOP('',(#3360,#3361,#3362,#3363));
#529=EDGE_LOOP('',(#3364,#3365,#3366,#3367));
#530=EDGE_LOOP('',(#3368,#3369,#3370,#3371));
#531=EDGE_LOOP('',(#3372,#3373,#3374,#3375));
#532=EDGE_LOOP('',(#3376,#3377,#3378,#3379));
#533=EDGE_LOOP('',(#3380,#3381,#3382,#3383));
#534=EDGE_LOOP('',(#3384,#3385,#3386,#3387));
#535=EDGE_LOOP('',(#3388,#3389,#3390,#3391));
#536=EDGE_LOOP('',(#3392,#3393,#3394,#3395));
#537=EDGE_LOOP('',(#3396,#3397,#3398,#3399,#3400,#3401,#3402));
#538=EDGE_LOOP('',(#3403,#3404,#3405,#3406,#3407));
#539=EDGE_LOOP('',(#3408,#3409,#3410,#3411,#3412,#3413,#3414));
#540=EDGE_LOOP('',(#3415,#3416,#3417,#3418));
#541=EDGE_LOOP('',(#3419,#3420,#3421,#3422));
#542=EDGE_LOOP('',(#3423,#3424,#3425,#3426));
#543=EDGE_LOOP('',(#3427,#3428,#3429,#3430));
#544=EDGE_LOOP('',(#3431,#3432,#3433,#3434));
#545=EDGE_LOOP('',(#3435,#3436,#3437,#3438));
#546=EDGE_LOOP('',(#3439,#3440,#3441,#3442));
#547=EDGE_LOOP('',(#3443,#3444,#3445,#3446));
#548=EDGE_LOOP('',(#3447,#3448,#3449,#3450));
#549=EDGE_LOOP('',(#3451,#3452,#3453,#3454));
#550=EDGE_LOOP('',(#3455,#3456,#3457,#3458));
#551=EDGE_LOOP('',(#3459,#3460,#3461,#3462));
#552=EDGE_LOOP('',(#3463,#3464,#3465,#3466));
#553=EDGE_LOOP('',(#3467,#3468,#3469,#3470,#3471,#3472,#3473,#3474,#3475,
#3476,#3477,#3478,#3479,#3480,#3481,#3482,#3483,#3484,#3485,#3486,#3487,
#3488,#3489,#3490,#3491,#3492,#3493,#3494,#3495,#3496,#3497,#3498,#3499,
#3500,#3501,#3502,#3503,#3504,#3505,#3506,#3507,#3508,#3509,#3510,#3511,
#3512,#3513,#3514,#3515,#3516,#3517,#3518,#3519,#3520,#3521,#3522,#3523,
#3524,#3525,#3526,#3527,#3528,#3529));
#554=EDGE_LOOP('',(#3530,#3531,#3532,#3533,#3534,#3535));
#555=EDGE_LOOP('',(#3536,#3537,#3538,#3539,#3540,#3541,#3542,#3543,#3544,
#3545,#3546));
#556=EDGE_LOOP('',(#3547,#3548,#3549,#3550,#3551,#3552));
#557=EDGE_LOOP('',(#3553,#3554,#3555,#3556,#3557,#3558,#3559,#3560,#3561,
#3562,#3563,#3564));
#558=EDGE_LOOP('',(#3565,#3566,#3567,#3568,#3569,#3570,#3571,#3572,#3573,
#3574));
#559=EDGE_LOOP('',(#3575,#3576,#3577,#3578,#3579,#3580));
#560=EDGE_LOOP('',(#3581,#3582,#3583,#3584,#3585,#3586,#3587,#3588,#3589,
#3590,#3591,#3592));
#561=EDGE_LOOP('',(#3593,#3594,#3595,#3596,#3597,#3598,#3599,#3600,#3601,
#3602));
#562=EDGE_LOOP('',(#3603,#3604,#3605,#3606,#3607,#3608,#3609,#3610,#3611,
#3612,#3613,#3614));
#563=EDGE_LOOP('',(#3615,#3616,#3617,#3618,#3619,#3620));
#564=EDGE_LOOP('',(#3621,#3622,#3623,#3624,#3625,#3626));
#565=LINE('',#5572,#922);
#566=LINE('',#5575,#923);
#567=LINE('',#5578,#924);
#568=LINE('',#5580,#925);
#569=LINE('',#5581,#926);
#570=LINE('',#5586,#927);
#571=LINE('',#5588,#928);
#572=LINE('',#5590,#929);
#573=LINE('',#5592,#930);
#574=LINE('',#5594,#931);
#575=LINE('',#5601,#932);
#576=LINE('',#5607,#933);
#577=LINE('',#5610,#934);
#578=LINE('',#5613,#935);
#579=LINE('',#5615,#936);
#580=LINE('',#5616,#937);
#581=LINE('',#5621,#938);
#582=LINE('',#5623,#939);
#583=LINE('',#5625,#940);
#584=LINE('',#5627,#941);
#585=LINE('',#5629,#942);
#586=LINE('',#5636,#943);
#587=LINE('',#5642,#944);
#588=LINE('',#5645,#945);
#589=LINE('',#5648,#946);
#590=LINE('',#5650,#947);
#591=LINE('',#5651,#948);
#592=LINE('',#5656,#949);
#593=LINE('',#5658,#950);
#594=LINE('',#5660,#951);
#595=LINE('',#5662,#952);
#596=LINE('',#5664,#953);
#597=LINE('',#5671,#954);
#598=LINE('',#5675,#955);
#599=LINE('',#5679,#956);
#600=LINE('',#5686,#957);
#601=LINE('',#5690,#958);
#602=LINE('',#5694,#959);
#603=LINE('',#5698,#960);
#604=LINE('',#5704,#961);
#605=LINE('',#5710,#962);
#606=LINE('',#5714,#963);
#607=LINE('',#5718,#964);
#608=LINE('',#5722,#965);
#609=LINE('',#5725,#966);
#610=LINE('',#5727,#967);
#611=LINE('',#5731,#968);
#612=LINE('',#5735,#969);
#613=LINE('',#5739,#970);
#614=LINE('',#5743,#971);
#615=LINE('',#5747,#972);
#616=LINE('',#5751,#973);
#617=LINE('',#5752,#974);
#618=LINE('',#5756,#975);
#619=LINE('',#5760,#976);
#620=LINE('',#5764,#977);
#621=LINE('',#5768,#978);
#622=LINE('',#5772,#979);
#623=LINE('',#5777,#980);
#624=LINE('',#5781,#981);
#625=LINE('',#5785,#982);
#626=LINE('',#5789,#983);
#627=LINE('',#5793,#984);
#628=LINE('',#5796,#985);
#629=LINE('',#5798,#986);
#630=LINE('',#5802,#987);
#631=LINE('',#5806,#988);
#632=LINE('',#5810,#989);
#633=LINE('',#5814,#990);
#634=LINE('',#5818,#991);
#635=LINE('',#5822,#992);
#636=LINE('',#5823,#993);
#637=LINE('',#5827,#994);
#638=LINE('',#5831,#995);
#639=LINE('',#5835,#996);
#640=LINE('',#5839,#997);
#641=LINE('',#5843,#998);
#642=LINE('',#5849,#999);
#643=LINE('',#5853,#1000);
#644=LINE('',#5857,#1001);
#645=LINE('',#5861,#1002);
#646=LINE('',#5866,#1003);
#647=LINE('',#5870,#1004);
#648=LINE('',#5874,#1005);
#649=LINE('',#5878,#1006);
#650=LINE('',#5886,#1007);
#651=LINE('',#5889,#1008);
#652=LINE('',#5893,#1009);
#653=LINE('',#5897,#1010);
#654=LINE('',#5901,#1011);
#655=LINE('',#5905,#1012);
#656=LINE('',#5909,#1013);
#657=LINE('',#5912,#1014);
#658=LINE('',#5915,#1015);
#659=LINE('',#5919,#1016);
#660=LINE('',#5923,#1017);
#661=LINE('',#5931,#1018);
#662=LINE('',#5935,#1019);
#663=LINE('',#5939,#1020);
#664=LINE('',#5943,#1021);
#665=LINE('',#5951,#1022);
#666=LINE('',#5955,#1023);
#667=LINE('',#5959,#1024);
#668=LINE('',#5963,#1025);
#669=LINE('',#5969,#1026);
#670=LINE('',#5973,#1027);
#671=LINE('',#5976,#1028);
#672=LINE('',#5979,#1029);
#673=LINE('',#5983,#1030);
#674=LINE('',#5987,#1031);
#675=LINE('',#5991,#1032);
#676=LINE('',#5995,#1033);
#677=LINE('',#5999,#1034);
#678=LINE('',#6005,#1035);
#679=LINE('',#6009,#1036);
#680=LINE('',#6012,#1037);
#681=LINE('',#6027,#1038);
#682=LINE('',#6030,#1039);
#683=LINE('',#6033,#1040);
#684=LINE('',#6034,#1041);
#685=LINE('',#6037,#1042);
#686=LINE('',#6041,#1043);
#687=LINE('',#6042,#1044);
#688=LINE('',#6045,#1045);
#689=LINE('',#6048,#1046);
#690=LINE('',#6051,#1047);
#691=LINE('',#6052,#1048);
#692=LINE('',#6055,#1049);
#693=LINE('',#6058,#1050);
#694=LINE('',#6061,#1051);
#695=LINE('',#6065,#1052);
#696=LINE('',#6069,#1053);
#697=LINE('',#6071,#1054);
#698=LINE('',#6075,#1055);
#699=LINE('',#6079,#1056);
#700=LINE('',#6080,#1057);
#701=LINE('',#6083,#1058);
#702=LINE('',#6086,#1059);
#703=LINE('',#6089,#1060);
#704=LINE('',#6090,#1061);
#705=LINE('',#6093,#1062);
#706=LINE('',#6096,#1063);
#707=LINE('',#6100,#1064);
#708=LINE('',#6105,#1065);
#709=LINE('',#6108,#1066);
#710=LINE('',#6112,#1067);
#711=LINE('',#6113,#1068);
#712=LINE('',#6116,#1069);
#713=LINE('',#6119,#1070);
#714=LINE('',#6122,#1071);
#715=LINE('',#6123,#1072);
#716=LINE('',#6126,#1073);
#717=LINE('',#6129,#1074);
#718=LINE('',#6132,#1075);
#719=LINE('',#6133,#1076);
#720=LINE('',#6136,#1077);
#721=LINE('',#6139,#1078);
#722=LINE('',#6142,#1079);
#723=LINE('',#6143,#1080);
#724=LINE('',#6146,#1081);
#725=LINE('',#6149,#1082);
#726=LINE('',#6152,#1083);
#727=LINE('',#6153,#1084);
#728=LINE('',#6156,#1085);
#729=LINE('',#6159,#1086);
#730=LINE('',#6162,#1087);
#731=LINE('',#6163,#1088);
#732=LINE('',#6166,#1089);
#733=LINE('',#6169,#1090);
#734=LINE('',#6172,#1091);
#735=LINE('',#6173,#1092);
#736=LINE('',#6176,#1093);
#737=LINE('',#6179,#1094);
#738=LINE('',#6182,#1095);
#739=LINE('',#6183,#1096);
#740=LINE('',#6186,#1097);
#741=LINE('',#6189,#1098);
#742=LINE('',#6192,#1099);
#743=LINE('',#6193,#1100);
#744=LINE('',#6197,#1101);
#745=LINE('',#6213,#1102);
#746=LINE('',#6228,#1103);
#747=LINE('',#6239,#1104);
#748=LINE('',#6244,#1105);
#749=LINE('',#6249,#1106);
#750=LINE('',#6254,#1107);
#751=LINE('',#6259,#1108);
#752=LINE('',#6264,#1109);
#753=LINE('',#6269,#1110);
#754=LINE('',#6274,#1111);
#755=LINE('',#6276,#1112);
#756=LINE('',#6277,#1113);
#757=LINE('',#6282,#1114);
#758=LINE('',#6283,#1115);
#759=LINE('',#6288,#1116);
#760=LINE('',#6291,#1117);
#761=LINE('',#6294,#1118);
#762=LINE('',#6295,#1119);
#763=LINE('',#6299,#1120);
#764=LINE('',#6302,#1121);
#765=LINE('',#6304,#1122);
#766=LINE('',#6305,#1123);
#767=LINE('',#6309,#1124);
#768=LINE('',#6312,#1125);
#769=LINE('',#6313,#1126);
#770=LINE('',#6317,#1127);
#771=LINE('',#6320,#1128);
#772=LINE('',#6321,#1129);
#773=LINE('',#6325,#1130);
#774=LINE('',#6328,#1131);
#775=LINE('',#6329,#1132);
#776=LINE('',#6333,#1133);
#777=LINE('',#6336,#1134);
#778=LINE('',#6337,#1135);
#779=LINE('',#6341,#1136);
#780=LINE('',#6344,#1137);
#781=LINE('',#6345,#1138);
#782=LINE('',#6350,#1139);
#783=LINE('',#6351,#1140);
#784=LINE('',#6356,#1141);
#785=LINE('',#6357,#1142);
#786=LINE('',#6362,#1143);
#787=LINE('',#6365,#1144);
#788=LINE('',#6368,#1145);
#789=LINE('',#6369,#1146);
#790=LINE('',#6373,#1147);
#791=LINE('',#6376,#1148);
#792=LINE('',#6377,#1149);
#793=LINE('',#6381,#1150);
#794=LINE('',#6384,#1151);
#795=LINE('',#6385,#1152);
#796=LINE('',#6389,#1153);
#797=LINE('',#6392,#1154);
#798=LINE('',#6393,#1155);
#799=LINE('',#6397,#1156);
#800=LINE('',#6400,#1157);
#801=LINE('',#6401,#1158);
#802=LINE('',#6405,#1159);
#803=LINE('',#6407,#1160);
#804=LINE('',#6410,#1161);
#805=LINE('',#6413,#1162);
#806=LINE('',#6416,#1163);
#807=LINE('',#6417,#1164);
#808=LINE('',#6421,#1165);
#809=LINE('',#6424,#1166);
#810=LINE('',#6425,#1167);
#811=LINE('',#6430,#1168);
#812=LINE('',#6431,#1169);
#813=LINE('',#6436,#1170);
#814=LINE('',#6439,#1171);
#815=LINE('',#6442,#1172);
#816=LINE('',#6443,#1173);
#817=LINE('',#6447,#1174);
#818=LINE('',#6450,#1175);
#819=LINE('',#6451,#1176);
#820=LINE('',#6455,#1177);
#821=LINE('',#6458,#1178);
#822=LINE('',#6459,#1179);
#823=LINE('',#6463,#1180);
#824=LINE('',#6466,#1181);
#825=LINE('',#6467,#1182);
#826=LINE('',#6471,#1183);
#827=LINE('',#6474,#1184);
#828=LINE('',#6475,#1185);
#829=LINE('',#6479,#1186);
#830=LINE('',#6481,#1187);
#831=LINE('',#6484,#1188);
#832=LINE('',#6485,#1189);
#833=LINE('',#6489,#1190);
#834=LINE('',#6492,#1191);
#835=LINE('',#6493,#1192);
#836=LINE('',#6498,#1193);
#837=LINE('',#6502,#1194);
#838=LINE('',#6503,#1195);
#839=LINE('',#6507,#1196);
#840=LINE('',#6510,#1197);
#841=LINE('',#6514,#1198);
#842=LINE('',#6515,#1199);
#843=LINE('',#6519,#1200);
#844=LINE('',#6521,#1201);
#845=LINE('',#6524,#1202);
#846=LINE('',#6527,#1203);
#847=LINE('',#6530,#1204);
#848=LINE('',#6531,#1205);
#849=LINE('',#6536,#1206);
#850=LINE('',#6537,#1207);
#851=LINE('',#6541,#1208);
#852=LINE('',#6542,#1209);
#853=LINE('',#6545,#1210);
#854=LINE('',#6546,#1211);
#855=LINE('',#6550,#1212);
#856=LINE('',#6551,#1213);
#857=LINE('',#6554,#1214);
#858=LINE('',#6555,#1215);
#859=LINE('',#6559,#1216);
#860=LINE('',#6562,#1217);
#861=LINE('',#6563,#1218);
#862=LINE('',#6567,#1219);
#863=LINE('',#6570,#1220);
#864=LINE('',#6571,#1221);
#865=LINE('',#6575,#1222);
#866=LINE('',#6578,#1223);
#867=LINE('',#6579,#1224);
#868=LINE('',#6585,#1225);
#869=LINE('',#6588,#1226);
#870=LINE('',#6589,#1227);
#871=LINE('',#6593,#1228);
#872=LINE('',#6596,#1229);
#873=LINE('',#6597,#1230);
#874=LINE('',#6601,#1231);
#875=LINE('',#6604,#1232);
#876=LINE('',#6605,#1233);
#877=LINE('',#6610,#1234);
#878=LINE('',#6611,#1235);
#879=LINE('',#6615,#1236);
#880=LINE('',#6618,#1237);
#881=LINE('',#6619,#1238);
#882=LINE('',#6623,#1239);
#883=LINE('',#6626,#1240);
#884=LINE('',#6627,#1241);
#885=LINE('',#6631,#1242);
#886=LINE('',#6634,#1243);
#887=LINE('',#6635,#1244);
#888=LINE('',#6641,#1245);
#889=LINE('',#6644,#1246);
#890=LINE('',#6645,#1247);
#891=LINE('',#6649,#1248);
#892=LINE('',#6652,#1249);
#893=LINE('',#6653,#1250);
#894=LINE('',#6657,#1251);
#895=LINE('',#6660,#1252);
#896=LINE('',#6661,#1253);
#897=LINE('',#6665,#1254);
#898=LINE('',#6668,#1255);
#899=LINE('',#6669,#1256);
#900=LINE('',#6673,#1257);
#901=LINE('',#6674,#1258);
#902=LINE('',#6677,#1259);
#903=LINE('',#6678,#1260);
#904=LINE('',#6682,#1261);
#905=LINE('',#6683,#1262);
#906=LINE('',#6686,#1263);
#907=LINE('',#6687,#1264);
#908=LINE('',#6691,#1265);
#909=LINE('',#6694,#1266);
#910=LINE('',#6695,#1267);
#911=LINE('',#6699,#1268);
#912=LINE('',#6702,#1269);
#913=LINE('',#6703,#1270);
#914=LINE('',#6707,#1271);
#915=LINE('',#6711,#1272);
#916=LINE('',#6715,#1273);
#917=LINE('',#6718,#1274);
#918=LINE('',#6719,#1275);
#919=LINE('',#6725,#1276);
#920=LINE('',#6729,#1277);
#921=LINE('',#6731,#1278);
#922=VECTOR('',#4365,10.);
#923=VECTOR('',#4368,10.);
#924=VECTOR('',#4371,10.);
#925=VECTOR('',#4372,10.);
#926=VECTOR('',#4373,10.);
#927=VECTOR('',#4378,10.);
#928=VECTOR('',#4379,10.);
#929=VECTOR('',#4380,10.);
#930=VECTOR('',#4381,10.);
#931=VECTOR('',#4382,10.);
#932=VECTOR('',#4391,10.);
#933=VECTOR('',#4396,10.);
#934=VECTOR('',#4399,10.);
#935=VECTOR('',#4402,10.);
#936=VECTOR('',#4403,10.);
#937=VECTOR('',#4404,10.);
#938=VECTOR('',#4409,10.);
#939=VECTOR('',#4410,10.);
#940=VECTOR('',#4411,10.);
#941=VECTOR('',#4412,10.);
#942=VECTOR('',#4413,10.);
#943=VECTOR('',#4422,10.);
#944=VECTOR('',#4427,10.);
#945=VECTOR('',#4430,10.);
#946=VECTOR('',#4433,10.);
#947=VECTOR('',#4434,10.);
#948=VECTOR('',#4435,10.);
#949=VECTOR('',#4440,10.);
#950=VECTOR('',#4441,10.);
#951=VECTOR('',#4442,10.);
#952=VECTOR('',#4443,10.);
#953=VECTOR('',#4444,10.);
#954=VECTOR('',#4453,10.);
#955=VECTOR('',#4458,10.);
#956=VECTOR('',#4463,10.);
#957=VECTOR('',#4470,10.);
#958=VECTOR('',#4473,10.);
#959=VECTOR('',#4476,10.);
#960=VECTOR('',#4479,10.);
#961=VECTOR('',#4484,10.);
#962=VECTOR('',#4489,10.);
#963=VECTOR('',#4492,10.);
#964=VECTOR('',#4495,10.);
#965=VECTOR('',#4498,10.);
#966=VECTOR('',#4501,10.);
#967=VECTOR('',#4502,10.);
#968=VECTOR('',#4505,10.);
#969=VECTOR('',#4508,10.);
#970=VECTOR('',#4511,10.);
#971=VECTOR('',#4514,10.);
#972=VECTOR('',#4517,10.);
#973=VECTOR('',#4520,10.);
#974=VECTOR('',#4521,10.);
#975=VECTOR('',#4524,10.);
#976=VECTOR('',#4527,10.);
#977=VECTOR('',#4530,10.);
#978=VECTOR('',#4533,10.);
#979=VECTOR('',#4536,10.);
#980=VECTOR('',#4541,10.);
#981=VECTOR('',#4544,10.);
#982=VECTOR('',#4547,10.);
#983=VECTOR('',#4550,10.);
#984=VECTOR('',#4553,10.);
#985=VECTOR('',#4556,10.);
#986=VECTOR('',#4557,10.);
#987=VECTOR('',#4560,10.);
#988=VECTOR('',#4563,10.);
#989=VECTOR('',#4566,10.);
#990=VECTOR('',#4569,10.);
#991=VECTOR('',#4572,10.);
#992=VECTOR('',#4575,10.);
#993=VECTOR('',#4576,10.);
#994=VECTOR('',#4579,10.);
#995=VECTOR('',#4582,10.);
#996=VECTOR('',#4585,10.);
#997=VECTOR('',#4588,10.);
#998=VECTOR('',#4591,10.);
#999=VECTOR('',#4596,10.);
#1000=VECTOR('',#4599,10.);
#1001=VECTOR('',#4602,10.);
#1002=VECTOR('',#4605,10.);
#1003=VECTOR('',#4610,10.);
#1004=VECTOR('',#4613,10.);
#1005=VECTOR('',#4616,10.);
#1006=VECTOR('',#4619,10.);
#1007=VECTOR('',#4626,10.);
#1008=VECTOR('',#4629,10.);
#1009=VECTOR('',#4632,10.);
#1010=VECTOR('',#4635,10.);
#1011=VECTOR('',#4638,10.);
#1012=VECTOR('',#4641,10.);
#1013=VECTOR('',#4644,10.);
#1014=VECTOR('',#4647,10.);
#1015=VECTOR('',#4648,10.);
#1016=VECTOR('',#4651,10.);
#1017=VECTOR('',#4654,10.);
#1018=VECTOR('',#4661,10.);
#1019=VECTOR('',#4664,10.);
#1020=VECTOR('',#4667,10.);
#1021=VECTOR('',#4670,10.);
#1022=VECTOR('',#4677,10.);
#1023=VECTOR('',#4680,10.);
#1024=VECTOR('',#4683,10.);
#1025=VECTOR('',#4686,10.);
#1026=VECTOR('',#4691,10.);
#1027=VECTOR('',#4694,10.);
#1028=VECTOR('',#4697,10.);
#1029=VECTOR('',#4698,10.);
#1030=VECTOR('',#4701,10.);
#1031=VECTOR('',#4704,10.);
#1032=VECTOR('',#4707,10.);
#1033=VECTOR('',#4710,10.);
#1034=VECTOR('',#4713,10.);
#1035=VECTOR('',#4718,10.);
#1036=VECTOR('',#4721,10.);
#1037=VECTOR('',#4724,10.);
#1038=VECTOR('',#4747,10.);
#1039=VECTOR('',#4750,10.);
#1040=VECTOR('',#4753,10.);
#1041=VECTOR('',#4754,10.);
#1042=VECTOR('',#4757,10.);
#1043=VECTOR('',#4762,10.);
#1044=VECTOR('',#4763,10.);
#1045=VECTOR('',#4766,10.);
#1046=VECTOR('',#4769,10.);
#1047=VECTOR('',#4772,10.);
#1048=VECTOR('',#4773,10.);
#1049=VECTOR('',#4776,10.);
#1050=VECTOR('',#4779,10.);
#1051=VECTOR('',#4782,10.);
#1052=VECTOR('',#4785,3.5);
#1053=VECTOR('',#4790,10.);
#1054=VECTOR('',#4791,10.);
#1055=VECTOR('',#4796,10.);
#1056=VECTOR('',#4801,10.);
#1057=VECTOR('',#4802,10.);
#1058=VECTOR('',#4805,10.);
#1059=VECTOR('',#4808,10.);
#1060=VECTOR('',#4811,10.);
#1061=VECTOR('',#4812,10.);
#1062=VECTOR('',#4815,10.);
#1063=VECTOR('',#4818,10.);
#1064=VECTOR('',#4823,3.5);
#1065=VECTOR('',#4830,10.);
#1066=VECTOR('',#4833,10.);
#1067=VECTOR('',#4838,10.);
#1068=VECTOR('',#4839,10.);
#1069=VECTOR('',#4842,10.);
#1070=VECTOR('',#4845,10.);
#1071=VECTOR('',#4848,10.);
#1072=VECTOR('',#4849,10.);
#1073=VECTOR('',#4852,10.);
#1074=VECTOR('',#4855,10.);
#1075=VECTOR('',#4858,10.);
#1076=VECTOR('',#4859,10.);
#1077=VECTOR('',#4862,10.);
#1078=VECTOR('',#4865,10.);
#1079=VECTOR('',#4868,10.);
#1080=VECTOR('',#4869,10.);
#1081=VECTOR('',#4872,10.);
#1082=VECTOR('',#4875,10.);
#1083=VECTOR('',#4878,10.);
#1084=VECTOR('',#4879,10.);
#1085=VECTOR('',#4882,10.);
#1086=VECTOR('',#4885,10.);
#1087=VECTOR('',#4888,10.);
#1088=VECTOR('',#4889,10.);
#1089=VECTOR('',#4892,10.);
#1090=VECTOR('',#4895,10.);
#1091=VECTOR('',#4898,10.);
#1092=VECTOR('',#4899,10.);
#1093=VECTOR('',#4902,10.);
#1094=VECTOR('',#4905,10.);
#1095=VECTOR('',#4908,10.);
#1096=VECTOR('',#4909,10.);
#1097=VECTOR('',#4912,10.);
#1098=VECTOR('',#4915,10.);
#1099=VECTOR('',#4918,10.);
#1100=VECTOR('',#4919,10.);
#1101=VECTOR('',#4924,1.125);
#1102=VECTOR('',#4945,1.12500000000001);
#1103=VECTOR('',#4964,3.50000000000001);
#1104=VECTOR('',#4977,1.125);
#1105=VECTOR('',#4984,1.125);
#1106=VECTOR('',#4991,1.125);
#1107=VECTOR('',#4998,1.12500000000001);
#1108=VECTOR('',#5005,1.125);
#1109=VECTOR('',#5012,1.125);
#1110=VECTOR('',#5019,1.12500000000001);
#1111=VECTOR('',#5026,10.);
#1112=VECTOR('',#5027,10.);
#1113=VECTOR('',#5028,10.);
#1114=VECTOR('',#5035,10.);
#1115=VECTOR('',#5036,10.);
#1116=VECTOR('',#5043,10.);
#1117=VECTOR('',#5046,10.);
#1118=VECTOR('',#5049,10.);
#1119=VECTOR('',#5050,10.);
#1120=VECTOR('',#5057,10.);
#1121=VECTOR('',#5060,10.);
#1122=VECTOR('',#5061,10.);
#1123=VECTOR('',#5062,10.);
#1124=VECTOR('',#5067,10.);
#1125=VECTOR('',#5070,10.);
#1126=VECTOR('',#5071,10.);
#1127=VECTOR('',#5076,10.);
#1128=VECTOR('',#5079,10.);
#1129=VECTOR('',#5080,10.);
#1130=VECTOR('',#5085,10.);
#1131=VECTOR('',#5088,10.);
#1132=VECTOR('',#5089,10.);
#1133=VECTOR('',#5094,10.);
#1134=VECTOR('',#5097,10.);
#1135=VECTOR('',#5098,10.);
#1136=VECTOR('',#5103,10.);
#1137=VECTOR('',#5106,10.);
#1138=VECTOR('',#5107,10.);
#1139=VECTOR('',#5114,10.);
#1140=VECTOR('',#5115,10.);
#1141=VECTOR('',#5122,10.);
#1142=VECTOR('',#5123,10.);
#1143=VECTOR('',#5130,10.);
#1144=VECTOR('',#5133,10.);
#1145=VECTOR('',#5136,10.);
#1146=VECTOR('',#5137,10.);
#1147=VECTOR('',#5142,10.);
#1148=VECTOR('',#5145,10.);
#1149=VECTOR('',#5146,10.);
#1150=VECTOR('',#5151,10.);
#1151=VECTOR('',#5154,10.);
#1152=VECTOR('',#5155,10.);
#1153=VECTOR('',#5160,10.);
#1154=VECTOR('',#5163,10.);
#1155=VECTOR('',#5164,10.);
#1156=VECTOR('',#5169,10.);
#1157=VECTOR('',#5172,10.);
#1158=VECTOR('',#5173,10.);
#1159=VECTOR('',#5178,10.);
#1160=VECTOR('',#5181,10.);
#1161=VECTOR('',#5184,10.);
#1162=VECTOR('',#5187,10.);
#1163=VECTOR('',#5190,10.);
#1164=VECTOR('',#5191,10.);
#1165=VECTOR('',#5198,10.);
#1166=VECTOR('',#5201,10.);
#1167=VECTOR('',#5202,10.);
#1168=VECTOR('',#5209,10.);
#1169=VECTOR('',#5210,10.);
#1170=VECTOR('',#5217,10.);
#1171=VECTOR('',#5220,10.);
#1172=VECTOR('',#5223,10.);
#1173=VECTOR('',#5224,10.);
#1174=VECTOR('',#5229,10.);
#1175=VECTOR('',#5232,10.);
#1176=VECTOR('',#5233,10.);
#1177=VECTOR('',#5238,10.);
#1178=VECTOR('',#5241,10.);
#1179=VECTOR('',#5242,10.);
#1180=VECTOR('',#5247,10.);
#1181=VECTOR('',#5250,10.);
#1182=VECTOR('',#5251,10.);
#1183=VECTOR('',#5256,10.);
#1184=VECTOR('',#5259,10.);
#1185=VECTOR('',#5260,10.);
#1186=VECTOR('',#5265,10.);
#1187=VECTOR('',#5268,10.);
#1188=VECTOR('',#5271,10.);
#1189=VECTOR('',#5272,10.);
#1190=VECTOR('',#5277,10.);
#1191=VECTOR('',#5280,10.);
#1192=VECTOR('',#5281,10.);
#1193=VECTOR('',#5288,10.);
#1194=VECTOR('',#5293,10.);
#1195=VECTOR('',#5294,10.);
#1196=VECTOR('',#5301,10.);
#1197=VECTOR('',#5304,10.);
#1198=VECTOR('',#5309,10.);
#1199=VECTOR('',#5310,10.);
#1200=VECTOR('',#5315,10.);
#1201=VECTOR('',#5318,10.);
#1202=VECTOR('',#5321,10.);
#1203=VECTOR('',#5324,10.);
#1204=VECTOR('',#5327,10.);
#1205=VECTOR('',#5328,10.);
#1206=VECTOR('',#5335,10.);
#1207=VECTOR('',#5336,10.);
#1208=VECTOR('',#5341,10.);
#1209=VECTOR('',#5342,3.5);
#1210=VECTOR('',#5345,10.);
#1211=VECTOR('',#5346,10.);
#1212=VECTOR('',#5351,10.);
#1213=VECTOR('',#5352,3.5);
#1214=VECTOR('',#5355,10.);
#1215=VECTOR('',#5356,10.);
#1216=VECTOR('',#5361,10.);
#1217=VECTOR('',#5364,10.);
#1218=VECTOR('',#5365,10.);
#1219=VECTOR('',#5370,10.);
#1220=VECTOR('',#5373,10.);
#1221=VECTOR('',#5374,10.);
#1222=VECTOR('',#5379,10.);
#1223=VECTOR('',#5382,10.);
#1224=VECTOR('',#5383,10.);
#1225=VECTOR('',#5392,10.);
#1226=VECTOR('',#5395,10.);
#1227=VECTOR('',#5396,10.);
#1228=VECTOR('',#5401,10.);
#1229=VECTOR('',#5404,10.);
#1230=VECTOR('',#5405,10.);
#1231=VECTOR('',#5410,10.);
#1232=VECTOR('',#5413,10.);
#1233=VECTOR('',#5414,10.);
#1234=VECTOR('',#5421,10.);
#1235=VECTOR('',#5422,10.);
#1236=VECTOR('',#5427,10.);
#1237=VECTOR('',#5430,10.);
#1238=VECTOR('',#5431,10.);
#1239=VECTOR('',#5436,10.);
#1240=VECTOR('',#5439,10.);
#1241=VECTOR('',#5440,10.);
#1242=VECTOR('',#5445,10.);
#1243=VECTOR('',#5448,10.);
#1244=VECTOR('',#5449,10.);
#1245=VECTOR('',#5458,10.);
#1246=VECTOR('',#5461,10.);
#1247=VECTOR('',#5462,10.);
#1248=VECTOR('',#5467,10.);
#1249=VECTOR('',#5470,10.);
#1250=VECTOR('',#5471,10.);
#1251=VECTOR('',#5476,10.);
#1252=VECTOR('',#5479,10.);
#1253=VECTOR('',#5480,10.);
#1254=VECTOR('',#5485,10.);
#1255=VECTOR('',#5488,10.);
#1256=VECTOR('',#5489,10.);
#1257=VECTOR('',#5494,10.);
#1258=VECTOR('',#5495,3.5);
#1259=VECTOR('',#5498,10.);
#1260=VECTOR('',#5499,10.);
#1261=VECTOR('',#5504,10.);
#1262=VECTOR('',#5505,3.5);
#1263=VECTOR('',#5508,10.);
#1264=VECTOR('',#5509,10.);
#1265=VECTOR('',#5514,10.);
#1266=VECTOR('',#5517,10.);
#1267=VECTOR('',#5518,10.);
#1268=VECTOR('',#5523,10.);
#1269=VECTOR('',#5526,10.);
#1270=VECTOR('',#5527,10.);
#1271=VECTOR('',#5532,10.);
#1272=VECTOR('',#5537,10.);
#1273=VECTOR('',#5542,10.);
#1274=VECTOR('',#5545,10.);
#1275=VECTOR('',#5546,10.);
#1276=VECTOR('',#5555,10.);
#1277=VECTOR('',#5560,10.);
#1278=VECTOR('',#5563,10.);
#1279=CIRCLE('',#3936,1.5);
#1280=CIRCLE('',#3937,1.5);
#1281=CIRCLE('',#3940,1.);
#1282=CIRCLE('',#3941,1.);
#1283=CIRCLE('',#3942,1.5);
#1284=CIRCLE('',#3944,1.5);
#1285=CIRCLE('',#3946,1.5);
#1286=CIRCLE('',#3947,1.5);
#1287=CIRCLE('',#3950,1.);
#1288=CIRCLE('',#3951,1.);
#1289=CIRCLE('',#3952,1.5);
#1290=CIRCLE('',#3954,1.5);
#1291=CIRCLE('',#3956,1.5);
#1292=CIRCLE('',#3957,1.5);
#1293=CIRCLE('',#3960,1.);
#1294=CIRCLE('',#3961,1.);
#1295=CIRCLE('',#3962,1.5);
#1296=CIRCLE('',#3964,1.5);
#1297=CIRCLE('',#3966,1.);
#1298=CIRCLE('',#3968,1.);
#1299=CIRCLE('',#3970,3.5);
#1300=CIRCLE('',#3971,1.94999999999999);
#1301=CIRCLE('',#3972,0.650000000000004);
#1302=CIRCLE('',#3973,1.00000000000127);
#1303=CIRCLE('',#3974,2.5);
#1304=CIRCLE('',#3975,3.5);
#1305=CIRCLE('',#3976,3.5);
#1306=CIRCLE('',#3977,3.5);
#1307=CIRCLE('',#3978,3.5);
#1308=CIRCLE('',#3979,1.00000000000126);
#1309=CIRCLE('',#3980,0.649999999999995);
#1310=CIRCLE('',#3981,1.94999999999999);
#1311=CIRCLE('',#3982,3.5);
#1312=CIRCLE('',#3983,0.699999999999967);
#1313=CIRCLE('',#3984,1.9);
#1314=CIRCLE('',#3985,0.649999999999995);
#1315=CIRCLE('',#3986,0.650000000000004);
#1316=CIRCLE('',#3987,1.9);
#1317=CIRCLE('',#3988,0.699999999999976);
#1318=CIRCLE('',#3989,3.5);
#1319=CIRCLE('',#3990,1.94999999999999);
#1320=CIRCLE('',#3991,0.650000000000004);
#1321=CIRCLE('',#3992,1.00000000000127);
#1322=CIRCLE('',#3993,2.5);
#1323=CIRCLE('',#3994,3.50000000000001);
#1324=CIRCLE('',#3995,3.50000000000001);
#1325=CIRCLE('',#3996,2.5);
#1326=CIRCLE('',#3997,1.00000000000127);
#1327=CIRCLE('',#3998,0.649999999999999);
#1328=CIRCLE('',#3999,1.94999999999999);
#1329=CIRCLE('',#4000,3.5);
#1330=CIRCLE('',#4001,0.699999999999976);
#1331=CIRCLE('',#4002,1.9);
#1332=CIRCLE('',#4003,0.649999999999999);
#1333=CIRCLE('',#4004,0.649999999999999);
#1334=CIRCLE('',#4005,1.9);
#1335=CIRCLE('',#4006,0.699999999999974);
#1336=CIRCLE('',#4007,3.5);
#1337=CIRCLE('',#4008,1.94999999999999);
#1338=CIRCLE('',#4009,0.649999999999999);
#1339=CIRCLE('',#4010,1.00000000000127);
#1340=CIRCLE('',#4011,3.5);
#1341=CIRCLE('',#4012,3.5);
#1342=CIRCLE('',#4013,1.);
#1343=CIRCLE('',#4014,0.98736331050541);
#1344=CIRCLE('',#4015,1.);
#1345=CIRCLE('',#4016,0.987363310505384);
#1346=CIRCLE('',#4017,1.);
#1347=CIRCLE('',#4018,3.5);
#1348=CIRCLE('',#4019,3.5);
#1349=CIRCLE('',#4020,1.00000000000127);
#1350=CIRCLE('',#4021,0.649999999999999);
#1351=CIRCLE('',#4022,1.94999999999999);
#1352=CIRCLE('',#4023,3.5);
#1353=CIRCLE('',#4024,1.94999999999999);
#1354=CIRCLE('',#4025,3.5);
#1355=CIRCLE('',#4026,0.699999999999974);
#1356=CIRCLE('',#4027,1.9);
#1357=CIRCLE('',#4028,0.650000000000001);
#1358=CIRCLE('',#4029,0.650000000000004);
#1359=CIRCLE('',#4030,1.9);
#1360=CIRCLE('',#4031,0.699999999999976);
#1361=CIRCLE('',#4032,2.66841171133819);
#1362=CIRCLE('',#4033,1.);
#1363=CIRCLE('',#4034,2.66841171133819);
#1364=CIRCLE('',#4035,3.5);
#1365=CIRCLE('',#4036,1.);
#1366=CIRCLE('',#4037,0.987363310505236);
#1367=CIRCLE('',#4038,1.);
#1368=CIRCLE('',#4039,0.987363310505405);
#1369=CIRCLE('',#4040,1.);
#1370=CIRCLE('',#4041,3.5);
#1371=CIRCLE('',#4042,1.);
#1372=CIRCLE('',#4043,0.330777880350865);
#1373=CIRCLE('',#4044,1.);
#1374=CIRCLE('',#4045,0.256643161661927);
#1375=CIRCLE('',#4046,1.);
#1376=CIRCLE('',#4047,2.66841171133819);
#1377=CIRCLE('',#4048,1.);
#1378=CIRCLE('',#4049,2.66841171133819);
#1379=CIRCLE('',#4050,3.26977502022675);
#1380=CIRCLE('',#4051,3.26977502022675);
#1381=CIRCLE('',#4052,1.);
#1382=CIRCLE('',#4053,3.26977502022675);
#1383=CIRCLE('',#4054,3.26977502022675);
#1384=CIRCLE('',#4055,1.);
#1385=CIRCLE('',#4056,0.256643161661962);
#1386=CIRCLE('',#4057,0.256643161661785);
#1387=CIRCLE('',#4058,1.);
#1388=CIRCLE('',#4059,1.12500000000001);
#1389=CIRCLE('',#4060,1.125);
#1390=CIRCLE('',#4062,1.);
#1391=CIRCLE('',#4064,1.);
#1392=CIRCLE('',#4066,1.);
#1393=CIRCLE('',#4068,1.);
#1394=CIRCLE('',#4070,2.5);
#1395=CIRCLE('',#4073,2.5);
#1396=CIRCLE('',#4076,2.5);
#1397=CIRCLE('',#4079,1.);
#1398=CIRCLE('',#4081,3.5);
#1399=CIRCLE('',#4082,3.5);
#1400=CIRCLE('',#4083,3.5);
#1401=CIRCLE('',#4084,3.5);
#1402=CIRCLE('',#4086,1.);
#1403=CIRCLE('',#4089,1.);
#1404=CIRCLE('',#4092,1.);
#1405=CIRCLE('',#4094,3.5);
#1406=CIRCLE('',#4095,3.5);
#1407=CIRCLE('',#4097,1.);
#1408=CIRCLE('',#4099,1.);
#1409=CIRCLE('',#4102,1.);
#1410=CIRCLE('',#4105,1.);
#1411=CIRCLE('',#4108,1.);
#1412=CIRCLE('',#4111,1.);
#1413=CIRCLE('',#4114,1.);
#1414=CIRCLE('',#4117,1.);
#1415=CIRCLE('',#4120,1.);
#1416=CIRCLE('',#4123,1.);
#1417=CIRCLE('',#4126,1.125);
#1418=CIRCLE('',#4129,1.125);
#1419=CIRCLE('',#4131,3.5);
#1420=CIRCLE('',#4132,1.12500000000001);
#1421=CIRCLE('',#4134,1.125);
#1422=CIRCLE('',#4136,1.12500000000001);
#1423=CIRCLE('',#4139,3.5);
#1424=CIRCLE('',#4140,1.125);
#1425=CIRCLE('',#4142,3.5);
#1426=CIRCLE('',#4143,1.125);
#1427=CIRCLE('',#4145,3.50000000000001);
#1428=CIRCLE('',#4147,1.125);
#1429=CIRCLE('',#4149,3.5);
#1430=CIRCLE('',#4150,1.12500000000001);
#1431=CIRCLE('',#4152,1.125);
#1432=CIRCLE('',#4155,1.125);
#1433=CIRCLE('',#4158,1.125);
#1434=CIRCLE('',#4161,1.12500000000001);
#1435=CIRCLE('',#4164,1.125);
#1436=CIRCLE('',#4167,1.125);
#1437=CIRCLE('',#4170,1.12500000000001);
#1438=CIRCLE('',#4174,0.256643161661785);
#1439=CIRCLE('',#4177,0.256643161661962);
#1440=CIRCLE('',#4179,3.26977502022675);
#1441=CIRCLE('',#4182,3.26977502022675);
#1442=CIRCLE('',#4186,0.650000000000004);
#1443=CIRCLE('',#4189,1.9);
#1444=CIRCLE('',#4192,0.699999999999976);
#1445=CIRCLE('',#4195,0.699999999999967);
#1446=CIRCLE('',#4198,1.9);
#1447=CIRCLE('',#4201,0.649999999999995);
#1448=CIRCLE('',#4204,0.987363310505384);
#1449=CIRCLE('',#4207,0.98736331050541);
#1450=CIRCLE('',#4209,0.699999999999974);
#1451=CIRCLE('',#4212,1.9);
#1452=CIRCLE('',#4215,0.650000000000001);
#1453=CIRCLE('',#4218,0.650000000000004);
#1454=CIRCLE('',#4221,1.9);
#1455=CIRCLE('',#4224,0.699999999999976);
#1456=CIRCLE('',#4227,3.26977502022675);
#1457=CIRCLE('',#4230,3.26977502022675);
#1458=CIRCLE('',#4234,0.256643161661927);
#1459=CIRCLE('',#4237,0.330777880350865);
#1460=CIRCLE('',#4239,0.699999999999976);
#1461=CIRCLE('',#4242,1.9);
#1462=CIRCLE('',#4245,0.649999999999999);
#1463=CIRCLE('',#4248,0.649999999999999);
#1464=CIRCLE('',#4251,1.9);
#1465=CIRCLE('',#4254,0.699999999999974);
#1466=CIRCLE('',#4258,2.66841171133819);
#1467=CIRCLE('',#4261,2.66841171133819);
#1468=CIRCLE('',#4263,0.987363310505236);
#1469=CIRCLE('',#4266,0.987363310505405);
#1470=CIRCLE('',#4269,2.66841171133819);
#1471=CIRCLE('',#4272,2.66841171133819);
#1472=CIRCLE('',#4275,0.650000000000004);
#1473=CIRCLE('',#4278,1.00000000000127);
#1474=CIRCLE('',#4281,3.5);
#1475=CIRCLE('',#4284,3.5);
#1476=CIRCLE('',#4287,1.00000000000126);
#1477=CIRCLE('',#4290,0.649999999999995);
#1478=CIRCLE('',#4293,1.94999999999999);
#1479=CIRCLE('',#4296,3.5);
#1480=CIRCLE('',#4298,3.5);
#1481=CIRCLE('',#4301,1.94999999999999);
#1482=CIRCLE('',#4304,0.650000000000004);
#1483=CIRCLE('',#4307,1.00000000000127);
#1484=CIRCLE('',#4310,1.00000000000127);
#1485=CIRCLE('',#4313,0.649999999999999);
#1486=CIRCLE('',#4316,1.94999999999999);
#1487=CIRCLE('',#4319,3.5);
#1488=CIRCLE('',#4321,3.5);
#1489=CIRCLE('',#4324,1.94999999999999);
#1490=CIRCLE('',#4327,0.649999999999999);
#1491=CIRCLE('',#4330,1.00000000000127);
#1492=CIRCLE('',#4333,3.5);
#1493=CIRCLE('',#4336,3.5);
#1494=CIRCLE('',#4339,1.00000000000127);
#1495=CIRCLE('',#4342,0.649999999999999);
#1496=CIRCLE('',#4345,1.94999999999999);
#1497=CIRCLE('',#4347,3.5);
#1498=CIRCLE('',#4349,1.94999999999999);
#1499=CIRCLE('',#4352,3.5);
#1500=CIRCLE('',#4354,3.5);
#1501=CIRCLE('',#4356,1.94999999999999);
#1502=VERTEX_POINT('',#5568);
#1503=VERTEX_POINT('',#5569);
#1504=VERTEX_POINT('',#5571);
#1505=VERTEX_POINT('',#5573);
#1506=VERTEX_POINT('',#5577);
#1507=VERTEX_POINT('',#5579);
#1508=VERTEX_POINT('',#5583);
#1509=VERTEX_POINT('',#5585);
#1510=VERTEX_POINT('',#5587);
#1511=VERTEX_POINT('',#5589);
#1512=VERTEX_POINT('',#5591);
#1513=VERTEX_POINT('',#5593);
#1514=VERTEX_POINT('',#5595);
#1515=VERTEX_POINT('',#5599);
#1516=VERTEX_POINT('',#5603);
#1517=VERTEX_POINT('',#5604);
#1518=VERTEX_POINT('',#5606);
#1519=VERTEX_POINT('',#5608);
#1520=VERTEX_POINT('',#5612);
#1521=VERTEX_POINT('',#5614);
#1522=VERTEX_POINT('',#5618);
#1523=VERTEX_POINT('',#5620);
#1524=VERTEX_POINT('',#5622);
#1525=VERTEX_POINT('',#5624);
#1526=VERTEX_POINT('',#5626);
#1527=VERTEX_POINT('',#5628);
#1528=VERTEX_POINT('',#5630);
#1529=VERTEX_POINT('',#5634);
#1530=VERTEX_POINT('',#5638);
#1531=VERTEX_POINT('',#5639);
#1532=VERTEX_POINT('',#5641);
#1533=VERTEX_POINT('',#5643);
#1534=VERTEX_POINT('',#5647);
#1535=VERTEX_POINT('',#5649);
#1536=VERTEX_POINT('',#5653);
#1537=VERTEX_POINT('',#5655);
#1538=VERTEX_POINT('',#5657);
#1539=VERTEX_POINT('',#5659);
#1540=VERTEX_POINT('',#5661);
#1541=VERTEX_POINT('',#5663);
#1542=VERTEX_POINT('',#5665);
#1543=VERTEX_POINT('',#5669);
#1544=VERTEX_POINT('',#5673);
#1545=VERTEX_POINT('',#5677);
#1546=VERTEX_POINT('',#5681);
#1547=VERTEX_POINT('',#5683);
#1548=VERTEX_POINT('',#5685);
#1549=VERTEX_POINT('',#5687);
#1550=VERTEX_POINT('',#5689);
#1551=VERTEX_POINT('',#5691);
#1552=VERTEX_POINT('',#5693);
#1553=VERTEX_POINT('',#5695);
#1554=VERTEX_POINT('',#5697);
#1555=VERTEX_POINT('',#5699);
#1556=VERTEX_POINT('',#5701);
#1557=VERTEX_POINT('',#5703);
#1558=VERTEX_POINT('',#5705);
#1559=VERTEX_POINT('',#5707);
#1560=VERTEX_POINT('',#5709);
#1561=VERTEX_POINT('',#5711);
#1562=VERTEX_POINT('',#5713);
#1563=VERTEX_POINT('',#5715);
#1564=VERTEX_POINT('',#5717);
#1565=VERTEX_POINT('',#5719);
#1566=VERTEX_POINT('',#5721);
#1567=VERTEX_POINT('',#5724);
#1568=VERTEX_POINT('',#5726);
#1569=VERTEX_POINT('',#5728);
#1570=VERTEX_POINT('',#5730);
#1571=VERTEX_POINT('',#5732);
#1572=VERTEX_POINT('',#5734);
#1573=VERTEX_POINT('',#5736);
#1574=VERTEX_POINT('',#5738);
#1575=VERTEX_POINT('',#5740);
#1576=VERTEX_POINT('',#5742);
#1577=VERTEX_POINT('',#5744);
#1578=VERTEX_POINT('',#5746);
#1579=VERTEX_POINT('',#5748);
#1580=VERTEX_POINT('',#5750);
#1581=VERTEX_POINT('',#5753);
#1582=VERTEX_POINT('',#5755);
#1583=VERTEX_POINT('',#5757);
#1584=VERTEX_POINT('',#5759);
#1585=VERTEX_POINT('',#5761);
#1586=VERTEX_POINT('',#5763);
#1587=VERTEX_POINT('',#5765);
#1588=VERTEX_POINT('',#5767);
#1589=VERTEX_POINT('',#5769);
#1590=VERTEX_POINT('',#5771);
#1591=VERTEX_POINT('',#5773);
#1592=VERTEX_POINT('',#5776);
#1593=VERTEX_POINT('',#5778);
#1594=VERTEX_POINT('',#5780);
#1595=VERTEX_POINT('',#5782);
#1596=VERTEX_POINT('',#5784);
#1597=VERTEX_POINT('',#5786);
#1598=VERTEX_POINT('',#5788);
#1599=VERTEX_POINT('',#5790);
#1600=VERTEX_POINT('',#5792);
#1601=VERTEX_POINT('',#5795);
#1602=VERTEX_POINT('',#5797);
#1603=VERTEX_POINT('',#5799);
#1604=VERTEX_POINT('',#5801);
#1605=VERTEX_POINT('',#5803);
#1606=VERTEX_POINT('',#5805);
#1607=VERTEX_POINT('',#5807);
#1608=VERTEX_POINT('',#5809);
#1609=VERTEX_POINT('',#5811);
#1610=VERTEX_POINT('',#5813);
#1611=VERTEX_POINT('',#5815);
#1612=VERTEX_POINT('',#5817);
#1613=VERTEX_POINT('',#5819);
#1614=VERTEX_POINT('',#5821);
#1615=VERTEX_POINT('',#5824);
#1616=VERTEX_POINT('',#5826);
#1617=VERTEX_POINT('',#5828);
#1618=VERTEX_POINT('',#5830);
#1619=VERTEX_POINT('',#5832);
#1620=VERTEX_POINT('',#5834);
#1621=VERTEX_POINT('',#5836);
#1622=VERTEX_POINT('',#5838);
#1623=VERTEX_POINT('',#5840);
#1624=VERTEX_POINT('',#5842);
#1625=VERTEX_POINT('',#5844);
#1626=VERTEX_POINT('',#5846);
#1627=VERTEX_POINT('',#5848);
#1628=VERTEX_POINT('',#5850);
#1629=VERTEX_POINT('',#5852);
#1630=VERTEX_POINT('',#5854);
#1631=VERTEX_POINT('',#5856);
#1632=VERTEX_POINT('',#5858);
#1633=VERTEX_POINT('',#5860);
#1634=VERTEX_POINT('',#5862);
#1635=VERTEX_POINT('',#5865);
#1636=VERTEX_POINT('',#5867);
#1637=VERTEX_POINT('',#5869);
#1638=VERTEX_POINT('',#5871);
#1639=VERTEX_POINT('',#5873);
#1640=VERTEX_POINT('',#5875);
#1641=VERTEX_POINT('',#5877);
#1642=VERTEX_POINT('',#5879);
#1643=VERTEX_POINT('',#5881);
#1644=VERTEX_POINT('',#5883);
#1645=VERTEX_POINT('',#5885);
#1646=VERTEX_POINT('',#5888);
#1647=VERTEX_POINT('',#5890);
#1648=VERTEX_POINT('',#5892);
#1649=VERTEX_POINT('',#5894);
#1650=VERTEX_POINT('',#5896);
#1651=VERTEX_POINT('',#5898);
#1652=VERTEX_POINT('',#5900);
#1653=VERTEX_POINT('',#5902);
#1654=VERTEX_POINT('',#5904);
#1655=VERTEX_POINT('',#5906);
#1656=VERTEX_POINT('',#5908);
#1657=VERTEX_POINT('',#5910);
#1658=VERTEX_POINT('',#5913);
#1659=VERTEX_POINT('',#5914);
#1660=VERTEX_POINT('',#5916);
#1661=VERTEX_POINT('',#5918);
#1662=VERTEX_POINT('',#5920);
#1663=VERTEX_POINT('',#5922);
#1664=VERTEX_POINT('',#5925);
#1665=VERTEX_POINT('',#5926);
#1666=VERTEX_POINT('',#5928);
#1667=VERTEX_POINT('',#5930);
#1668=VERTEX_POINT('',#5932);
#1669=VERTEX_POINT('',#5934);
#1670=VERTEX_POINT('',#5936);
#1671=VERTEX_POINT('',#5938);
#1672=VERTEX_POINT('',#5940);
#1673=VERTEX_POINT('',#5942);
#1674=VERTEX_POINT('',#5944);
#1675=VERTEX_POINT('',#5946);
#1676=VERTEX_POINT('',#5948);
#1677=VERTEX_POINT('',#5950);
#1678=VERTEX_POINT('',#5952);
#1679=VERTEX_POINT('',#5954);
#1680=VERTEX_POINT('',#5956);
#1681=VERTEX_POINT('',#5958);
#1682=VERTEX_POINT('',#5960);
#1683=VERTEX_POINT('',#5962);
#1684=VERTEX_POINT('',#5965);
#1685=VERTEX_POINT('',#5966);
#1686=VERTEX_POINT('',#5968);
#1687=VERTEX_POINT('',#5970);
#1688=VERTEX_POINT('',#5972);
#1689=VERTEX_POINT('',#5974);
#1690=VERTEX_POINT('',#5977);
#1691=VERTEX_POINT('',#5978);
#1692=VERTEX_POINT('',#5980);
#1693=VERTEX_POINT('',#5982);
#1694=VERTEX_POINT('',#5984);
#1695=VERTEX_POINT('',#5986);
#1696=VERTEX_POINT('',#5989);
#1697=VERTEX_POINT('',#5990);
#1698=VERTEX_POINT('',#5992);
#1699=VERTEX_POINT('',#5994);
#1700=VERTEX_POINT('',#5996);
#1701=VERTEX_POINT('',#5998);
#1702=VERTEX_POINT('',#6001);
#1703=VERTEX_POINT('',#6002);
#1704=VERTEX_POINT('',#6004);
#1705=VERTEX_POINT('',#6006);
#1706=VERTEX_POINT('',#6008);
#1707=VERTEX_POINT('',#6010);
#1708=VERTEX_POINT('',#6013);
#1709=VERTEX_POINT('',#6015);
#1710=VERTEX_POINT('',#6026);
#1711=VERTEX_POINT('',#6028);
#1712=VERTEX_POINT('',#6032);
#1713=VERTEX_POINT('',#6036);
#1714=VERTEX_POINT('',#6040);
#1715=VERTEX_POINT('',#6044);
#1716=VERTEX_POINT('',#6046);
#1717=VERTEX_POINT('',#6050);
#1718=VERTEX_POINT('',#6054);
#1719=VERTEX_POINT('',#6056);
#1720=VERTEX_POINT('',#6060);
#1721=VERTEX_POINT('',#6062);
#1722=VERTEX_POINT('',#6064);
#1723=VERTEX_POINT('',#6067);
#1724=VERTEX_POINT('',#6070);
#1725=VERTEX_POINT('',#6074);
#1726=VERTEX_POINT('',#6078);
#1727=VERTEX_POINT('',#6082);
#1728=VERTEX_POINT('',#6084);
#1729=VERTEX_POINT('',#6088);
#1730=VERTEX_POINT('',#6092);
#1731=VERTEX_POINT('',#6094);
#1732=VERTEX_POINT('',#6099);
#1733=VERTEX_POINT('',#6103);
#1734=VERTEX_POINT('',#6107);
#1735=VERTEX_POINT('',#6111);
#1736=VERTEX_POINT('',#6115);
#1737=VERTEX_POINT('',#6117);
#1738=VERTEX_POINT('',#6121);
#1739=VERTEX_POINT('',#6125);
#1740=VERTEX_POINT('',#6127);
#1741=VERTEX_POINT('',#6131);
#1742=VERTEX_POINT('',#6135);
#1743=VERTEX_POINT('',#6137);
#1744=VERTEX_POINT('',#6141);
#1745=VERTEX_POINT('',#6145);
#1746=VERTEX_POINT('',#6147);
#1747=VERTEX_POINT('',#6151);
#1748=VERTEX_POINT('',#6155);
#1749=VERTEX_POINT('',#6157);
#1750=VERTEX_POINT('',#6161);
#1751=VERTEX_POINT('',#6165);
#1752=VERTEX_POINT('',#6167);
#1753=VERTEX_POINT('',#6171);
#1754=VERTEX_POINT('',#6175);
#1755=VERTEX_POINT('',#6177);
#1756=VERTEX_POINT('',#6181);
#1757=VERTEX_POINT('',#6185);
#1758=VERTEX_POINT('',#6187);
#1759=VERTEX_POINT('',#6191);
#1760=VERTEX_POINT('',#6195);
#1761=VERTEX_POINT('',#6200);
#1762=VERTEX_POINT('',#6203);
#1763=VERTEX_POINT('',#6205);
#1764=VERTEX_POINT('',#6208);
#1765=VERTEX_POINT('',#6211);
#1766=VERTEX_POINT('',#6216);
#1767=VERTEX_POINT('',#6218);
#1768=VERTEX_POINT('',#6221);
#1769=VERTEX_POINT('',#6223);
#1770=VERTEX_POINT('',#6226);
#1771=VERTEX_POINT('',#6230);
#1772=VERTEX_POINT('',#6233);
#1773=VERTEX_POINT('',#6235);
#1774=VERTEX_POINT('',#6238);
#1775=VERTEX_POINT('',#6243);
#1776=VERTEX_POINT('',#6248);
#1777=VERTEX_POINT('',#6253);
#1778=VERTEX_POINT('',#6258);
#1779=VERTEX_POINT('',#6263);
#1780=VERTEX_POINT('',#6268);
#1781=VERTEX_POINT('',#6273);
#1782=VERTEX_POINT('',#6275);
#1783=VERTEX_POINT('',#6281);
#1784=VERTEX_POINT('',#6287);
#1785=VERTEX_POINT('',#6289);
#1786=VERTEX_POINT('',#6293);
#1787=VERTEX_POINT('',#6301);
#1788=VERTEX_POINT('',#6303);
#1789=VERTEX_POINT('',#6307);
#1790=VERTEX_POINT('',#6311);
#1791=VERTEX_POINT('',#6315);
#1792=VERTEX_POINT('',#6319);
#1793=VERTEX_POINT('',#6323);
#1794=VERTEX_POINT('',#6327);
#1795=VERTEX_POINT('',#6331);
#1796=VERTEX_POINT('',#6335);
#1797=VERTEX_POINT('',#6339);
#1798=VERTEX_POINT('',#6343);
#1799=VERTEX_POINT('',#6349);
#1800=VERTEX_POINT('',#6355);
#1801=VERTEX_POINT('',#6361);
#1802=VERTEX_POINT('',#6363);
#1803=VERTEX_POINT('',#6367);
#1804=VERTEX_POINT('',#6371);
#1805=VERTEX_POINT('',#6375);
#1806=VERTEX_POINT('',#6379);
#1807=VERTEX_POINT('',#6383);
#1808=VERTEX_POINT('',#6387);
#1809=VERTEX_POINT('',#6391);
#1810=VERTEX_POINT('',#6395);
#1811=VERTEX_POINT('',#6399);
#1812=VERTEX_POINT('',#6403);
#1813=VERTEX_POINT('',#6409);
#1814=VERTEX_POINT('',#6411);
#1815=VERTEX_POINT('',#6415);
#1816=VERTEX_POINT('',#6423);
#1817=VERTEX_POINT('',#6429);
#1818=VERTEX_POINT('',#6435);
#1819=VERTEX_POINT('',#6437);
#1820=VERTEX_POINT('',#6441);
#1821=VERTEX_POINT('',#6445);
#1822=VERTEX_POINT('',#6449);
#1823=VERTEX_POINT('',#6453);
#1824=VERTEX_POINT('',#6457);
#1825=VERTEX_POINT('',#6461);
#1826=VERTEX_POINT('',#6465);
#1827=VERTEX_POINT('',#6469);
#1828=VERTEX_POINT('',#6473);
#1829=VERTEX_POINT('',#6477);
#1830=VERTEX_POINT('',#6483);
#1831=VERTEX_POINT('',#6487);
#1832=VERTEX_POINT('',#6491);
#1833=VERTEX_POINT('',#6497);
#1834=VERTEX_POINT('',#6501);
#1835=VERTEX_POINT('',#6509);
#1836=VERTEX_POINT('',#6513);
#1837=VERTEX_POINT('',#6517);
#1838=VERTEX_POINT('',#6523);
#1839=VERTEX_POINT('',#6525);
#1840=VERTEX_POINT('',#6529);
#1841=VERTEX_POINT('',#6535);
#1842=VERTEX_POINT('',#6539);
#1843=VERTEX_POINT('',#6544);
#1844=VERTEX_POINT('',#6548);
#1845=VERTEX_POINT('',#6553);
#1846=VERTEX_POINT('',#6557);
#1847=VERTEX_POINT('',#6561);
#1848=VERTEX_POINT('',#6565);
#1849=VERTEX_POINT('',#6569);
#1850=VERTEX_POINT('',#6573);
#1851=VERTEX_POINT('',#6577);
#1852=VERTEX_POINT('',#6583);
#1853=VERTEX_POINT('',#6587);
#1854=VERTEX_POINT('',#6591);
#1855=VERTEX_POINT('',#6595);
#1856=VERTEX_POINT('',#6599);
#1857=VERTEX_POINT('',#6603);
#1858=VERTEX_POINT('',#6609);
#1859=VERTEX_POINT('',#6613);
#1860=VERTEX_POINT('',#6617);
#1861=VERTEX_POINT('',#6621);
#1862=VERTEX_POINT('',#6625);
#1863=VERTEX_POINT('',#6629);
#1864=VERTEX_POINT('',#6633);
#1865=VERTEX_POINT('',#6639);
#1866=VERTEX_POINT('',#6643);
#1867=VERTEX_POINT('',#6647);
#1868=VERTEX_POINT('',#6651);
#1869=VERTEX_POINT('',#6655);
#1870=VERTEX_POINT('',#6659);
#1871=VERTEX_POINT('',#6663);
#1872=VERTEX_POINT('',#6667);
#1873=VERTEX_POINT('',#6671);
#1874=VERTEX_POINT('',#6676);
#1875=VERTEX_POINT('',#6680);
#1876=VERTEX_POINT('',#6685);
#1877=VERTEX_POINT('',#6689);
#1878=VERTEX_POINT('',#6693);
#1879=VERTEX_POINT('',#6697);
#1880=VERTEX_POINT('',#6701);
#1881=VERTEX_POINT('',#6705);
#1882=VERTEX_POINT('',#6709);
#1883=VERTEX_POINT('',#6713);
#1884=VERTEX_POINT('',#6717);
#1885=VERTEX_POINT('',#6723);
#1886=VERTEX_POINT('',#6727);
#1887=EDGE_CURVE('',#1502,#1503,#1279,.T.);
#1888=EDGE_CURVE('',#1503,#1504,#565,.T.);
#1889=EDGE_CURVE('',#1504,#1505,#1280,.T.);
#1890=EDGE_CURVE('',#1502,#1505,#566,.T.);
#1891=EDGE_CURVE('',#1503,#1506,#567,.T.);
#1892=EDGE_CURVE('',#1507,#1506,#568,.T.);
#1893=EDGE_CURVE('',#1507,#1504,#569,.T.);
#1894=EDGE_CURVE('',#1508,#1502,#1281,.T.);
#1895=EDGE_CURVE('',#1508,#1509,#570,.T.);
#1896=EDGE_CURVE('',#1509,#1510,#571,.T.);
#1897=EDGE_CURVE('',#1511,#1510,#572,.T.);
#1898=EDGE_CURVE('',#1512,#1511,#573,.T.);
#1899=EDGE_CURVE('',#1512,#1513,#574,.T.);
#1900=EDGE_CURVE('',#1514,#1513,#1282,.T.);
#1901=EDGE_CURVE('',#1506,#1514,#1283,.T.);
#1902=EDGE_CURVE('',#1515,#1507,#1284,.T.);
#1903=EDGE_CURVE('',#1515,#1514,#575,.T.);
#1904=EDGE_CURVE('',#1516,#1517,#1285,.T.);
#1905=EDGE_CURVE('',#1517,#1518,#576,.T.);
#1906=EDGE_CURVE('',#1518,#1519,#1286,.T.);
#1907=EDGE_CURVE('',#1516,#1519,#577,.T.);
#1908=EDGE_CURVE('',#1517,#1520,#578,.T.);
#1909=EDGE_CURVE('',#1521,#1520,#579,.T.);
#1910=EDGE_CURVE('',#1521,#1518,#580,.T.);
#1911=EDGE_CURVE('',#1522,#1516,#1287,.T.);
#1912=EDGE_CURVE('',#1523,#1522,#581,.T.);
#1913=EDGE_CURVE('',#1523,#1524,#582,.T.);
#1914=EDGE_CURVE('',#1525,#1524,#583,.T.);
#1915=EDGE_CURVE('',#1526,#1525,#584,.T.);
#1916=EDGE_CURVE('',#1527,#1526,#585,.T.);
#1917=EDGE_CURVE('',#1528,#1527,#1288,.T.);
#1918=EDGE_CURVE('',#1520,#1528,#1289,.T.);
#1919=EDGE_CURVE('',#1529,#1521,#1290,.T.);
#1920=EDGE_CURVE('',#1529,#1528,#586,.T.);
#1921=EDGE_CURVE('',#1530,#1531,#1291,.T.);
#1922=EDGE_CURVE('',#1531,#1532,#587,.T.);
#1923=EDGE_CURVE('',#1532,#1533,#1292,.T.);
#1924=EDGE_CURVE('',#1530,#1533,#588,.T.);
#1925=EDGE_CURVE('',#1531,#1534,#589,.T.);
#1926=EDGE_CURVE('',#1535,#1534,#590,.T.);
#1927=EDGE_CURVE('',#1535,#1532,#591,.T.);
#1928=EDGE_CURVE('',#1536,#1530,#1293,.T.);
#1929=EDGE_CURVE('',#1537,#1536,#592,.T.);
#1930=EDGE_CURVE('',#1537,#1538,#593,.T.);
#1931=EDGE_CURVE('',#1539,#1538,#594,.T.);
#1932=EDGE_CURVE('',#1540,#1539,#595,.T.);
#1933=EDGE_CURVE('',#1541,#1540,#596,.T.);
#1934=EDGE_CURVE('',#1542,#1541,#1294,.T.);
#1935=EDGE_CURVE('',#1534,#1542,#1295,.T.);
#1936=EDGE_CURVE('',#1543,#1535,#1296,.T.);
#1937=EDGE_CURVE('',#1543,#1542,#597,.T.);
#1938=EDGE_CURVE('',#1544,#1515,#1297,.T.);
#1939=EDGE_CURVE('',#1513,#1544,#598,.T.);
#1940=EDGE_CURVE('',#1505,#1545,#1298,.T.);
#1941=EDGE_CURVE('',#1545,#1508,#599,.T.);
#1942=EDGE_CURVE('',#1546,#1512,#1299,.T.);
#1943=EDGE_CURVE('',#1547,#1546,#1300,.T.);
#1944=EDGE_CURVE('',#1548,#1547,#600,.T.);
#1945=EDGE_CURVE('',#1548,#1549,#1301,.T.);
#1946=EDGE_CURVE('',#1550,#1549,#601,.T.);
#1947=EDGE_CURVE('',#1551,#1550,#1302,.T.);
#1948=EDGE_CURVE('',#1552,#1551,#602,.T.);
#1949=EDGE_CURVE('',#1553,#1552,#1303,.T.);
#1950=EDGE_CURVE('',#1554,#1553,#603,.T.);
#1951=EDGE_CURVE('',#1554,#1555,#1304,.T.);
#1952=EDGE_CURVE('',#1555,#1556,#1305,.T.);
#1953=EDGE_CURVE('',#1556,#1557,#604,.T.);
#1954=EDGE_CURVE('',#1557,#1558,#1306,.T.);
#1955=EDGE_CURVE('',#1558,#1559,#1307,.T.);
#1956=EDGE_CURVE('',#1559,#1560,#605,.T.);
#1957=EDGE_CURVE('',#1561,#1560,#1308,.T.);
#1958=EDGE_CURVE('',#1561,#1562,#606,.T.);
#1959=EDGE_CURVE('',#1562,#1563,#1309,.T.);
#1960=EDGE_CURVE('',#1563,#1564,#607,.T.);
#1961=EDGE_CURVE('',#1565,#1564,#1310,.T.);
#1962=EDGE_CURVE('',#1565,#1566,#608,.T.);
#1963=EDGE_CURVE('',#1523,#1566,#1311,.T.);
#1964=EDGE_CURVE('',#1567,#1522,#609,.T.);
#1965=EDGE_CURVE('',#1568,#1567,#610,.T.);
#1966=EDGE_CURVE('',#1569,#1568,#1312,.T.);
#1967=EDGE_CURVE('',#1570,#1569,#611,.T.);
#1968=EDGE_CURVE('',#1571,#1570,#1313,.T.);
#1969=EDGE_CURVE('',#1572,#1571,#612,.T.);
#1970=EDGE_CURVE('',#1573,#1572,#1314,.T.);
#1971=EDGE_CURVE('',#1574,#1573,#613,.T.);
#1972=EDGE_CURVE('',#1575,#1574,#1315,.T.);
#1973=EDGE_CURVE('',#1576,#1575,#614,.T.);
#1974=EDGE_CURVE('',#1577,#1576,#1316,.T.);
#1975=EDGE_CURVE('',#1578,#1577,#615,.T.);
#1976=EDGE_CURVE('',#1579,#1578,#1317,.T.);
#1977=EDGE_CURVE('',#1580,#1579,#616,.T.);
#1978=EDGE_CURVE('',#1527,#1580,#617,.T.);
#1979=EDGE_CURVE('',#1581,#1526,#1318,.T.);
#1980=EDGE_CURVE('',#1582,#1581,#618,.T.);
#1981=EDGE_CURVE('',#1583,#1582,#1319,.T.);
#1982=EDGE_CURVE('',#1584,#1583,#619,.T.);
#1983=EDGE_CURVE('',#1584,#1585,#1320,.T.);
#1984=EDGE_CURVE('',#1586,#1585,#620,.T.);
#1985=EDGE_CURVE('',#1587,#1586,#1321,.T.);
#1986=EDGE_CURVE('',#1588,#1587,#621,.T.);
#1987=EDGE_CURVE('',#1589,#1588,#1322,.T.);
#1988=EDGE_CURVE('',#1589,#1590,#622,.T.);
#1989=EDGE_CURVE('',#1590,#1591,#1323,.T.);
#1990=EDGE_CURVE('',#1591,#1590,#1324,.T.);
#1991=EDGE_CURVE('',#1590,#1592,#623,.T.);
#1992=EDGE_CURVE('',#1593,#1592,#1325,.T.);
#1993=EDGE_CURVE('',#1593,#1594,#624,.T.);
#1994=EDGE_CURVE('',#1595,#1594,#1326,.T.);
#1995=EDGE_CURVE('',#1595,#1596,#625,.T.);
#1996=EDGE_CURVE('',#1596,#1597,#1327,.T.);
#1997=EDGE_CURVE('',#1597,#1598,#626,.T.);
#1998=EDGE_CURVE('',#1599,#1598,#1328,.T.);
#1999=EDGE_CURVE('',#1599,#1600,#627,.T.);
#2000=EDGE_CURVE('',#1537,#1600,#1329,.T.);
#2001=EDGE_CURVE('',#1601,#1536,#628,.T.);
#2002=EDGE_CURVE('',#1602,#1601,#629,.T.);
#2003=EDGE_CURVE('',#1603,#1602,#1330,.T.);
#2004=EDGE_CURVE('',#1604,#1603,#630,.T.);
#2005=EDGE_CURVE('',#1605,#1604,#1331,.T.);
#2006=EDGE_CURVE('',#1606,#1605,#631,.T.);
#2007=EDGE_CURVE('',#1607,#1606,#1332,.T.);
#2008=EDGE_CURVE('',#1608,#1607,#632,.T.);
#2009=EDGE_CURVE('',#1609,#1608,#1333,.T.);
#2010=EDGE_CURVE('',#1610,#1609,#633,.T.);
#2011=EDGE_CURVE('',#1611,#1610,#1334,.T.);
#2012=EDGE_CURVE('',#1612,#1611,#634,.T.);
#2013=EDGE_CURVE('',#1613,#1612,#1335,.T.);
#2014=EDGE_CURVE('',#1614,#1613,#635,.T.);
#2015=EDGE_CURVE('',#1541,#1614,#636,.T.);
#2016=EDGE_CURVE('',#1615,#1540,#1336,.T.);
#2017=EDGE_CURVE('',#1616,#1615,#637,.T.);
#2018=EDGE_CURVE('',#1617,#1616,#1337,.T.);
#2019=EDGE_CURVE('',#1618,#1617,#638,.T.);
#2020=EDGE_CURVE('',#1618,#1619,#1338,.T.);
#2021=EDGE_CURVE('',#1620,#1619,#639,.T.);
#2022=EDGE_CURVE('',#1621,#1620,#1339,.T.);
#2023=EDGE_CURVE('',#1622,#1621,#640,.T.);
#2024=EDGE_CURVE('',#1622,#1623,#1340,.T.);
#2025=EDGE_CURVE('',#1624,#1623,#641,.T.);
#2026=EDGE_CURVE('',#1624,#1625,#1341,.T.);
#2027=EDGE_CURVE('',#1626,#1625,#1342,.T.);
#2028=EDGE_CURVE('',#1627,#1626,#642,.T.);
#2029=EDGE_CURVE('',#1628,#1627,#1343,.T.);
#2030=EDGE_CURVE('',#1629,#1628,#643,.T.);
#2031=EDGE_CURVE('',#1630,#1629,#1344,.T.);
#2032=EDGE_CURVE('',#1631,#1630,#644,.T.);
#2033=EDGE_CURVE('',#1632,#1631,#1345,.T.);
#2034=EDGE_CURVE('',#1633,#1632,#645,.T.);
#2035=EDGE_CURVE('',#1634,#1633,#1346,.T.);
#2036=EDGE_CURVE('',#1634,#1624,#1347,.T.);
#2037=EDGE_CURVE('',#1635,#1624,#646,.T.);
#2038=EDGE_CURVE('',#1635,#1636,#1348,.T.);
#2039=EDGE_CURVE('',#1636,#1637,#647,.T.);
#2040=EDGE_CURVE('',#1638,#1637,#1349,.T.);
#2041=EDGE_CURVE('',#1638,#1639,#648,.T.);
#2042=EDGE_CURVE('',#1639,#1640,#1350,.T.);
#2043=EDGE_CURVE('',#1640,#1641,#649,.T.);
#2044=EDGE_CURVE('',#1642,#1641,#1351,.T.);
#2045=EDGE_CURVE('',#1643,#1642,#1352,.T.);
#2046=EDGE_CURVE('',#1643,#1644,#1353,.T.);
#2047=EDGE_CURVE('',#1644,#1645,#650,.T.);
#2048=EDGE_CURVE('',#1509,#1645,#1354,.T.);
#2049=EDGE_CURVE('',#1646,#1545,#651,.T.);
#2050=EDGE_CURVE('',#1647,#1646,#1355,.T.);
#2051=EDGE_CURVE('',#1648,#1647,#652,.T.);
#2052=EDGE_CURVE('',#1649,#1648,#1356,.T.);
#2053=EDGE_CURVE('',#1650,#1649,#653,.T.);
#2054=EDGE_CURVE('',#1651,#1650,#1357,.T.);
#2055=EDGE_CURVE('',#1652,#1651,#654,.T.);
#2056=EDGE_CURVE('',#1653,#1652,#1358,.T.);
#2057=EDGE_CURVE('',#1654,#1653,#655,.T.);
#2058=EDGE_CURVE('',#1655,#1654,#1359,.T.);
#2059=EDGE_CURVE('',#1656,#1655,#656,.T.);
#2060=EDGE_CURVE('',#1657,#1656,#1360,.T.);
#2061=EDGE_CURVE('',#1544,#1657,#657,.T.);
#2062=EDGE_CURVE('',#1658,#1659,#658,.T.);
#2063=EDGE_CURVE('',#1660,#1658,#1361,.T.);
#2064=EDGE_CURVE('',#1661,#1660,#659,.T.);
#2065=EDGE_CURVE('',#1662,#1661,#1362,.T.);
#2066=EDGE_CURVE('',#1663,#1662,#660,.T.);
#2067=EDGE_CURVE('',#1659,#1663,#1363,.T.);
#2068=EDGE_CURVE('',#1664,#1665,#1364,.T.);
#2069=EDGE_CURVE('',#1666,#1665,#1365,.T.);
#2070=EDGE_CURVE('',#1667,#1666,#661,.T.);
#2071=EDGE_CURVE('',#1668,#1667,#1366,.T.);
#2072=EDGE_CURVE('',#1669,#1668,#662,.T.);
#2073=EDGE_CURVE('',#1670,#1669,#1367,.T.);
#2074=EDGE_CURVE('',#1671,#1670,#663,.T.);
#2075=EDGE_CURVE('',#1672,#1671,#1368,.T.);
#2076=EDGE_CURVE('',#1673,#1672,#664,.T.);
#2077=EDGE_CURVE('',#1674,#1673,#1369,.T.);
#2078=EDGE_CURVE('',#1674,#1675,#1370,.T.);
#2079=EDGE_CURVE('',#1676,#1675,#1371,.T.);
#2080=EDGE_CURVE('',#1677,#1676,#665,.T.);
#2081=EDGE_CURVE('',#1678,#1677,#1372,.T.);
#2082=EDGE_CURVE('',#1679,#1678,#666,.T.);
#2083=EDGE_CURVE('',#1680,#1679,#1373,.T.);
#2084=EDGE_CURVE('',#1681,#1680,#667,.T.);
#2085=EDGE_CURVE('',#1682,#1681,#1374,.T.);
#2086=EDGE_CURVE('',#1683,#1682,#668,.T.);
#2087=EDGE_CURVE('',#1664,#1683,#1375,.T.);
#2088=EDGE_CURVE('',#1684,#1685,#1376,.T.);
#2089=EDGE_CURVE('',#1686,#1684,#669,.T.);
#2090=EDGE_CURVE('',#1687,#1686,#1377,.T.);
#2091=EDGE_CURVE('',#1688,#1687,#670,.T.);
#2092=EDGE_CURVE('',#1689,#1688,#1378,.T.);
#2093=EDGE_CURVE('',#1685,#1689,#671,.T.);
#2094=EDGE_CURVE('',#1690,#1691,#672,.T.);
#2095=EDGE_CURVE('',#1692,#1690,#1379,.T.);
#2096=EDGE_CURVE('',#1693,#1692,#673,.T.);
#2097=EDGE_CURVE('',#1694,#1693,#1380,.T.);
#2098=EDGE_CURVE('',#1695,#1694,#674,.T.);
#2099=EDGE_CURVE('',#1691,#1695,#1381,.T.);
#2100=EDGE_CURVE('',#1696,#1697,#675,.T.);
#2101=EDGE_CURVE('',#1698,#1696,#1382,.T.);
#2102=EDGE_CURVE('',#1699,#1698,#676,.T.);
#2103=EDGE_CURVE('',#1700,#1699,#1383,.T.);
#2104=EDGE_CURVE('',#1701,#1700,#677,.T.);
#2105=EDGE_CURVE('',#1697,#1701,#1384,.T.);
#2106=EDGE_CURVE('',#1702,#1703,#1385,.T.);
#2107=EDGE_CURVE('',#1704,#1702,#678,.T.);
#2108=EDGE_CURVE('',#1705,#1704,#1386,.T.);
#2109=EDGE_CURVE('',#1706,#1705,#679,.T.);
#2110=EDGE_CURVE('',#1707,#1706,#1387,.T.);
#2111=EDGE_CURVE('',#1703,#1707,#680,.T.);
#2112=EDGE_CURVE('',#1708,#1708,#1388,.T.);
#2113=EDGE_CURVE('',#1709,#1709,#1389,.T.);
#2114=EDGE_CURVE('',#1614,#1543,#1390,.T.);
#2115=EDGE_CURVE('',#1533,#1601,#1391,.T.);
#2116=EDGE_CURVE('',#1519,#1567,#1392,.T.);
#2117=EDGE_CURVE('',#1580,#1529,#1393,.T.);
#2118=EDGE_CURVE('',#1592,#1710,#681,.T.);
#2119=EDGE_CURVE('',#1710,#1711,#1394,.T.);
#2120=EDGE_CURVE('',#1711,#1593,#682,.T.);
#2121=EDGE_CURVE('',#1712,#1589,#683,.T.);
#2122=EDGE_CURVE('',#1710,#1712,#684,.T.);
#2123=EDGE_CURVE('',#1588,#1713,#685,.T.);
#2124=EDGE_CURVE('',#1713,#1712,#1395,.T.);
#2125=EDGE_CURVE('',#1587,#1714,#686,.T.);
#2126=EDGE_CURVE('',#1713,#1714,#687,.T.);
#2127=EDGE_CURVE('',#1552,#1715,#688,.T.);
#2128=EDGE_CURVE('',#1715,#1716,#1396,.T.);
#2129=EDGE_CURVE('',#1716,#1553,#689,.T.);
#2130=EDGE_CURVE('',#1551,#1717,#690,.T.);
#2131=EDGE_CURVE('',#1715,#1717,#691,.T.);
#2132=EDGE_CURVE('',#1675,#1718,#692,.T.);
#2133=EDGE_CURVE('',#1718,#1719,#1397,.T.);
#2134=EDGE_CURVE('',#1719,#1676,#693,.T.);
#2135=EDGE_CURVE('',#1720,#1674,#694,.T.);
#2136=EDGE_CURVE('',#1721,#1720,#1398,.T.);
#2137=EDGE_CURVE('',#1721,#1722,#695,.T.);
#2138=EDGE_CURVE('',#1722,#1722,#1399,.T.);
#2139=EDGE_CURVE('',#1723,#1721,#1400,.T.);
#2140=EDGE_CURVE('',#1665,#1723,#696,.T.);
#2141=EDGE_CURVE('',#1724,#1664,#697,.T.);
#2142=EDGE_CURVE('',#1718,#1724,#1401,.T.);
#2143=EDGE_CURVE('',#1683,#1725,#698,.T.);
#2144=EDGE_CURVE('',#1725,#1724,#1402,.T.);
#2145=EDGE_CURVE('',#1682,#1726,#699,.T.);
#2146=EDGE_CURVE('',#1725,#1726,#700,.T.);
#2147=EDGE_CURVE('',#1633,#1727,#701,.T.);
#2148=EDGE_CURVE('',#1727,#1728,#1403,.T.);
#2149=EDGE_CURVE('',#1728,#1634,#702,.T.);
#2150=EDGE_CURVE('',#1632,#1729,#703,.T.);
#2151=EDGE_CURVE('',#1727,#1729,#704,.T.);
#2152=EDGE_CURVE('',#1625,#1730,#705,.T.);
#2153=EDGE_CURVE('',#1730,#1731,#1404,.T.);
#2154=EDGE_CURVE('',#1731,#1626,#706,.T.);
#2155=EDGE_CURVE('',#1730,#1728,#1405,.T.);
#2156=EDGE_CURVE('',#1624,#1732,#707,.T.);
#2157=EDGE_CURVE('',#1732,#1732,#1406,.T.);
#2158=EDGE_CURVE('',#1723,#1733,#1407,.T.);
#2159=EDGE_CURVE('',#1733,#1666,#708,.T.);
#2160=EDGE_CURVE('',#1673,#1734,#709,.T.);
#2161=EDGE_CURVE('',#1734,#1720,#1408,.T.);
#2162=EDGE_CURVE('',#1672,#1735,#710,.T.);
#2163=EDGE_CURVE('',#1734,#1735,#711,.T.);
#2164=EDGE_CURVE('',#1686,#1736,#712,.T.);
#2165=EDGE_CURVE('',#1736,#1737,#1409,.T.);
#2166=EDGE_CURVE('',#1737,#1687,#713,.T.);
#2167=EDGE_CURVE('',#1684,#1738,#714,.T.);
#2168=EDGE_CURVE('',#1736,#1738,#715,.T.);
#2169=EDGE_CURVE('',#1661,#1739,#716,.T.);
#2170=EDGE_CURVE('',#1739,#1740,#1410,.T.);
#2171=EDGE_CURVE('',#1740,#1662,#717,.T.);
#2172=EDGE_CURVE('',#1660,#1741,#718,.T.);
#2173=EDGE_CURVE('',#1739,#1741,#719,.T.);
#2174=EDGE_CURVE('',#1629,#1742,#720,.T.);
#2175=EDGE_CURVE('',#1742,#1743,#1411,.T.);
#2176=EDGE_CURVE('',#1743,#1630,#721,.T.);
#2177=EDGE_CURVE('',#1628,#1744,#722,.T.);
#2178=EDGE_CURVE('',#1742,#1744,#723,.T.);
#2179=EDGE_CURVE('',#1669,#1745,#724,.T.);
#2180=EDGE_CURVE('',#1745,#1746,#1412,.T.);
#2181=EDGE_CURVE('',#1746,#1670,#725,.T.);
#2182=EDGE_CURVE('',#1668,#1747,#726,.T.);
#2183=EDGE_CURVE('',#1745,#1747,#727,.T.);
#2184=EDGE_CURVE('',#1679,#1748,#728,.T.);
#2185=EDGE_CURVE('',#1748,#1749,#1413,.T.);
#2186=EDGE_CURVE('',#1749,#1680,#729,.T.);
#2187=EDGE_CURVE('',#1678,#1750,#730,.T.);
#2188=EDGE_CURVE('',#1748,#1750,#731,.T.);
#2189=EDGE_CURVE('',#1695,#1751,#732,.T.);
#2190=EDGE_CURVE('',#1751,#1752,#1414,.T.);
#2191=EDGE_CURVE('',#1752,#1691,#733,.T.);
#2192=EDGE_CURVE('',#1694,#1753,#734,.T.);
#2193=EDGE_CURVE('',#1751,#1753,#735,.T.);
#2194=EDGE_CURVE('',#1706,#1754,#736,.T.);
#2195=EDGE_CURVE('',#1754,#1755,#1415,.T.);
#2196=EDGE_CURVE('',#1755,#1707,#737,.T.);
#2197=EDGE_CURVE('',#1705,#1756,#738,.T.);
#2198=EDGE_CURVE('',#1754,#1756,#739,.T.);
#2199=EDGE_CURVE('',#1701,#1757,#740,.T.);
#2200=EDGE_CURVE('',#1757,#1758,#1416,.T.);
#2201=EDGE_CURVE('',#1758,#1697,#741,.T.);
#2202=EDGE_CURVE('',#1700,#1759,#742,.T.);
#2203=EDGE_CURVE('',#1757,#1759,#743,.T.);
#2204=EDGE_CURVE('',#1760,#1760,#1417,.T.);
#2205=EDGE_CURVE('',#1760,#1709,#744,.T.);
#2206=EDGE_CURVE('',#1761,#1761,#1418,.T.);
#2207=EDGE_CURVE('',#1762,#1762,#1419,.T.);
#2208=EDGE_CURVE('',#1763,#1763,#1420,.T.);
#2209=EDGE_CURVE('',#1764,#1764,#1421,.T.);
#2210=EDGE_CURVE('',#1765,#1765,#1422,.T.);
#2211=EDGE_CURVE('',#1765,#1708,#745,.T.);
#2212=EDGE_CURVE('',#1766,#1766,#1423,.T.);
#2213=EDGE_CURVE('',#1767,#1767,#1424,.T.);
#2214=EDGE_CURVE('',#1768,#1768,#1425,.T.);
#2215=EDGE_CURVE('',#1769,#1769,#1426,.T.);
#2216=EDGE_CURVE('',#1770,#1770,#1427,.T.);
#2217=EDGE_CURVE('',#1770,#1591,#746,.T.);
#2218=EDGE_CURVE('',#1771,#1771,#1428,.T.);
#2219=EDGE_CURVE('',#1772,#1772,#1429,.T.);
#2220=EDGE_CURVE('',#1773,#1773,#1430,.T.);
#2221=EDGE_CURVE('',#1767,#1774,#747,.T.);
#2222=EDGE_CURVE('',#1774,#1774,#1431,.T.);
#2223=EDGE_CURVE('',#1771,#1775,#748,.T.);
#2224=EDGE_CURVE('',#1775,#1775,#1432,.T.);
#2225=EDGE_CURVE('',#1769,#1776,#749,.T.);
#2226=EDGE_CURVE('',#1776,#1776,#1433,.T.);
#2227=EDGE_CURVE('',#1773,#1777,#750,.T.);
#2228=EDGE_CURVE('',#1777,#1777,#1434,.T.);
#2229=EDGE_CURVE('',#1764,#1778,#751,.T.);
#2230=EDGE_CURVE('',#1778,#1778,#1435,.T.);
#2231=EDGE_CURVE('',#1761,#1779,#752,.T.);
#2232=EDGE_CURVE('',#1779,#1779,#1436,.T.);
#2233=EDGE_CURVE('',#1763,#1780,#753,.T.);
#2234=EDGE_CURVE('',#1780,#1780,#1437,.T.);
#2235=EDGE_CURVE('',#1702,#1781,#754,.T.);
#2236=EDGE_CURVE('',#1782,#1781,#755,.T.);
#2237=EDGE_CURVE('',#1704,#1782,#756,.T.);
#2238=EDGE_CURVE('',#1756,#1782,#1438,.T.);
#2239=EDGE_CURVE('',#1783,#1755,#757,.T.);
#2240=EDGE_CURVE('',#1703,#1783,#758,.T.);
#2241=EDGE_CURVE('',#1781,#1783,#1439,.T.);
#2242=EDGE_CURVE('',#1696,#1784,#759,.T.);
#2243=EDGE_CURVE('',#1785,#1784,#1440,.T.);
#2244=EDGE_CURVE('',#1698,#1785,#760,.T.);
#2245=EDGE_CURVE('',#1786,#1785,#761,.T.);
#2246=EDGE_CURVE('',#1699,#1786,#762,.T.);
#2247=EDGE_CURVE('',#1759,#1786,#1441,.T.);
#2248=EDGE_CURVE('',#1784,#1758,#763,.T.);
#2249=EDGE_CURVE('',#1573,#1787,#764,.T.);
#2250=EDGE_CURVE('',#1788,#1787,#765,.T.);
#2251=EDGE_CURVE('',#1574,#1788,#766,.T.);
#2252=EDGE_CURVE('',#1789,#1788,#1442,.T.);
#2253=EDGE_CURVE('',#1575,#1789,#767,.T.);
#2254=EDGE_CURVE('',#1790,#1789,#768,.T.);
#2255=EDGE_CURVE('',#1576,#1790,#769,.T.);
#2256=EDGE_CURVE('',#1791,#1790,#1443,.T.);
#2257=EDGE_CURVE('',#1577,#1791,#770,.T.);
#2258=EDGE_CURVE('',#1792,#1791,#771,.T.);
#2259=EDGE_CURVE('',#1578,#1792,#772,.T.);
#2260=EDGE_CURVE('',#1793,#1792,#1444,.T.);
#2261=EDGE_CURVE('',#1579,#1793,#773,.T.);
#2262=EDGE_CURVE('',#1794,#1793,#774,.T.);
#2263=EDGE_CURVE('',#1568,#1794,#775,.T.);
#2264=EDGE_CURVE('',#1795,#1794,#1445,.T.);
#2265=EDGE_CURVE('',#1569,#1795,#776,.T.);
#2266=EDGE_CURVE('',#1796,#1795,#777,.T.);
#2267=EDGE_CURVE('',#1570,#1796,#778,.T.);
#2268=EDGE_CURVE('',#1797,#1796,#1446,.T.);
#2269=EDGE_CURVE('',#1571,#1797,#779,.T.);
#2270=EDGE_CURVE('',#1798,#1797,#780,.T.);
#2271=EDGE_CURVE('',#1572,#1798,#781,.T.);
#2272=EDGE_CURVE('',#1787,#1798,#1447,.T.);
#2273=EDGE_CURVE('',#1799,#1743,#782,.T.);
#2274=EDGE_CURVE('',#1631,#1799,#783,.T.);
#2275=EDGE_CURVE('',#1729,#1799,#1448,.T.);
#2276=EDGE_CURVE('',#1800,#1731,#784,.T.);
#2277=EDGE_CURVE('',#1627,#1800,#785,.T.);
#2278=EDGE_CURVE('',#1744,#1800,#1449,.T.);
#2279=EDGE_CURVE('',#1646,#1801,#786,.T.);
#2280=EDGE_CURVE('',#1802,#1801,#1450,.T.);
#2281=EDGE_CURVE('',#1647,#1802,#787,.T.);
#2282=EDGE_CURVE('',#1803,#1802,#788,.T.);
#2283=EDGE_CURVE('',#1648,#1803,#789,.T.);
#2284=EDGE_CURVE('',#1804,#1803,#1451,.T.);
#2285=EDGE_CURVE('',#1649,#1804,#790,.T.);
#2286=EDGE_CURVE('',#1805,#1804,#791,.T.);
#2287=EDGE_CURVE('',#1650,#1805,#792,.T.);
#2288=EDGE_CURVE('',#1806,#1805,#1452,.T.);
#2289=EDGE_CURVE('',#1651,#1806,#793,.T.);
#2290=EDGE_CURVE('',#1807,#1806,#794,.T.);
#2291=EDGE_CURVE('',#1652,#1807,#795,.T.);
#2292=EDGE_CURVE('',#1808,#1807,#1453,.T.);
#2293=EDGE_CURVE('',#1653,#1808,#796,.T.);
#2294=EDGE_CURVE('',#1809,#1808,#797,.T.);
#2295=EDGE_CURVE('',#1654,#1809,#798,.T.);
#2296=EDGE_CURVE('',#1810,#1809,#1454,.T.);
#2297=EDGE_CURVE('',#1655,#1810,#799,.T.);
#2298=EDGE_CURVE('',#1811,#1810,#800,.T.);
#2299=EDGE_CURVE('',#1656,#1811,#801,.T.);
#2300=EDGE_CURVE('',#1812,#1811,#1455,.T.);
#2301=EDGE_CURVE('',#1657,#1812,#802,.T.);
#2302=EDGE_CURVE('',#1801,#1812,#803,.T.);
#2303=EDGE_CURVE('',#1690,#1813,#804,.T.);
#2304=EDGE_CURVE('',#1814,#1813,#1456,.T.);
#2305=EDGE_CURVE('',#1692,#1814,#805,.T.);
#2306=EDGE_CURVE('',#1815,#1814,#806,.T.);
#2307=EDGE_CURVE('',#1693,#1815,#807,.T.);
#2308=EDGE_CURVE('',#1753,#1815,#1457,.T.);
#2309=EDGE_CURVE('',#1813,#1752,#808,.T.);
#2310=EDGE_CURVE('',#1816,#1749,#809,.T.);
#2311=EDGE_CURVE('',#1681,#1816,#810,.T.);
#2312=EDGE_CURVE('',#1726,#1816,#1458,.T.);
#2313=EDGE_CURVE('',#1817,#1719,#811,.T.);
#2314=EDGE_CURVE('',#1677,#1817,#812,.T.);
#2315=EDGE_CURVE('',#1750,#1817,#1459,.T.);
#2316=EDGE_CURVE('',#1602,#1818,#813,.T.);
#2317=EDGE_CURVE('',#1819,#1818,#1460,.T.);
#2318=EDGE_CURVE('',#1603,#1819,#814,.T.);
#2319=EDGE_CURVE('',#1820,#1819,#815,.T.);
#2320=EDGE_CURVE('',#1604,#1820,#816,.T.);
#2321=EDGE_CURVE('',#1821,#1820,#1461,.T.);
#2322=EDGE_CURVE('',#1605,#1821,#817,.T.);
#2323=EDGE_CURVE('',#1822,#1821,#818,.T.);
#2324=EDGE_CURVE('',#1606,#1822,#819,.T.);
#2325=EDGE_CURVE('',#1823,#1822,#1462,.T.);
#2326=EDGE_CURVE('',#1607,#1823,#820,.T.);
#2327=EDGE_CURVE('',#1824,#1823,#821,.T.);
#2328=EDGE_CURVE('',#1608,#1824,#822,.T.);
#2329=EDGE_CURVE('',#1825,#1824,#1463,.T.);
#2330=EDGE_CURVE('',#1609,#1825,#823,.T.);
#2331=EDGE_CURVE('',#1826,#1825,#824,.T.);
#2332=EDGE_CURVE('',#1610,#1826,#825,.T.);
#2333=EDGE_CURVE('',#1827,#1826,#1464,.T.);
#2334=EDGE_CURVE('',#1611,#1827,#826,.T.);
#2335=EDGE_CURVE('',#1828,#1827,#827,.T.);
#2336=EDGE_CURVE('',#1612,#1828,#828,.T.);
#2337=EDGE_CURVE('',#1829,#1828,#1465,.T.);
#2338=EDGE_CURVE('',#1613,#1829,#829,.T.);
#2339=EDGE_CURVE('',#1818,#1829,#830,.T.);
#2340=EDGE_CURVE('',#1830,#1737,#831,.T.);
#2341=EDGE_CURVE('',#1688,#1830,#832,.T.);
#2342=EDGE_CURVE('',#1831,#1830,#1466,.T.);
#2343=EDGE_CURVE('',#1689,#1831,#833,.T.);
#2344=EDGE_CURVE('',#1832,#1831,#834,.T.);
#2345=EDGE_CURVE('',#1685,#1832,#835,.T.);
#2346=EDGE_CURVE('',#1738,#1832,#1467,.T.);
#2347=EDGE_CURVE('',#1667,#1833,#836,.T.);
#2348=EDGE_CURVE('',#1747,#1833,#1468,.T.);
#2349=EDGE_CURVE('',#1834,#1746,#837,.T.);
#2350=EDGE_CURVE('',#1671,#1834,#838,.T.);
#2351=EDGE_CURVE('',#1735,#1834,#1469,.T.);
#2352=EDGE_CURVE('',#1833,#1733,#839,.T.);
#2353=EDGE_CURVE('',#1658,#1835,#840,.T.);
#2354=EDGE_CURVE('',#1741,#1835,#1470,.T.);
#2355=EDGE_CURVE('',#1836,#1740,#841,.T.);
#2356=EDGE_CURVE('',#1663,#1836,#842,.T.);
#2357=EDGE_CURVE('',#1837,#1836,#1471,.T.);
#2358=EDGE_CURVE('',#1659,#1837,#843,.T.);
#2359=EDGE_CURVE('',#1835,#1837,#844,.T.);
#2360=EDGE_CURVE('',#1548,#1838,#845,.T.);
#2361=EDGE_CURVE('',#1839,#1838,#1472,.T.);
#2362=EDGE_CURVE('',#1549,#1839,#846,.T.);
#2363=EDGE_CURVE('',#1840,#1839,#847,.T.);
#2364=EDGE_CURVE('',#1550,#1840,#848,.T.);
#2365=EDGE_CURVE('',#1717,#1840,#1473,.T.);
#2366=EDGE_CURVE('',#1841,#1716,#849,.T.);
#2367=EDGE_CURVE('',#1554,#1841,#850,.T.);
#2368=EDGE_CURVE('',#1842,#1841,#1474,.T.);
#2369=EDGE_CURVE('',#1556,#1842,#851,.T.);
#2370=EDGE_CURVE('',#1555,#1772,#852,.T.);
#2371=EDGE_CURVE('',#1843,#1842,#853,.T.);
#2372=EDGE_CURVE('',#1557,#1843,#854,.T.);
#2373=EDGE_CURVE('',#1844,#1843,#1475,.T.);
#2374=EDGE_CURVE('',#1559,#1844,#855,.T.);
#2375=EDGE_CURVE('',#1558,#1762,#856,.T.);
#2376=EDGE_CURVE('',#1845,#1844,#857,.T.);
#2377=EDGE_CURVE('',#1560,#1845,#858,.T.);
#2378=EDGE_CURVE('',#1846,#1845,#1476,.T.);
#2379=EDGE_CURVE('',#1561,#1846,#859,.T.);
#2380=EDGE_CURVE('',#1847,#1846,#860,.T.);
#2381=EDGE_CURVE('',#1562,#1847,#861,.T.);
#2382=EDGE_CURVE('',#1848,#1847,#1477,.T.);
#2383=EDGE_CURVE('',#1563,#1848,#862,.T.);
#2384=EDGE_CURVE('',#1849,#1848,#863,.T.);
#2385=EDGE_CURVE('',#1564,#1849,#864,.T.);
#2386=EDGE_CURVE('',#1850,#1849,#1478,.T.);
#2387=EDGE_CURVE('',#1565,#1850,#865,.T.);
#2388=EDGE_CURVE('',#1851,#1850,#866,.T.);
#2389=EDGE_CURVE('',#1566,#1851,#867,.T.);
#2390=EDGE_CURVE('',#1524,#1851,#1479,.T.);
#2391=EDGE_CURVE('',#1852,#1525,#1480,.T.);
#2392=EDGE_CURVE('',#1581,#1852,#868,.T.);
#2393=EDGE_CURVE('',#1853,#1852,#869,.T.);
#2394=EDGE_CURVE('',#1582,#1853,#870,.T.);
#2395=EDGE_CURVE('',#1854,#1853,#1481,.T.);
#2396=EDGE_CURVE('',#1583,#1854,#871,.T.);
#2397=EDGE_CURVE('',#1855,#1854,#872,.T.);
#2398=EDGE_CURVE('',#1584,#1855,#873,.T.);
#2399=EDGE_CURVE('',#1856,#1855,#1482,.T.);
#2400=EDGE_CURVE('',#1585,#1856,#874,.T.);
#2401=EDGE_CURVE('',#1857,#1856,#875,.T.);
#2402=EDGE_CURVE('',#1586,#1857,#876,.T.);
#2403=EDGE_CURVE('',#1714,#1857,#1483,.T.);
#2404=EDGE_CURVE('',#1858,#1711,#877,.T.);
#2405=EDGE_CURVE('',#1594,#1858,#878,.T.);
#2406=EDGE_CURVE('',#1859,#1858,#1484,.T.);
#2407=EDGE_CURVE('',#1595,#1859,#879,.T.);
#2408=EDGE_CURVE('',#1860,#1859,#880,.T.);
#2409=EDGE_CURVE('',#1596,#1860,#881,.T.);
#2410=EDGE_CURVE('',#1861,#1860,#1485,.T.);
#2411=EDGE_CURVE('',#1597,#1861,#882,.T.);
#2412=EDGE_CURVE('',#1862,#1861,#883,.T.);
#2413=EDGE_CURVE('',#1598,#1862,#884,.T.);
#2414=EDGE_CURVE('',#1863,#1862,#1486,.T.);
#2415=EDGE_CURVE('',#1599,#1863,#885,.T.);
#2416=EDGE_CURVE('',#1864,#1863,#886,.T.);
#2417=EDGE_CURVE('',#1600,#1864,#887,.T.);
#2418=EDGE_CURVE('',#1538,#1864,#1487,.T.);
#2419=EDGE_CURVE('',#1865,#1539,#1488,.T.);
#2420=EDGE_CURVE('',#1615,#1865,#888,.T.);
#2421=EDGE_CURVE('',#1866,#1865,#889,.T.);
#2422=EDGE_CURVE('',#1616,#1866,#890,.T.);
#2423=EDGE_CURVE('',#1867,#1866,#1489,.T.);
#2424=EDGE_CURVE('',#1617,#1867,#891,.T.);
#2425=EDGE_CURVE('',#1868,#1867,#892,.T.);
#2426=EDGE_CURVE('',#1618,#1868,#893,.T.);
#2427=EDGE_CURVE('',#1869,#1868,#1490,.T.);
#2428=EDGE_CURVE('',#1619,#1869,#894,.T.);
#2429=EDGE_CURVE('',#1870,#1869,#895,.T.);
#2430=EDGE_CURVE('',#1620,#1870,#896,.T.);
#2431=EDGE_CURVE('',#1871,#1870,#1491,.T.);
#2432=EDGE_CURVE('',#1621,#1871,#897,.T.);
#2433=EDGE_CURVE('',#1872,#1871,#898,.T.);
#2434=EDGE_CURVE('',#1622,#1872,#899,.T.);
#2435=EDGE_CURVE('',#1873,#1872,#1492,.T.);
#2436=EDGE_CURVE('',#1623,#1873,#900,.T.);
#2437=EDGE_CURVE('',#1623,#1768,#901,.T.);
#2438=EDGE_CURVE('',#1874,#1873,#902,.T.);
#2439=EDGE_CURVE('',#1635,#1874,#903,.T.);
#2440=EDGE_CURVE('',#1875,#1874,#1493,.T.);
#2441=EDGE_CURVE('',#1636,#1875,#904,.T.);
#2442=EDGE_CURVE('',#1635,#1766,#905,.T.);
#2443=EDGE_CURVE('',#1876,#1875,#906,.T.);
#2444=EDGE_CURVE('',#1637,#1876,#907,.T.);
#2445=EDGE_CURVE('',#1877,#1876,#1494,.T.);
#2446=EDGE_CURVE('',#1638,#1877,#908,.T.);
#2447=EDGE_CURVE('',#1878,#1877,#909,.T.);
#2448=EDGE_CURVE('',#1639,#1878,#910,.T.);
#2449=EDGE_CURVE('',#1879,#1878,#1495,.T.);
#2450=EDGE_CURVE('',#1640,#1879,#911,.T.);
#2451=EDGE_CURVE('',#1880,#1879,#912,.T.);
#2452=EDGE_CURVE('',#1641,#1880,#913,.T.);
#2453=EDGE_CURVE('',#1881,#1880,#1496,.T.);
#2454=EDGE_CURVE('',#1642,#1881,#914,.T.);
#2455=EDGE_CURVE('',#1882,#1881,#1497,.T.);
#2456=EDGE_CURVE('',#1643,#1882,#915,.T.);
#2457=EDGE_CURVE('',#1883,#1882,#1498,.T.);
#2458=EDGE_CURVE('',#1644,#1883,#916,.T.);
#2459=EDGE_CURVE('',#1884,#1883,#917,.T.);
#2460=EDGE_CURVE('',#1645,#1884,#918,.T.);
#2461=EDGE_CURVE('',#1510,#1884,#1499,.T.);
#2462=EDGE_CURVE('',#1885,#1511,#1500,.T.);
#2463=EDGE_CURVE('',#1546,#1885,#919,.T.);
#2464=EDGE_CURVE('',#1886,#1885,#1501,.T.);
#2465=EDGE_CURVE('',#1547,#1886,#920,.T.);
#2466=EDGE_CURVE('',#1838,#1886,#921,.T.);
#2467=ORIENTED_EDGE('',*,*,#1887,.T.);
#2468=ORIENTED_EDGE('',*,*,#1888,.T.);
#2469=ORIENTED_EDGE('',*,*,#1889,.T.);
#2470=ORIENTED_EDGE('',*,*,#1890,.F.);
#2471=ORIENTED_EDGE('',*,*,#1888,.F.);
#2472=ORIENTED_EDGE('',*,*,#1891,.T.);
#2473=ORIENTED_EDGE('',*,*,#1892,.F.);
#2474=ORIENTED_EDGE('',*,*,#1893,.T.);
#2475=ORIENTED_EDGE('',*,*,#1887,.F.);
#2476=ORIENTED_EDGE('',*,*,#1894,.F.);
#2477=ORIENTED_EDGE('',*,*,#1895,.T.);
#2478=ORIENTED_EDGE('',*,*,#1896,.T.);
#2479=ORIENTED_EDGE('',*,*,#1897,.F.);
#2480=ORIENTED_EDGE('',*,*,#1898,.F.);
#2481=ORIENTED_EDGE('',*,*,#1899,.T.);
#2482=ORIENTED_EDGE('',*,*,#1900,.F.);
#2483=ORIENTED_EDGE('',*,*,#1901,.F.);
#2484=ORIENTED_EDGE('',*,*,#1891,.F.);
#2485=ORIENTED_EDGE('',*,*,#1902,.T.);
#2486=ORIENTED_EDGE('',*,*,#1892,.T.);
#2487=ORIENTED_EDGE('',*,*,#1901,.T.);
#2488=ORIENTED_EDGE('',*,*,#1903,.F.);
#2489=ORIENTED_EDGE('',*,*,#1904,.T.);
#2490=ORIENTED_EDGE('',*,*,#1905,.T.);
#2491=ORIENTED_EDGE('',*,*,#1906,.T.);
#2492=ORIENTED_EDGE('',*,*,#1907,.F.);
#2493=ORIENTED_EDGE('',*,*,#1905,.F.);
#2494=ORIENTED_EDGE('',*,*,#1908,.T.);
#2495=ORIENTED_EDGE('',*,*,#1909,.F.);
#2496=ORIENTED_EDGE('',*,*,#1910,.T.);
#2497=ORIENTED_EDGE('',*,*,#1904,.F.);
#2498=ORIENTED_EDGE('',*,*,#1911,.F.);
#2499=ORIENTED_EDGE('',*,*,#1912,.F.);
#2500=ORIENTED_EDGE('',*,*,#1913,.T.);
#2501=ORIENTED_EDGE('',*,*,#1914,.F.);
#2502=ORIENTED_EDGE('',*,*,#1915,.F.);
#2503=ORIENTED_EDGE('',*,*,#1916,.F.);
#2504=ORIENTED_EDGE('',*,*,#1917,.F.);
#2505=ORIENTED_EDGE('',*,*,#1918,.F.);
#2506=ORIENTED_EDGE('',*,*,#1908,.F.);
#2507=ORIENTED_EDGE('',*,*,#1919,.T.);
#2508=ORIENTED_EDGE('',*,*,#1909,.T.);
#2509=ORIENTED_EDGE('',*,*,#1918,.T.);
#2510=ORIENTED_EDGE('',*,*,#1920,.F.);
#2511=ORIENTED_EDGE('',*,*,#1921,.T.);
#2512=ORIENTED_EDGE('',*,*,#1922,.T.);
#2513=ORIENTED_EDGE('',*,*,#1923,.T.);
#2514=ORIENTED_EDGE('',*,*,#1924,.F.);
#2515=ORIENTED_EDGE('',*,*,#1922,.F.);
#2516=ORIENTED_EDGE('',*,*,#1925,.T.);
#2517=ORIENTED_EDGE('',*,*,#1926,.F.);
#2518=ORIENTED_EDGE('',*,*,#1927,.T.);
#2519=ORIENTED_EDGE('',*,*,#1921,.F.);
#2520=ORIENTED_EDGE('',*,*,#1928,.F.);
#2521=ORIENTED_EDGE('',*,*,#1929,.F.);
#2522=ORIENTED_EDGE('',*,*,#1930,.T.);
#2523=ORIENTED_EDGE('',*,*,#1931,.F.);
#2524=ORIENTED_EDGE('',*,*,#1932,.F.);
#2525=ORIENTED_EDGE('',*,*,#1933,.F.);
#2526=ORIENTED_EDGE('',*,*,#1934,.F.);
#2527=ORIENTED_EDGE('',*,*,#1935,.F.);
#2528=ORIENTED_EDGE('',*,*,#1925,.F.);
#2529=ORIENTED_EDGE('',*,*,#1936,.T.);
#2530=ORIENTED_EDGE('',*,*,#1926,.T.);
#2531=ORIENTED_EDGE('',*,*,#1935,.T.);
#2532=ORIENTED_EDGE('',*,*,#1937,.F.);
#2533=ORIENTED_EDGE('',*,*,#1938,.T.);
#2534=ORIENTED_EDGE('',*,*,#1903,.T.);
#2535=ORIENTED_EDGE('',*,*,#1900,.T.);
#2536=ORIENTED_EDGE('',*,*,#1939,.T.);
#2537=ORIENTED_EDGE('',*,*,#1940,.T.);
#2538=ORIENTED_EDGE('',*,*,#1941,.T.);
#2539=ORIENTED_EDGE('',*,*,#1894,.T.);
#2540=ORIENTED_EDGE('',*,*,#1890,.T.);
#2541=ORIENTED_EDGE('',*,*,#1939,.F.);
#2542=ORIENTED_EDGE('',*,*,#1899,.F.);
#2543=ORIENTED_EDGE('',*,*,#1942,.F.);
#2544=ORIENTED_EDGE('',*,*,#1943,.F.);
#2545=ORIENTED_EDGE('',*,*,#1944,.F.);
#2546=ORIENTED_EDGE('',*,*,#1945,.T.);
#2547=ORIENTED_EDGE('',*,*,#1946,.F.);
#2548=ORIENTED_EDGE('',*,*,#1947,.F.);
#2549=ORIENTED_EDGE('',*,*,#1948,.F.);
#2550=ORIENTED_EDGE('',*,*,#1949,.F.);
#2551=ORIENTED_EDGE('',*,*,#1950,.F.);
#2552=ORIENTED_EDGE('',*,*,#1951,.T.);
#2553=ORIENTED_EDGE('',*,*,#1952,.T.);
#2554=ORIENTED_EDGE('',*,*,#1953,.T.);
#2555=ORIENTED_EDGE('',*,*,#1954,.T.);
#2556=ORIENTED_EDGE('',*,*,#1955,.T.);
#2557=ORIENTED_EDGE('',*,*,#1956,.T.);
#2558=ORIENTED_EDGE('',*,*,#1957,.F.);
#2559=ORIENTED_EDGE('',*,*,#1958,.T.);
#2560=ORIENTED_EDGE('',*,*,#1959,.T.);
#2561=ORIENTED_EDGE('',*,*,#1960,.T.);
#2562=ORIENTED_EDGE('',*,*,#1961,.F.);
#2563=ORIENTED_EDGE('',*,*,#1962,.T.);
#2564=ORIENTED_EDGE('',*,*,#1963,.F.);
#2565=ORIENTED_EDGE('',*,*,#1912,.T.);
#2566=ORIENTED_EDGE('',*,*,#1964,.F.);
#2567=ORIENTED_EDGE('',*,*,#1965,.F.);
#2568=ORIENTED_EDGE('',*,*,#1966,.F.);
#2569=ORIENTED_EDGE('',*,*,#1967,.F.);
#2570=ORIENTED_EDGE('',*,*,#1968,.F.);
#2571=ORIENTED_EDGE('',*,*,#1969,.F.);
#2572=ORIENTED_EDGE('',*,*,#1970,.F.);
#2573=ORIENTED_EDGE('',*,*,#1971,.F.);
#2574=ORIENTED_EDGE('',*,*,#1972,.F.);
#2575=ORIENTED_EDGE('',*,*,#1973,.F.);
#2576=ORIENTED_EDGE('',*,*,#1974,.F.);
#2577=ORIENTED_EDGE('',*,*,#1975,.F.);
#2578=ORIENTED_EDGE('',*,*,#1976,.F.);
#2579=ORIENTED_EDGE('',*,*,#1977,.F.);
#2580=ORIENTED_EDGE('',*,*,#1978,.F.);
#2581=ORIENTED_EDGE('',*,*,#1916,.T.);
#2582=ORIENTED_EDGE('',*,*,#1979,.F.);
#2583=ORIENTED_EDGE('',*,*,#1980,.F.);
#2584=ORIENTED_EDGE('',*,*,#1981,.F.);
#2585=ORIENTED_EDGE('',*,*,#1982,.F.);
#2586=ORIENTED_EDGE('',*,*,#1983,.T.);
#2587=ORIENTED_EDGE('',*,*,#1984,.F.);
#2588=ORIENTED_EDGE('',*,*,#1985,.F.);
#2589=ORIENTED_EDGE('',*,*,#1986,.F.);
#2590=ORIENTED_EDGE('',*,*,#1987,.F.);
#2591=ORIENTED_EDGE('',*,*,#1988,.T.);
#2592=ORIENTED_EDGE('',*,*,#1989,.T.);
#2593=ORIENTED_EDGE('',*,*,#1990,.T.);
#2594=ORIENTED_EDGE('',*,*,#1991,.T.);
#2595=ORIENTED_EDGE('',*,*,#1992,.F.);
#2596=ORIENTED_EDGE('',*,*,#1993,.T.);
#2597=ORIENTED_EDGE('',*,*,#1994,.F.);
#2598=ORIENTED_EDGE('',*,*,#1995,.T.);
#2599=ORIENTED_EDGE('',*,*,#1996,.T.);
#2600=ORIENTED_EDGE('',*,*,#1997,.T.);
#2601=ORIENTED_EDGE('',*,*,#1998,.F.);
#2602=ORIENTED_EDGE('',*,*,#1999,.T.);
#2603=ORIENTED_EDGE('',*,*,#2000,.F.);
#2604=ORIENTED_EDGE('',*,*,#1929,.T.);
#2605=ORIENTED_EDGE('',*,*,#2001,.F.);
#2606=ORIENTED_EDGE('',*,*,#2002,.F.);
#2607=ORIENTED_EDGE('',*,*,#2003,.F.);
#2608=ORIENTED_EDGE('',*,*,#2004,.F.);
#2609=ORIENTED_EDGE('',*,*,#2005,.F.);
#2610=ORIENTED_EDGE('',*,*,#2006,.F.);
#2611=ORIENTED_EDGE('',*,*,#2007,.F.);
#2612=ORIENTED_EDGE('',*,*,#2008,.F.);
#2613=ORIENTED_EDGE('',*,*,#2009,.F.);
#2614=ORIENTED_EDGE('',*,*,#2010,.F.);
#2615=ORIENTED_EDGE('',*,*,#2011,.F.);
#2616=ORIENTED_EDGE('',*,*,#2012,.F.);
#2617=ORIENTED_EDGE('',*,*,#2013,.F.);
#2618=ORIENTED_EDGE('',*,*,#2014,.F.);
#2619=ORIENTED_EDGE('',*,*,#2015,.F.);
#2620=ORIENTED_EDGE('',*,*,#1933,.T.);
#2621=ORIENTED_EDGE('',*,*,#2016,.F.);
#2622=ORIENTED_EDGE('',*,*,#2017,.F.);
#2623=ORIENTED_EDGE('',*,*,#2018,.F.);
#2624=ORIENTED_EDGE('',*,*,#2019,.F.);
#2625=ORIENTED_EDGE('',*,*,#2020,.T.);
#2626=ORIENTED_EDGE('',*,*,#2021,.F.);
#2627=ORIENTED_EDGE('',*,*,#2022,.F.);
#2628=ORIENTED_EDGE('',*,*,#2023,.F.);
#2629=ORIENTED_EDGE('',*,*,#2024,.T.);
#2630=ORIENTED_EDGE('',*,*,#2025,.F.);
#2631=ORIENTED_EDGE('',*,*,#2026,.T.);
#2632=ORIENTED_EDGE('',*,*,#2027,.F.);
#2633=ORIENTED_EDGE('',*,*,#2028,.F.);
#2634=ORIENTED_EDGE('',*,*,#2029,.F.);
#2635=ORIENTED_EDGE('',*,*,#2030,.F.);
#2636=ORIENTED_EDGE('',*,*,#2031,.F.);
#2637=ORIENTED_EDGE('',*,*,#2032,.F.);
#2638=ORIENTED_EDGE('',*,*,#2033,.F.);
#2639=ORIENTED_EDGE('',*,*,#2034,.F.);
#2640=ORIENTED_EDGE('',*,*,#2035,.F.);
#2641=ORIENTED_EDGE('',*,*,#2036,.T.);
#2642=ORIENTED_EDGE('',*,*,#2037,.F.);
#2643=ORIENTED_EDGE('',*,*,#2038,.T.);
#2644=ORIENTED_EDGE('',*,*,#2039,.T.);
#2645=ORIENTED_EDGE('',*,*,#2040,.F.);
#2646=ORIENTED_EDGE('',*,*,#2041,.T.);
#2647=ORIENTED_EDGE('',*,*,#2042,.T.);
#2648=ORIENTED_EDGE('',*,*,#2043,.T.);
#2649=ORIENTED_EDGE('',*,*,#2044,.F.);
#2650=ORIENTED_EDGE('',*,*,#2045,.F.);
#2651=ORIENTED_EDGE('',*,*,#2046,.T.);
#2652=ORIENTED_EDGE('',*,*,#2047,.T.);
#2653=ORIENTED_EDGE('',*,*,#2048,.F.);
#2654=ORIENTED_EDGE('',*,*,#1895,.F.);
#2655=ORIENTED_EDGE('',*,*,#1941,.F.);
#2656=ORIENTED_EDGE('',*,*,#2049,.F.);
#2657=ORIENTED_EDGE('',*,*,#2050,.F.);
#2658=ORIENTED_EDGE('',*,*,#2051,.F.);
#2659=ORIENTED_EDGE('',*,*,#2052,.F.);
#2660=ORIENTED_EDGE('',*,*,#2053,.F.);
#2661=ORIENTED_EDGE('',*,*,#2054,.F.);
#2662=ORIENTED_EDGE('',*,*,#2055,.F.);
#2663=ORIENTED_EDGE('',*,*,#2056,.F.);
#2664=ORIENTED_EDGE('',*,*,#2057,.F.);
#2665=ORIENTED_EDGE('',*,*,#2058,.F.);
#2666=ORIENTED_EDGE('',*,*,#2059,.F.);
#2667=ORIENTED_EDGE('',*,*,#2060,.F.);
#2668=ORIENTED_EDGE('',*,*,#2061,.F.);
#2669=ORIENTED_EDGE('',*,*,#2062,.F.);
#2670=ORIENTED_EDGE('',*,*,#2063,.F.);
#2671=ORIENTED_EDGE('',*,*,#2064,.F.);
#2672=ORIENTED_EDGE('',*,*,#2065,.F.);
#2673=ORIENTED_EDGE('',*,*,#2066,.F.);
#2674=ORIENTED_EDGE('',*,*,#2067,.F.);
#2675=ORIENTED_EDGE('',*,*,#2068,.T.);
#2676=ORIENTED_EDGE('',*,*,#2069,.F.);
#2677=ORIENTED_EDGE('',*,*,#2070,.F.);
#2678=ORIENTED_EDGE('',*,*,#2071,.F.);
#2679=ORIENTED_EDGE('',*,*,#2072,.F.);
#2680=ORIENTED_EDGE('',*,*,#2073,.F.);
#2681=ORIENTED_EDGE('',*,*,#2074,.F.);
#2682=ORIENTED_EDGE('',*,*,#2075,.F.);
#2683=ORIENTED_EDGE('',*,*,#2076,.F.);
#2684=ORIENTED_EDGE('',*,*,#2077,.F.);
#2685=ORIENTED_EDGE('',*,*,#2078,.T.);
#2686=ORIENTED_EDGE('',*,*,#2079,.F.);
#2687=ORIENTED_EDGE('',*,*,#2080,.F.);
#2688=ORIENTED_EDGE('',*,*,#2081,.F.);
#2689=ORIENTED_EDGE('',*,*,#2082,.F.);
#2690=ORIENTED_EDGE('',*,*,#2083,.F.);
#2691=ORIENTED_EDGE('',*,*,#2084,.F.);
#2692=ORIENTED_EDGE('',*,*,#2085,.F.);
#2693=ORIENTED_EDGE('',*,*,#2086,.F.);
#2694=ORIENTED_EDGE('',*,*,#2087,.F.);
#2695=ORIENTED_EDGE('',*,*,#2088,.F.);
#2696=ORIENTED_EDGE('',*,*,#2089,.F.);
#2697=ORIENTED_EDGE('',*,*,#2090,.F.);
#2698=ORIENTED_EDGE('',*,*,#2091,.F.);
#2699=ORIENTED_EDGE('',*,*,#2092,.F.);
#2700=ORIENTED_EDGE('',*,*,#2093,.F.);
#2701=ORIENTED_EDGE('',*,*,#2094,.F.);
#2702=ORIENTED_EDGE('',*,*,#2095,.F.);
#2703=ORIENTED_EDGE('',*,*,#2096,.F.);
#2704=ORIENTED_EDGE('',*,*,#2097,.F.);
#2705=ORIENTED_EDGE('',*,*,#2098,.F.);
#2706=ORIENTED_EDGE('',*,*,#2099,.F.);
#2707=ORIENTED_EDGE('',*,*,#2100,.F.);
#2708=ORIENTED_EDGE('',*,*,#2101,.F.);
#2709=ORIENTED_EDGE('',*,*,#2102,.F.);
#2710=ORIENTED_EDGE('',*,*,#2103,.F.);
#2711=ORIENTED_EDGE('',*,*,#2104,.F.);
#2712=ORIENTED_EDGE('',*,*,#2105,.F.);
#2713=ORIENTED_EDGE('',*,*,#2106,.F.);
#2714=ORIENTED_EDGE('',*,*,#2107,.F.);
#2715=ORIENTED_EDGE('',*,*,#2108,.F.);
#2716=ORIENTED_EDGE('',*,*,#2109,.F.);
#2717=ORIENTED_EDGE('',*,*,#2110,.F.);
#2718=ORIENTED_EDGE('',*,*,#2111,.F.);
#2719=ORIENTED_EDGE('',*,*,#2112,.T.);
#2720=ORIENTED_EDGE('',*,*,#2113,.T.);
#2721=ORIENTED_EDGE('',*,*,#2114,.T.);
#2722=ORIENTED_EDGE('',*,*,#1937,.T.);
#2723=ORIENTED_EDGE('',*,*,#1934,.T.);
#2724=ORIENTED_EDGE('',*,*,#2015,.T.);
#2725=ORIENTED_EDGE('',*,*,#2115,.T.);
#2726=ORIENTED_EDGE('',*,*,#2001,.T.);
#2727=ORIENTED_EDGE('',*,*,#1928,.T.);
#2728=ORIENTED_EDGE('',*,*,#1924,.T.);
#2729=ORIENTED_EDGE('',*,*,#2116,.T.);
#2730=ORIENTED_EDGE('',*,*,#1964,.T.);
#2731=ORIENTED_EDGE('',*,*,#1911,.T.);
#2732=ORIENTED_EDGE('',*,*,#1907,.T.);
#2733=ORIENTED_EDGE('',*,*,#2117,.T.);
#2734=ORIENTED_EDGE('',*,*,#1920,.T.);
#2735=ORIENTED_EDGE('',*,*,#1917,.T.);
#2736=ORIENTED_EDGE('',*,*,#1978,.T.);
#2737=ORIENTED_EDGE('',*,*,#1992,.T.);
#2738=ORIENTED_EDGE('',*,*,#2118,.T.);
#2739=ORIENTED_EDGE('',*,*,#2119,.T.);
#2740=ORIENTED_EDGE('',*,*,#2120,.T.);
#2741=ORIENTED_EDGE('',*,*,#2118,.F.);
#2742=ORIENTED_EDGE('',*,*,#1991,.F.);
#2743=ORIENTED_EDGE('',*,*,#1988,.F.);
#2744=ORIENTED_EDGE('',*,*,#2121,.F.);
#2745=ORIENTED_EDGE('',*,*,#2122,.F.);
#2746=ORIENTED_EDGE('',*,*,#1987,.T.);
#2747=ORIENTED_EDGE('',*,*,#2123,.T.);
#2748=ORIENTED_EDGE('',*,*,#2124,.T.);
#2749=ORIENTED_EDGE('',*,*,#2121,.T.);
#2750=ORIENTED_EDGE('',*,*,#2123,.F.);
#2751=ORIENTED_EDGE('',*,*,#1986,.T.);
#2752=ORIENTED_EDGE('',*,*,#2125,.T.);
#2753=ORIENTED_EDGE('',*,*,#2126,.F.);
#2754=ORIENTED_EDGE('',*,*,#1949,.T.);
#2755=ORIENTED_EDGE('',*,*,#2127,.T.);
#2756=ORIENTED_EDGE('',*,*,#2128,.T.);
#2757=ORIENTED_EDGE('',*,*,#2129,.T.);
#2758=ORIENTED_EDGE('',*,*,#2127,.F.);
#2759=ORIENTED_EDGE('',*,*,#1948,.T.);
#2760=ORIENTED_EDGE('',*,*,#2130,.T.);
#2761=ORIENTED_EDGE('',*,*,#2131,.F.);
#2762=ORIENTED_EDGE('',*,*,#2079,.T.);
#2763=ORIENTED_EDGE('',*,*,#2132,.T.);
#2764=ORIENTED_EDGE('',*,*,#2133,.T.);
#2765=ORIENTED_EDGE('',*,*,#2134,.T.);
#2766=ORIENTED_EDGE('',*,*,#2132,.F.);
#2767=ORIENTED_EDGE('',*,*,#2078,.F.);
#2768=ORIENTED_EDGE('',*,*,#2135,.F.);
#2769=ORIENTED_EDGE('',*,*,#2136,.F.);
#2770=ORIENTED_EDGE('',*,*,#2137,.T.);
#2771=ORIENTED_EDGE('',*,*,#2138,.F.);
#2772=ORIENTED_EDGE('',*,*,#2137,.F.);
#2773=ORIENTED_EDGE('',*,*,#2139,.F.);
#2774=ORIENTED_EDGE('',*,*,#2140,.F.);
#2775=ORIENTED_EDGE('',*,*,#2068,.F.);
#2776=ORIENTED_EDGE('',*,*,#2141,.F.);
#2777=ORIENTED_EDGE('',*,*,#2142,.F.);
#2778=ORIENTED_EDGE('',*,*,#2087,.T.);
#2779=ORIENTED_EDGE('',*,*,#2143,.T.);
#2780=ORIENTED_EDGE('',*,*,#2144,.T.);
#2781=ORIENTED_EDGE('',*,*,#2141,.T.);
#2782=ORIENTED_EDGE('',*,*,#2143,.F.);
#2783=ORIENTED_EDGE('',*,*,#2086,.T.);
#2784=ORIENTED_EDGE('',*,*,#2145,.T.);
#2785=ORIENTED_EDGE('',*,*,#2146,.F.);
#2786=ORIENTED_EDGE('',*,*,#2035,.T.);
#2787=ORIENTED_EDGE('',*,*,#2147,.T.);
#2788=ORIENTED_EDGE('',*,*,#2148,.T.);
#2789=ORIENTED_EDGE('',*,*,#2149,.T.);
#2790=ORIENTED_EDGE('',*,*,#2147,.F.);
#2791=ORIENTED_EDGE('',*,*,#2034,.T.);
#2792=ORIENTED_EDGE('',*,*,#2150,.T.);
#2793=ORIENTED_EDGE('',*,*,#2151,.F.);
#2794=ORIENTED_EDGE('',*,*,#2027,.T.);
#2795=ORIENTED_EDGE('',*,*,#2152,.T.);
#2796=ORIENTED_EDGE('',*,*,#2153,.T.);
#2797=ORIENTED_EDGE('',*,*,#2154,.T.);
#2798=ORIENTED_EDGE('',*,*,#2149,.F.);
#2799=ORIENTED_EDGE('',*,*,#2155,.F.);
#2800=ORIENTED_EDGE('',*,*,#2152,.F.);
#2801=ORIENTED_EDGE('',*,*,#2026,.F.);
#2802=ORIENTED_EDGE('',*,*,#2156,.T.);
#2803=ORIENTED_EDGE('',*,*,#2157,.F.);
#2804=ORIENTED_EDGE('',*,*,#2156,.F.);
#2805=ORIENTED_EDGE('',*,*,#2036,.F.);
#2806=ORIENTED_EDGE('',*,*,#2069,.T.);
#2807=ORIENTED_EDGE('',*,*,#2140,.T.);
#2808=ORIENTED_EDGE('',*,*,#2158,.T.);
#2809=ORIENTED_EDGE('',*,*,#2159,.T.);
#2810=ORIENTED_EDGE('',*,*,#2077,.T.);
#2811=ORIENTED_EDGE('',*,*,#2160,.T.);
#2812=ORIENTED_EDGE('',*,*,#2161,.T.);
#2813=ORIENTED_EDGE('',*,*,#2135,.T.);
#2814=ORIENTED_EDGE('',*,*,#2160,.F.);
#2815=ORIENTED_EDGE('',*,*,#2076,.T.);
#2816=ORIENTED_EDGE('',*,*,#2162,.T.);
#2817=ORIENTED_EDGE('',*,*,#2163,.F.);
#2818=ORIENTED_EDGE('',*,*,#2090,.T.);
#2819=ORIENTED_EDGE('',*,*,#2164,.T.);
#2820=ORIENTED_EDGE('',*,*,#2165,.T.);
#2821=ORIENTED_EDGE('',*,*,#2166,.T.);
#2822=ORIENTED_EDGE('',*,*,#2164,.F.);
#2823=ORIENTED_EDGE('',*,*,#2089,.T.);
#2824=ORIENTED_EDGE('',*,*,#2167,.T.);
#2825=ORIENTED_EDGE('',*,*,#2168,.F.);
#2826=ORIENTED_EDGE('',*,*,#2065,.T.);
#2827=ORIENTED_EDGE('',*,*,#2169,.T.);
#2828=ORIENTED_EDGE('',*,*,#2170,.T.);
#2829=ORIENTED_EDGE('',*,*,#2171,.T.);
#2830=ORIENTED_EDGE('',*,*,#2169,.F.);
#2831=ORIENTED_EDGE('',*,*,#2064,.T.);
#2832=ORIENTED_EDGE('',*,*,#2172,.T.);
#2833=ORIENTED_EDGE('',*,*,#2173,.F.);
#2834=ORIENTED_EDGE('',*,*,#2031,.T.);
#2835=ORIENTED_EDGE('',*,*,#2174,.T.);
#2836=ORIENTED_EDGE('',*,*,#2175,.T.);
#2837=ORIENTED_EDGE('',*,*,#2176,.T.);
#2838=ORIENTED_EDGE('',*,*,#2174,.F.);
#2839=ORIENTED_EDGE('',*,*,#2030,.T.);
#2840=ORIENTED_EDGE('',*,*,#2177,.T.);
#2841=ORIENTED_EDGE('',*,*,#2178,.F.);
#2842=ORIENTED_EDGE('',*,*,#2073,.T.);
#2843=ORIENTED_EDGE('',*,*,#2179,.T.);
#2844=ORIENTED_EDGE('',*,*,#2180,.T.);
#2845=ORIENTED_EDGE('',*,*,#2181,.T.);
#2846=ORIENTED_EDGE('',*,*,#2179,.F.);
#2847=ORIENTED_EDGE('',*,*,#2072,.T.);
#2848=ORIENTED_EDGE('',*,*,#2182,.T.);
#2849=ORIENTED_EDGE('',*,*,#2183,.F.);
#2850=ORIENTED_EDGE('',*,*,#2083,.T.);
#2851=ORIENTED_EDGE('',*,*,#2184,.T.);
#2852=ORIENTED_EDGE('',*,*,#2185,.T.);
#2853=ORIENTED_EDGE('',*,*,#2186,.T.);
#2854=ORIENTED_EDGE('',*,*,#2184,.F.);
#2855=ORIENTED_EDGE('',*,*,#2082,.T.);
#2856=ORIENTED_EDGE('',*,*,#2187,.T.);
#2857=ORIENTED_EDGE('',*,*,#2188,.F.);
#2858=ORIENTED_EDGE('',*,*,#2099,.T.);
#2859=ORIENTED_EDGE('',*,*,#2189,.T.);
#2860=ORIENTED_EDGE('',*,*,#2190,.T.);
#2861=ORIENTED_EDGE('',*,*,#2191,.T.);
#2862=ORIENTED_EDGE('',*,*,#2189,.F.);
#2863=ORIENTED_EDGE('',*,*,#2098,.T.);
#2864=ORIENTED_EDGE('',*,*,#2192,.T.);
#2865=ORIENTED_EDGE('',*,*,#2193,.F.);
#2866=ORIENTED_EDGE('',*,*,#2110,.T.);
#2867=ORIENTED_EDGE('',*,*,#2194,.T.);
#2868=ORIENTED_EDGE('',*,*,#2195,.T.);
#2869=ORIENTED_EDGE('',*,*,#2196,.T.);
#2870=ORIENTED_EDGE('',*,*,#2194,.F.);
#2871=ORIENTED_EDGE('',*,*,#2109,.T.);
#2872=ORIENTED_EDGE('',*,*,#2197,.T.);
#2873=ORIENTED_EDGE('',*,*,#2198,.F.);
#2874=ORIENTED_EDGE('',*,*,#2105,.T.);
#2875=ORIENTED_EDGE('',*,*,#2199,.T.);
#2876=ORIENTED_EDGE('',*,*,#2200,.T.);
#2877=ORIENTED_EDGE('',*,*,#2201,.T.);
#2878=ORIENTED_EDGE('',*,*,#2199,.F.);
#2879=ORIENTED_EDGE('',*,*,#2104,.T.);
#2880=ORIENTED_EDGE('',*,*,#2202,.T.);
#2881=ORIENTED_EDGE('',*,*,#2203,.F.);
#2882=ORIENTED_EDGE('',*,*,#2204,.F.);
#2883=ORIENTED_EDGE('',*,*,#2205,.T.);
#2884=ORIENTED_EDGE('',*,*,#2113,.F.);
#2885=ORIENTED_EDGE('',*,*,#2205,.F.);
#2886=ORIENTED_EDGE('',*,*,#2204,.T.);
#2887=ORIENTED_EDGE('',*,*,#2157,.T.);
#2888=ORIENTED_EDGE('',*,*,#2206,.T.);
#2889=ORIENTED_EDGE('',*,*,#2207,.T.);
#2890=ORIENTED_EDGE('',*,*,#2208,.T.);
#2891=ORIENTED_EDGE('',*,*,#2138,.T.);
#2892=ORIENTED_EDGE('',*,*,#2209,.T.);
#2893=ORIENTED_EDGE('',*,*,#2210,.F.);
#2894=ORIENTED_EDGE('',*,*,#2211,.T.);
#2895=ORIENTED_EDGE('',*,*,#2112,.F.);
#2896=ORIENTED_EDGE('',*,*,#2211,.F.);
#2897=ORIENTED_EDGE('',*,*,#2210,.T.);
#2898=ORIENTED_EDGE('',*,*,#2212,.T.);
#2899=ORIENTED_EDGE('',*,*,#2213,.T.);
#2900=ORIENTED_EDGE('',*,*,#2214,.T.);
#2901=ORIENTED_EDGE('',*,*,#2215,.T.);
#2902=ORIENTED_EDGE('',*,*,#2216,.F.);
#2903=ORIENTED_EDGE('',*,*,#2217,.T.);
#2904=ORIENTED_EDGE('',*,*,#1989,.F.);
#2905=ORIENTED_EDGE('',*,*,#1990,.F.);
#2906=ORIENTED_EDGE('',*,*,#2217,.F.);
#2907=ORIENTED_EDGE('',*,*,#2216,.T.);
#2908=ORIENTED_EDGE('',*,*,#2218,.T.);
#2909=ORIENTED_EDGE('',*,*,#2219,.T.);
#2910=ORIENTED_EDGE('',*,*,#2220,.T.);
#2911=ORIENTED_EDGE('',*,*,#2213,.F.);
#2912=ORIENTED_EDGE('',*,*,#2221,.T.);
#2913=ORIENTED_EDGE('',*,*,#2222,.T.);
#2914=ORIENTED_EDGE('',*,*,#2221,.F.);
#2915=ORIENTED_EDGE('',*,*,#2222,.F.);
#2916=ORIENTED_EDGE('',*,*,#2218,.F.);
#2917=ORIENTED_EDGE('',*,*,#2223,.T.);
#2918=ORIENTED_EDGE('',*,*,#2224,.T.);
#2919=ORIENTED_EDGE('',*,*,#2223,.F.);
#2920=ORIENTED_EDGE('',*,*,#2224,.F.);
#2921=ORIENTED_EDGE('',*,*,#2215,.F.);
#2922=ORIENTED_EDGE('',*,*,#2225,.T.);
#2923=ORIENTED_EDGE('',*,*,#2226,.T.);
#2924=ORIENTED_EDGE('',*,*,#2225,.F.);
#2925=ORIENTED_EDGE('',*,*,#2226,.F.);
#2926=ORIENTED_EDGE('',*,*,#2220,.F.);
#2927=ORIENTED_EDGE('',*,*,#2227,.T.);
#2928=ORIENTED_EDGE('',*,*,#2228,.T.);
#2929=ORIENTED_EDGE('',*,*,#2227,.F.);
#2930=ORIENTED_EDGE('',*,*,#2228,.F.);
#2931=ORIENTED_EDGE('',*,*,#2209,.F.);
#2932=ORIENTED_EDGE('',*,*,#2229,.T.);
#2933=ORIENTED_EDGE('',*,*,#2230,.T.);
#2934=ORIENTED_EDGE('',*,*,#2229,.F.);
#2935=ORIENTED_EDGE('',*,*,#2230,.F.);
#2936=ORIENTED_EDGE('',*,*,#2206,.F.);
#2937=ORIENTED_EDGE('',*,*,#2231,.T.);
#2938=ORIENTED_EDGE('',*,*,#2232,.T.);
#2939=ORIENTED_EDGE('',*,*,#2231,.F.);
#2940=ORIENTED_EDGE('',*,*,#2232,.F.);
#2941=ORIENTED_EDGE('',*,*,#2208,.F.);
#2942=ORIENTED_EDGE('',*,*,#2233,.T.);
#2943=ORIENTED_EDGE('',*,*,#2234,.T.);
#2944=ORIENTED_EDGE('',*,*,#2233,.F.);
#2945=ORIENTED_EDGE('',*,*,#2234,.F.);
#2946=ORIENTED_EDGE('',*,*,#2107,.T.);
#2947=ORIENTED_EDGE('',*,*,#2235,.T.);
#2948=ORIENTED_EDGE('',*,*,#2236,.F.);
#2949=ORIENTED_EDGE('',*,*,#2237,.F.);
#2950=ORIENTED_EDGE('',*,*,#2108,.T.);
#2951=ORIENTED_EDGE('',*,*,#2237,.T.);
#2952=ORIENTED_EDGE('',*,*,#2238,.F.);
#2953=ORIENTED_EDGE('',*,*,#2197,.F.);
#2954=ORIENTED_EDGE('',*,*,#2196,.F.);
#2955=ORIENTED_EDGE('',*,*,#2239,.F.);
#2956=ORIENTED_EDGE('',*,*,#2240,.F.);
#2957=ORIENTED_EDGE('',*,*,#2111,.T.);
#2958=ORIENTED_EDGE('',*,*,#2106,.T.);
#2959=ORIENTED_EDGE('',*,*,#2240,.T.);
#2960=ORIENTED_EDGE('',*,*,#2241,.F.);
#2961=ORIENTED_EDGE('',*,*,#2235,.F.);
#2962=ORIENTED_EDGE('',*,*,#2101,.T.);
#2963=ORIENTED_EDGE('',*,*,#2242,.T.);
#2964=ORIENTED_EDGE('',*,*,#2243,.F.);
#2965=ORIENTED_EDGE('',*,*,#2244,.F.);
#2966=ORIENTED_EDGE('',*,*,#2102,.T.);
#2967=ORIENTED_EDGE('',*,*,#2244,.T.);
#2968=ORIENTED_EDGE('',*,*,#2245,.F.);
#2969=ORIENTED_EDGE('',*,*,#2246,.F.);
#2970=ORIENTED_EDGE('',*,*,#2103,.T.);
#2971=ORIENTED_EDGE('',*,*,#2246,.T.);
#2972=ORIENTED_EDGE('',*,*,#2247,.F.);
#2973=ORIENTED_EDGE('',*,*,#2202,.F.);
#2974=ORIENTED_EDGE('',*,*,#2201,.F.);
#2975=ORIENTED_EDGE('',*,*,#2248,.F.);
#2976=ORIENTED_EDGE('',*,*,#2242,.F.);
#2977=ORIENTED_EDGE('',*,*,#2100,.T.);
#2978=ORIENTED_EDGE('',*,*,#1971,.T.);
#2979=ORIENTED_EDGE('',*,*,#2249,.T.);
#2980=ORIENTED_EDGE('',*,*,#2250,.F.);
#2981=ORIENTED_EDGE('',*,*,#2251,.F.);
#2982=ORIENTED_EDGE('',*,*,#1972,.T.);
#2983=ORIENTED_EDGE('',*,*,#2251,.T.);
#2984=ORIENTED_EDGE('',*,*,#2252,.F.);
#2985=ORIENTED_EDGE('',*,*,#2253,.F.);
#2986=ORIENTED_EDGE('',*,*,#1973,.T.);
#2987=ORIENTED_EDGE('',*,*,#2253,.T.);
#2988=ORIENTED_EDGE('',*,*,#2254,.F.);
#2989=ORIENTED_EDGE('',*,*,#2255,.F.);
#2990=ORIENTED_EDGE('',*,*,#1974,.T.);
#2991=ORIENTED_EDGE('',*,*,#2255,.T.);
#2992=ORIENTED_EDGE('',*,*,#2256,.F.);
#2993=ORIENTED_EDGE('',*,*,#2257,.F.);
#2994=ORIENTED_EDGE('',*,*,#1975,.T.);
#2995=ORIENTED_EDGE('',*,*,#2257,.T.);
#2996=ORIENTED_EDGE('',*,*,#2258,.F.);
#2997=ORIENTED_EDGE('',*,*,#2259,.F.);
#2998=ORIENTED_EDGE('',*,*,#1976,.T.);
#2999=ORIENTED_EDGE('',*,*,#2259,.T.);
#3000=ORIENTED_EDGE('',*,*,#2260,.F.);
#3001=ORIENTED_EDGE('',*,*,#2261,.F.);
#3002=ORIENTED_EDGE('',*,*,#1906,.F.);
#3003=ORIENTED_EDGE('',*,*,#1910,.F.);
#3004=ORIENTED_EDGE('',*,*,#1919,.F.);
#3005=ORIENTED_EDGE('',*,*,#2117,.F.);
#3006=ORIENTED_EDGE('',*,*,#1977,.T.);
#3007=ORIENTED_EDGE('',*,*,#2261,.T.);
#3008=ORIENTED_EDGE('',*,*,#2262,.F.);
#3009=ORIENTED_EDGE('',*,*,#2263,.F.);
#3010=ORIENTED_EDGE('',*,*,#1965,.T.);
#3011=ORIENTED_EDGE('',*,*,#2116,.F.);
#3012=ORIENTED_EDGE('',*,*,#1966,.T.);
#3013=ORIENTED_EDGE('',*,*,#2263,.T.);
#3014=ORIENTED_EDGE('',*,*,#2264,.F.);
#3015=ORIENTED_EDGE('',*,*,#2265,.F.);
#3016=ORIENTED_EDGE('',*,*,#1967,.T.);
#3017=ORIENTED_EDGE('',*,*,#2265,.T.);
#3018=ORIENTED_EDGE('',*,*,#2266,.F.);
#3019=ORIENTED_EDGE('',*,*,#2267,.F.);
#3020=ORIENTED_EDGE('',*,*,#1968,.T.);
#3021=ORIENTED_EDGE('',*,*,#2267,.T.);
#3022=ORIENTED_EDGE('',*,*,#2268,.F.);
#3023=ORIENTED_EDGE('',*,*,#2269,.F.);
#3024=ORIENTED_EDGE('',*,*,#1969,.T.);
#3025=ORIENTED_EDGE('',*,*,#2269,.T.);
#3026=ORIENTED_EDGE('',*,*,#2270,.F.);
#3027=ORIENTED_EDGE('',*,*,#2271,.F.);
#3028=ORIENTED_EDGE('',*,*,#1970,.T.);
#3029=ORIENTED_EDGE('',*,*,#2271,.T.);
#3030=ORIENTED_EDGE('',*,*,#2272,.F.);
#3031=ORIENTED_EDGE('',*,*,#2249,.F.);
#3032=ORIENTED_EDGE('',*,*,#2176,.F.);
#3033=ORIENTED_EDGE('',*,*,#2273,.F.);
#3034=ORIENTED_EDGE('',*,*,#2274,.F.);
#3035=ORIENTED_EDGE('',*,*,#2032,.T.);
#3036=ORIENTED_EDGE('',*,*,#2033,.T.);
#3037=ORIENTED_EDGE('',*,*,#2274,.T.);
#3038=ORIENTED_EDGE('',*,*,#2275,.F.);
#3039=ORIENTED_EDGE('',*,*,#2150,.F.);
#3040=ORIENTED_EDGE('',*,*,#2154,.F.);
#3041=ORIENTED_EDGE('',*,*,#2276,.F.);
#3042=ORIENTED_EDGE('',*,*,#2277,.F.);
#3043=ORIENTED_EDGE('',*,*,#2028,.T.);
#3044=ORIENTED_EDGE('',*,*,#2029,.T.);
#3045=ORIENTED_EDGE('',*,*,#2277,.T.);
#3046=ORIENTED_EDGE('',*,*,#2278,.F.);
#3047=ORIENTED_EDGE('',*,*,#2177,.F.);
#3048=ORIENTED_EDGE('',*,*,#2050,.T.);
#3049=ORIENTED_EDGE('',*,*,#2279,.T.);
#3050=ORIENTED_EDGE('',*,*,#2280,.F.);
#3051=ORIENTED_EDGE('',*,*,#2281,.F.);
#3052=ORIENTED_EDGE('',*,*,#2051,.T.);
#3053=ORIENTED_EDGE('',*,*,#2281,.T.);
#3054=ORIENTED_EDGE('',*,*,#2282,.F.);
#3055=ORIENTED_EDGE('',*,*,#2283,.F.);
#3056=ORIENTED_EDGE('',*,*,#2052,.T.);
#3057=ORIENTED_EDGE('',*,*,#2283,.T.);
#3058=ORIENTED_EDGE('',*,*,#2284,.F.);
#3059=ORIENTED_EDGE('',*,*,#2285,.F.);
#3060=ORIENTED_EDGE('',*,*,#2053,.T.);
#3061=ORIENTED_EDGE('',*,*,#2285,.T.);
#3062=ORIENTED_EDGE('',*,*,#2286,.F.);
#3063=ORIENTED_EDGE('',*,*,#2287,.F.);
#3064=ORIENTED_EDGE('',*,*,#2054,.T.);
#3065=ORIENTED_EDGE('',*,*,#2287,.T.);
#3066=ORIENTED_EDGE('',*,*,#2288,.F.);
#3067=ORIENTED_EDGE('',*,*,#2289,.F.);
#3068=ORIENTED_EDGE('',*,*,#2055,.T.);
#3069=ORIENTED_EDGE('',*,*,#2289,.T.);
#3070=ORIENTED_EDGE('',*,*,#2290,.F.);
#3071=ORIENTED_EDGE('',*,*,#2291,.F.);
#3072=ORIENTED_EDGE('',*,*,#2056,.T.);
#3073=ORIENTED_EDGE('',*,*,#2291,.T.);
#3074=ORIENTED_EDGE('',*,*,#2292,.F.);
#3075=ORIENTED_EDGE('',*,*,#2293,.F.);
#3076=ORIENTED_EDGE('',*,*,#2057,.T.);
#3077=ORIENTED_EDGE('',*,*,#2293,.T.);
#3078=ORIENTED_EDGE('',*,*,#2294,.F.);
#3079=ORIENTED_EDGE('',*,*,#2295,.F.);
#3080=ORIENTED_EDGE('',*,*,#2058,.T.);
#3081=ORIENTED_EDGE('',*,*,#2295,.T.);
#3082=ORIENTED_EDGE('',*,*,#2296,.F.);
#3083=ORIENTED_EDGE('',*,*,#2297,.F.);
#3084=ORIENTED_EDGE('',*,*,#2059,.T.);
#3085=ORIENTED_EDGE('',*,*,#2297,.T.);
#3086=ORIENTED_EDGE('',*,*,#2298,.F.);
#3087=ORIENTED_EDGE('',*,*,#2299,.F.);
#3088=ORIENTED_EDGE('',*,*,#2060,.T.);
#3089=ORIENTED_EDGE('',*,*,#2299,.T.);
#3090=ORIENTED_EDGE('',*,*,#2300,.F.);
#3091=ORIENTED_EDGE('',*,*,#2301,.F.);
#3092=ORIENTED_EDGE('',*,*,#1889,.F.);
#3093=ORIENTED_EDGE('',*,*,#1893,.F.);
#3094=ORIENTED_EDGE('',*,*,#1902,.F.);
#3095=ORIENTED_EDGE('',*,*,#1938,.F.);
#3096=ORIENTED_EDGE('',*,*,#2061,.T.);
#3097=ORIENTED_EDGE('',*,*,#2301,.T.);
#3098=ORIENTED_EDGE('',*,*,#2302,.F.);
#3099=ORIENTED_EDGE('',*,*,#2279,.F.);
#3100=ORIENTED_EDGE('',*,*,#2049,.T.);
#3101=ORIENTED_EDGE('',*,*,#1940,.F.);
#3102=ORIENTED_EDGE('',*,*,#2095,.T.);
#3103=ORIENTED_EDGE('',*,*,#2303,.T.);
#3104=ORIENTED_EDGE('',*,*,#2304,.F.);
#3105=ORIENTED_EDGE('',*,*,#2305,.F.);
#3106=ORIENTED_EDGE('',*,*,#2096,.T.);
#3107=ORIENTED_EDGE('',*,*,#2305,.T.);
#3108=ORIENTED_EDGE('',*,*,#2306,.F.);
#3109=ORIENTED_EDGE('',*,*,#2307,.F.);
#3110=ORIENTED_EDGE('',*,*,#2097,.T.);
#3111=ORIENTED_EDGE('',*,*,#2307,.T.);
#3112=ORIENTED_EDGE('',*,*,#2308,.F.);
#3113=ORIENTED_EDGE('',*,*,#2192,.F.);
#3114=ORIENTED_EDGE('',*,*,#2191,.F.);
#3115=ORIENTED_EDGE('',*,*,#2309,.F.);
#3116=ORIENTED_EDGE('',*,*,#2303,.F.);
#3117=ORIENTED_EDGE('',*,*,#2094,.T.);
#3118=ORIENTED_EDGE('',*,*,#2186,.F.);
#3119=ORIENTED_EDGE('',*,*,#2310,.F.);
#3120=ORIENTED_EDGE('',*,*,#2311,.F.);
#3121=ORIENTED_EDGE('',*,*,#2084,.T.);
#3122=ORIENTED_EDGE('',*,*,#2085,.T.);
#3123=ORIENTED_EDGE('',*,*,#2311,.T.);
#3124=ORIENTED_EDGE('',*,*,#2312,.F.);
#3125=ORIENTED_EDGE('',*,*,#2145,.F.);
#3126=ORIENTED_EDGE('',*,*,#2134,.F.);
#3127=ORIENTED_EDGE('',*,*,#2313,.F.);
#3128=ORIENTED_EDGE('',*,*,#2314,.F.);
#3129=ORIENTED_EDGE('',*,*,#2080,.T.);
#3130=ORIENTED_EDGE('',*,*,#2081,.T.);
#3131=ORIENTED_EDGE('',*,*,#2314,.T.);
#3132=ORIENTED_EDGE('',*,*,#2315,.F.);
#3133=ORIENTED_EDGE('',*,*,#2187,.F.);
#3134=ORIENTED_EDGE('',*,*,#2003,.T.);
#3135=ORIENTED_EDGE('',*,*,#2316,.T.);
#3136=ORIENTED_EDGE('',*,*,#2317,.F.);
#3137=ORIENTED_EDGE('',*,*,#2318,.F.);
#3138=ORIENTED_EDGE('',*,*,#2004,.T.);
#3139=ORIENTED_EDGE('',*,*,#2318,.T.);
#3140=ORIENTED_EDGE('',*,*,#2319,.F.);
#3141=ORIENTED_EDGE('',*,*,#2320,.F.);
#3142=ORIENTED_EDGE('',*,*,#2005,.T.);
#3143=ORIENTED_EDGE('',*,*,#2320,.T.);
#3144=ORIENTED_EDGE('',*,*,#2321,.F.);
#3145=ORIENTED_EDGE('',*,*,#2322,.F.);
#3146=ORIENTED_EDGE('',*,*,#2006,.T.);
#3147=ORIENTED_EDGE('',*,*,#2322,.T.);
#3148=ORIENTED_EDGE('',*,*,#2323,.F.);
#3149=ORIENTED_EDGE('',*,*,#2324,.F.);
#3150=ORIENTED_EDGE('',*,*,#2007,.T.);
#3151=ORIENTED_EDGE('',*,*,#2324,.T.);
#3152=ORIENTED_EDGE('',*,*,#2325,.F.);
#3153=ORIENTED_EDGE('',*,*,#2326,.F.);
#3154=ORIENTED_EDGE('',*,*,#2008,.T.);
#3155=ORIENTED_EDGE('',*,*,#2326,.T.);
#3156=ORIENTED_EDGE('',*,*,#2327,.F.);
#3157=ORIENTED_EDGE('',*,*,#2328,.F.);
#3158=ORIENTED_EDGE('',*,*,#2009,.T.);
#3159=ORIENTED_EDGE('',*,*,#2328,.T.);
#3160=ORIENTED_EDGE('',*,*,#2329,.F.);
#3161=ORIENTED_EDGE('',*,*,#2330,.F.);
#3162=ORIENTED_EDGE('',*,*,#2010,.T.);
#3163=ORIENTED_EDGE('',*,*,#2330,.T.);
#3164=ORIENTED_EDGE('',*,*,#2331,.F.);
#3165=ORIENTED_EDGE('',*,*,#2332,.F.);
#3166=ORIENTED_EDGE('',*,*,#2011,.T.);
#3167=ORIENTED_EDGE('',*,*,#2332,.T.);
#3168=ORIENTED_EDGE('',*,*,#2333,.F.);
#3169=ORIENTED_EDGE('',*,*,#2334,.F.);
#3170=ORIENTED_EDGE('',*,*,#2012,.T.);
#3171=ORIENTED_EDGE('',*,*,#2334,.T.);
#3172=ORIENTED_EDGE('',*,*,#2335,.F.);
#3173=ORIENTED_EDGE('',*,*,#2336,.F.);
#3174=ORIENTED_EDGE('',*,*,#2013,.T.);
#3175=ORIENTED_EDGE('',*,*,#2336,.T.);
#3176=ORIENTED_EDGE('',*,*,#2337,.F.);
#3177=ORIENTED_EDGE('',*,*,#2338,.F.);
#3178=ORIENTED_EDGE('',*,*,#1923,.F.);
#3179=ORIENTED_EDGE('',*,*,#1927,.F.);
#3180=ORIENTED_EDGE('',*,*,#1936,.F.);
#3181=ORIENTED_EDGE('',*,*,#2114,.F.);
#3182=ORIENTED_EDGE('',*,*,#2014,.T.);
#3183=ORIENTED_EDGE('',*,*,#2338,.T.);
#3184=ORIENTED_EDGE('',*,*,#2339,.F.);
#3185=ORIENTED_EDGE('',*,*,#2316,.F.);
#3186=ORIENTED_EDGE('',*,*,#2002,.T.);
#3187=ORIENTED_EDGE('',*,*,#2115,.F.);
#3188=ORIENTED_EDGE('',*,*,#2166,.F.);
#3189=ORIENTED_EDGE('',*,*,#2340,.F.);
#3190=ORIENTED_EDGE('',*,*,#2341,.F.);
#3191=ORIENTED_EDGE('',*,*,#2091,.T.);
#3192=ORIENTED_EDGE('',*,*,#2092,.T.);
#3193=ORIENTED_EDGE('',*,*,#2341,.T.);
#3194=ORIENTED_EDGE('',*,*,#2342,.F.);
#3195=ORIENTED_EDGE('',*,*,#2343,.F.);
#3196=ORIENTED_EDGE('',*,*,#2093,.T.);
#3197=ORIENTED_EDGE('',*,*,#2343,.T.);
#3198=ORIENTED_EDGE('',*,*,#2344,.F.);
#3199=ORIENTED_EDGE('',*,*,#2345,.F.);
#3200=ORIENTED_EDGE('',*,*,#2088,.T.);
#3201=ORIENTED_EDGE('',*,*,#2345,.T.);
#3202=ORIENTED_EDGE('',*,*,#2346,.F.);
#3203=ORIENTED_EDGE('',*,*,#2167,.F.);
#3204=ORIENTED_EDGE('',*,*,#2071,.T.);
#3205=ORIENTED_EDGE('',*,*,#2347,.T.);
#3206=ORIENTED_EDGE('',*,*,#2348,.F.);
#3207=ORIENTED_EDGE('',*,*,#2182,.F.);
#3208=ORIENTED_EDGE('',*,*,#2181,.F.);
#3209=ORIENTED_EDGE('',*,*,#2349,.F.);
#3210=ORIENTED_EDGE('',*,*,#2350,.F.);
#3211=ORIENTED_EDGE('',*,*,#2074,.T.);
#3212=ORIENTED_EDGE('',*,*,#2075,.T.);
#3213=ORIENTED_EDGE('',*,*,#2350,.T.);
#3214=ORIENTED_EDGE('',*,*,#2351,.F.);
#3215=ORIENTED_EDGE('',*,*,#2162,.F.);
#3216=ORIENTED_EDGE('',*,*,#2159,.F.);
#3217=ORIENTED_EDGE('',*,*,#2352,.F.);
#3218=ORIENTED_EDGE('',*,*,#2347,.F.);
#3219=ORIENTED_EDGE('',*,*,#2070,.T.);
#3220=ORIENTED_EDGE('',*,*,#2063,.T.);
#3221=ORIENTED_EDGE('',*,*,#2353,.T.);
#3222=ORIENTED_EDGE('',*,*,#2354,.F.);
#3223=ORIENTED_EDGE('',*,*,#2172,.F.);
#3224=ORIENTED_EDGE('',*,*,#2171,.F.);
#3225=ORIENTED_EDGE('',*,*,#2355,.F.);
#3226=ORIENTED_EDGE('',*,*,#2356,.F.);
#3227=ORIENTED_EDGE('',*,*,#2066,.T.);
#3228=ORIENTED_EDGE('',*,*,#2067,.T.);
#3229=ORIENTED_EDGE('',*,*,#2356,.T.);
#3230=ORIENTED_EDGE('',*,*,#2357,.F.);
#3231=ORIENTED_EDGE('',*,*,#2358,.F.);
#3232=ORIENTED_EDGE('',*,*,#2062,.T.);
#3233=ORIENTED_EDGE('',*,*,#2358,.T.);
#3234=ORIENTED_EDGE('',*,*,#2359,.F.);
#3235=ORIENTED_EDGE('',*,*,#2353,.F.);
#3236=ORIENTED_EDGE('',*,*,#1945,.F.);
#3237=ORIENTED_EDGE('',*,*,#2360,.T.);
#3238=ORIENTED_EDGE('',*,*,#2361,.F.);
#3239=ORIENTED_EDGE('',*,*,#2362,.F.);
#3240=ORIENTED_EDGE('',*,*,#1946,.T.);
#3241=ORIENTED_EDGE('',*,*,#2362,.T.);
#3242=ORIENTED_EDGE('',*,*,#2363,.F.);
#3243=ORIENTED_EDGE('',*,*,#2364,.F.);
#3244=ORIENTED_EDGE('',*,*,#1947,.T.);
#3245=ORIENTED_EDGE('',*,*,#2364,.T.);
#3246=ORIENTED_EDGE('',*,*,#2365,.F.);
#3247=ORIENTED_EDGE('',*,*,#2130,.F.);
#3248=ORIENTED_EDGE('',*,*,#2129,.F.);
#3249=ORIENTED_EDGE('',*,*,#2366,.F.);
#3250=ORIENTED_EDGE('',*,*,#2367,.F.);
#3251=ORIENTED_EDGE('',*,*,#1950,.T.);
#3252=ORIENTED_EDGE('',*,*,#2367,.T.);
#3253=ORIENTED_EDGE('',*,*,#2368,.F.);
#3254=ORIENTED_EDGE('',*,*,#2369,.F.);
#3255=ORIENTED_EDGE('',*,*,#1952,.F.);
#3256=ORIENTED_EDGE('',*,*,#2370,.T.);
#3257=ORIENTED_EDGE('',*,*,#2219,.F.);
#3258=ORIENTED_EDGE('',*,*,#2370,.F.);
#3259=ORIENTED_EDGE('',*,*,#1951,.F.);
#3260=ORIENTED_EDGE('',*,*,#1953,.F.);
#3261=ORIENTED_EDGE('',*,*,#2369,.T.);
#3262=ORIENTED_EDGE('',*,*,#2371,.F.);
#3263=ORIENTED_EDGE('',*,*,#2372,.F.);
#3264=ORIENTED_EDGE('',*,*,#2372,.T.);
#3265=ORIENTED_EDGE('',*,*,#2373,.F.);
#3266=ORIENTED_EDGE('',*,*,#2374,.F.);
#3267=ORIENTED_EDGE('',*,*,#1955,.F.);
#3268=ORIENTED_EDGE('',*,*,#2375,.T.);
#3269=ORIENTED_EDGE('',*,*,#2207,.F.);
#3270=ORIENTED_EDGE('',*,*,#2375,.F.);
#3271=ORIENTED_EDGE('',*,*,#1954,.F.);
#3272=ORIENTED_EDGE('',*,*,#1956,.F.);
#3273=ORIENTED_EDGE('',*,*,#2374,.T.);
#3274=ORIENTED_EDGE('',*,*,#2376,.F.);
#3275=ORIENTED_EDGE('',*,*,#2377,.F.);
#3276=ORIENTED_EDGE('',*,*,#1957,.T.);
#3277=ORIENTED_EDGE('',*,*,#2377,.T.);
#3278=ORIENTED_EDGE('',*,*,#2378,.F.);
#3279=ORIENTED_EDGE('',*,*,#2379,.F.);
#3280=ORIENTED_EDGE('',*,*,#1958,.F.);
#3281=ORIENTED_EDGE('',*,*,#2379,.T.);
#3282=ORIENTED_EDGE('',*,*,#2380,.F.);
#3283=ORIENTED_EDGE('',*,*,#2381,.F.);
#3284=ORIENTED_EDGE('',*,*,#1959,.F.);
#3285=ORIENTED_EDGE('',*,*,#2381,.T.);
#3286=ORIENTED_EDGE('',*,*,#2382,.F.);
#3287=ORIENTED_EDGE('',*,*,#2383,.F.);
#3288=ORIENTED_EDGE('',*,*,#1960,.F.);
#3289=ORIENTED_EDGE('',*,*,#2383,.T.);
#3290=ORIENTED_EDGE('',*,*,#2384,.F.);
#3291=ORIENTED_EDGE('',*,*,#2385,.F.);
#3292=ORIENTED_EDGE('',*,*,#1961,.T.);
#3293=ORIENTED_EDGE('',*,*,#2385,.T.);
#3294=ORIENTED_EDGE('',*,*,#2386,.F.);
#3295=ORIENTED_EDGE('',*,*,#2387,.F.);
#3296=ORIENTED_EDGE('',*,*,#1962,.F.);
#3297=ORIENTED_EDGE('',*,*,#2387,.T.);
#3298=ORIENTED_EDGE('',*,*,#2388,.F.);
#3299=ORIENTED_EDGE('',*,*,#2389,.F.);
#3300=ORIENTED_EDGE('',*,*,#1963,.T.);
#3301=ORIENTED_EDGE('',*,*,#2389,.T.);
#3302=ORIENTED_EDGE('',*,*,#2390,.F.);
#3303=ORIENTED_EDGE('',*,*,#1913,.F.);
#3304=ORIENTED_EDGE('',*,*,#1979,.T.);
#3305=ORIENTED_EDGE('',*,*,#1915,.T.);
#3306=ORIENTED_EDGE('',*,*,#2391,.F.);
#3307=ORIENTED_EDGE('',*,*,#2392,.F.);
#3308=ORIENTED_EDGE('',*,*,#1980,.T.);
#3309=ORIENTED_EDGE('',*,*,#2392,.T.);
#3310=ORIENTED_EDGE('',*,*,#2393,.F.);
#3311=ORIENTED_EDGE('',*,*,#2394,.F.);
#3312=ORIENTED_EDGE('',*,*,#1981,.T.);
#3313=ORIENTED_EDGE('',*,*,#2394,.T.);
#3314=ORIENTED_EDGE('',*,*,#2395,.F.);
#3315=ORIENTED_EDGE('',*,*,#2396,.F.);
#3316=ORIENTED_EDGE('',*,*,#1982,.T.);
#3317=ORIENTED_EDGE('',*,*,#2396,.T.);
#3318=ORIENTED_EDGE('',*,*,#2397,.F.);
#3319=ORIENTED_EDGE('',*,*,#2398,.F.);
#3320=ORIENTED_EDGE('',*,*,#1983,.F.);
#3321=ORIENTED_EDGE('',*,*,#2398,.T.);
#3322=ORIENTED_EDGE('',*,*,#2399,.F.);
#3323=ORIENTED_EDGE('',*,*,#2400,.F.);
#3324=ORIENTED_EDGE('',*,*,#1984,.T.);
#3325=ORIENTED_EDGE('',*,*,#2400,.T.);
#3326=ORIENTED_EDGE('',*,*,#2401,.F.);
#3327=ORIENTED_EDGE('',*,*,#2402,.F.);
#3328=ORIENTED_EDGE('',*,*,#1985,.T.);
#3329=ORIENTED_EDGE('',*,*,#2402,.T.);
#3330=ORIENTED_EDGE('',*,*,#2403,.F.);
#3331=ORIENTED_EDGE('',*,*,#2125,.F.);
#3332=ORIENTED_EDGE('',*,*,#2120,.F.);
#3333=ORIENTED_EDGE('',*,*,#2404,.F.);
#3334=ORIENTED_EDGE('',*,*,#2405,.F.);
#3335=ORIENTED_EDGE('',*,*,#1993,.F.);
#3336=ORIENTED_EDGE('',*,*,#1994,.T.);
#3337=ORIENTED_EDGE('',*,*,#2405,.T.);
#3338=ORIENTED_EDGE('',*,*,#2406,.F.);
#3339=ORIENTED_EDGE('',*,*,#2407,.F.);
#3340=ORIENTED_EDGE('',*,*,#1995,.F.);
#3341=ORIENTED_EDGE('',*,*,#2407,.T.);
#3342=ORIENTED_EDGE('',*,*,#2408,.F.);
#3343=ORIENTED_EDGE('',*,*,#2409,.F.);
#3344=ORIENTED_EDGE('',*,*,#1996,.F.);
#3345=ORIENTED_EDGE('',*,*,#2409,.T.);
#3346=ORIENTED_EDGE('',*,*,#2410,.F.);
#3347=ORIENTED_EDGE('',*,*,#2411,.F.);
#3348=ORIENTED_EDGE('',*,*,#1997,.F.);
#3349=ORIENTED_EDGE('',*,*,#2411,.T.);
#3350=ORIENTED_EDGE('',*,*,#2412,.F.);
#3351=ORIENTED_EDGE('',*,*,#2413,.F.);
#3352=ORIENTED_EDGE('',*,*,#1998,.T.);
#3353=ORIENTED_EDGE('',*,*,#2413,.T.);
#3354=ORIENTED_EDGE('',*,*,#2414,.F.);
#3355=ORIENTED_EDGE('',*,*,#2415,.F.);
#3356=ORIENTED_EDGE('',*,*,#1999,.F.);
#3357=ORIENTED_EDGE('',*,*,#2415,.T.);
#3358=ORIENTED_EDGE('',*,*,#2416,.F.);
#3359=ORIENTED_EDGE('',*,*,#2417,.F.);
#3360=ORIENTED_EDGE('',*,*,#2000,.T.);
#3361=ORIENTED_EDGE('',*,*,#2417,.T.);
#3362=ORIENTED_EDGE('',*,*,#2418,.F.);
#3363=ORIENTED_EDGE('',*,*,#1930,.F.);
#3364=ORIENTED_EDGE('',*,*,#2016,.T.);
#3365=ORIENTED_EDGE('',*,*,#1932,.T.);
#3366=ORIENTED_EDGE('',*,*,#2419,.F.);
#3367=ORIENTED_EDGE('',*,*,#2420,.F.);
#3368=ORIENTED_EDGE('',*,*,#2017,.T.);
#3369=ORIENTED_EDGE('',*,*,#2420,.T.);
#3370=ORIENTED_EDGE('',*,*,#2421,.F.);
#3371=ORIENTED_EDGE('',*,*,#2422,.F.);
#3372=ORIENTED_EDGE('',*,*,#2018,.T.);
#3373=ORIENTED_EDGE('',*,*,#2422,.T.);
#3374=ORIENTED_EDGE('',*,*,#2423,.F.);
#3375=ORIENTED_EDGE('',*,*,#2424,.F.);
#3376=ORIENTED_EDGE('',*,*,#2019,.T.);
#3377=ORIENTED_EDGE('',*,*,#2424,.T.);
#3378=ORIENTED_EDGE('',*,*,#2425,.F.);
#3379=ORIENTED_EDGE('',*,*,#2426,.F.);
#3380=ORIENTED_EDGE('',*,*,#2020,.F.);
#3381=ORIENTED_EDGE('',*,*,#2426,.T.);
#3382=ORIENTED_EDGE('',*,*,#2427,.F.);
#3383=ORIENTED_EDGE('',*,*,#2428,.F.);
#3384=ORIENTED_EDGE('',*,*,#2021,.T.);
#3385=ORIENTED_EDGE('',*,*,#2428,.T.);
#3386=ORIENTED_EDGE('',*,*,#2429,.F.);
#3387=ORIENTED_EDGE('',*,*,#2430,.F.);
#3388=ORIENTED_EDGE('',*,*,#2022,.T.);
#3389=ORIENTED_EDGE('',*,*,#2430,.T.);
#3390=ORIENTED_EDGE('',*,*,#2431,.F.);
#3391=ORIENTED_EDGE('',*,*,#2432,.F.);
#3392=ORIENTED_EDGE('',*,*,#2023,.T.);
#3393=ORIENTED_EDGE('',*,*,#2432,.T.);
#3394=ORIENTED_EDGE('',*,*,#2433,.F.);
#3395=ORIENTED_EDGE('',*,*,#2434,.F.);
#3396=ORIENTED_EDGE('',*,*,#2434,.T.);
#3397=ORIENTED_EDGE('',*,*,#2435,.F.);
#3398=ORIENTED_EDGE('',*,*,#2436,.F.);
#3399=ORIENTED_EDGE('',*,*,#2437,.T.);
#3400=ORIENTED_EDGE('',*,*,#2214,.F.);
#3401=ORIENTED_EDGE('',*,*,#2437,.F.);
#3402=ORIENTED_EDGE('',*,*,#2024,.F.);
#3403=ORIENTED_EDGE('',*,*,#2037,.T.);
#3404=ORIENTED_EDGE('',*,*,#2025,.T.);
#3405=ORIENTED_EDGE('',*,*,#2436,.T.);
#3406=ORIENTED_EDGE('',*,*,#2438,.F.);
#3407=ORIENTED_EDGE('',*,*,#2439,.F.);
#3408=ORIENTED_EDGE('',*,*,#2439,.T.);
#3409=ORIENTED_EDGE('',*,*,#2440,.F.);
#3410=ORIENTED_EDGE('',*,*,#2441,.F.);
#3411=ORIENTED_EDGE('',*,*,#2038,.F.);
#3412=ORIENTED_EDGE('',*,*,#2442,.T.);
#3413=ORIENTED_EDGE('',*,*,#2212,.F.);
#3414=ORIENTED_EDGE('',*,*,#2442,.F.);
#3415=ORIENTED_EDGE('',*,*,#2039,.F.);
#3416=ORIENTED_EDGE('',*,*,#2441,.T.);
#3417=ORIENTED_EDGE('',*,*,#2443,.F.);
#3418=ORIENTED_EDGE('',*,*,#2444,.F.);
#3419=ORIENTED_EDGE('',*,*,#2040,.T.);
#3420=ORIENTED_EDGE('',*,*,#2444,.T.);
#3421=ORIENTED_EDGE('',*,*,#2445,.F.);
#3422=ORIENTED_EDGE('',*,*,#2446,.F.);
#3423=ORIENTED_EDGE('',*,*,#2041,.F.);
#3424=ORIENTED_EDGE('',*,*,#2446,.T.);
#3425=ORIENTED_EDGE('',*,*,#2447,.F.);
#3426=ORIENTED_EDGE('',*,*,#2448,.F.);
#3427=ORIENTED_EDGE('',*,*,#2042,.F.);
#3428=ORIENTED_EDGE('',*,*,#2448,.T.);
#3429=ORIENTED_EDGE('',*,*,#2449,.F.);
#3430=ORIENTED_EDGE('',*,*,#2450,.F.);
#3431=ORIENTED_EDGE('',*,*,#2043,.F.);
#3432=ORIENTED_EDGE('',*,*,#2450,.T.);
#3433=ORIENTED_EDGE('',*,*,#2451,.F.);
#3434=ORIENTED_EDGE('',*,*,#2452,.F.);
#3435=ORIENTED_EDGE('',*,*,#2044,.T.);
#3436=ORIENTED_EDGE('',*,*,#2452,.T.);
#3437=ORIENTED_EDGE('',*,*,#2453,.F.);
#3438=ORIENTED_EDGE('',*,*,#2454,.F.);
#3439=ORIENTED_EDGE('',*,*,#2045,.T.);
#3440=ORIENTED_EDGE('',*,*,#2454,.T.);
#3441=ORIENTED_EDGE('',*,*,#2455,.F.);
#3442=ORIENTED_EDGE('',*,*,#2456,.F.);
#3443=ORIENTED_EDGE('',*,*,#2046,.F.);
#3444=ORIENTED_EDGE('',*,*,#2456,.T.);
#3445=ORIENTED_EDGE('',*,*,#2457,.F.);
#3446=ORIENTED_EDGE('',*,*,#2458,.F.);
#3447=ORIENTED_EDGE('',*,*,#2047,.F.);
#3448=ORIENTED_EDGE('',*,*,#2458,.T.);
#3449=ORIENTED_EDGE('',*,*,#2459,.F.);
#3450=ORIENTED_EDGE('',*,*,#2460,.F.);
#3451=ORIENTED_EDGE('',*,*,#2048,.T.);
#3452=ORIENTED_EDGE('',*,*,#2460,.T.);
#3453=ORIENTED_EDGE('',*,*,#2461,.F.);
#3454=ORIENTED_EDGE('',*,*,#1896,.F.);
#3455=ORIENTED_EDGE('',*,*,#1942,.T.);
#3456=ORIENTED_EDGE('',*,*,#1898,.T.);
#3457=ORIENTED_EDGE('',*,*,#2462,.F.);
#3458=ORIENTED_EDGE('',*,*,#2463,.F.);
#3459=ORIENTED_EDGE('',*,*,#1943,.T.);
#3460=ORIENTED_EDGE('',*,*,#2463,.T.);
#3461=ORIENTED_EDGE('',*,*,#2464,.F.);
#3462=ORIENTED_EDGE('',*,*,#2465,.F.);
#3463=ORIENTED_EDGE('',*,*,#1944,.T.);
#3464=ORIENTED_EDGE('',*,*,#2465,.T.);
#3465=ORIENTED_EDGE('',*,*,#2466,.F.);
#3466=ORIENTED_EDGE('',*,*,#2360,.F.);
#3467=ORIENTED_EDGE('',*,*,#2466,.T.);
#3468=ORIENTED_EDGE('',*,*,#2464,.T.);
#3469=ORIENTED_EDGE('',*,*,#2462,.T.);
#3470=ORIENTED_EDGE('',*,*,#1897,.T.);
#3471=ORIENTED_EDGE('',*,*,#2461,.T.);
#3472=ORIENTED_EDGE('',*,*,#2459,.T.);
#3473=ORIENTED_EDGE('',*,*,#2457,.T.);
#3474=ORIENTED_EDGE('',*,*,#2455,.T.);
#3475=ORIENTED_EDGE('',*,*,#2453,.T.);
#3476=ORIENTED_EDGE('',*,*,#2451,.T.);
#3477=ORIENTED_EDGE('',*,*,#2449,.T.);
#3478=ORIENTED_EDGE('',*,*,#2447,.T.);
#3479=ORIENTED_EDGE('',*,*,#2445,.T.);
#3480=ORIENTED_EDGE('',*,*,#2443,.T.);
#3481=ORIENTED_EDGE('',*,*,#2440,.T.);
#3482=ORIENTED_EDGE('',*,*,#2438,.T.);
#3483=ORIENTED_EDGE('',*,*,#2435,.T.);
#3484=ORIENTED_EDGE('',*,*,#2433,.T.);
#3485=ORIENTED_EDGE('',*,*,#2431,.T.);
#3486=ORIENTED_EDGE('',*,*,#2429,.T.);
#3487=ORIENTED_EDGE('',*,*,#2427,.T.);
#3488=ORIENTED_EDGE('',*,*,#2425,.T.);
#3489=ORIENTED_EDGE('',*,*,#2423,.T.);
#3490=ORIENTED_EDGE('',*,*,#2421,.T.);
#3491=ORIENTED_EDGE('',*,*,#2419,.T.);
#3492=ORIENTED_EDGE('',*,*,#1931,.T.);
#3493=ORIENTED_EDGE('',*,*,#2418,.T.);
#3494=ORIENTED_EDGE('',*,*,#2416,.T.);
#3495=ORIENTED_EDGE('',*,*,#2414,.T.);
#3496=ORIENTED_EDGE('',*,*,#2412,.T.);
#3497=ORIENTED_EDGE('',*,*,#2410,.T.);
#3498=ORIENTED_EDGE('',*,*,#2408,.T.);
#3499=ORIENTED_EDGE('',*,*,#2406,.T.);
#3500=ORIENTED_EDGE('',*,*,#2404,.T.);
#3501=ORIENTED_EDGE('',*,*,#2119,.F.);
#3502=ORIENTED_EDGE('',*,*,#2122,.T.);
#3503=ORIENTED_EDGE('',*,*,#2124,.F.);
#3504=ORIENTED_EDGE('',*,*,#2126,.T.);
#3505=ORIENTED_EDGE('',*,*,#2403,.T.);
#3506=ORIENTED_EDGE('',*,*,#2401,.T.);
#3507=ORIENTED_EDGE('',*,*,#2399,.T.);
#3508=ORIENTED_EDGE('',*,*,#2397,.T.);
#3509=ORIENTED_EDGE('',*,*,#2395,.T.);
#3510=ORIENTED_EDGE('',*,*,#2393,.T.);
#3511=ORIENTED_EDGE('',*,*,#2391,.T.);
#3512=ORIENTED_EDGE('',*,*,#1914,.T.);
#3513=ORIENTED_EDGE('',*,*,#2390,.T.);
#3514=ORIENTED_EDGE('',*,*,#2388,.T.);
#3515=ORIENTED_EDGE('',*,*,#2386,.T.);
#3516=ORIENTED_EDGE('',*,*,#2384,.T.);
#3517=ORIENTED_EDGE('',*,*,#2382,.T.);
#3518=ORIENTED_EDGE('',*,*,#2380,.T.);
#3519=ORIENTED_EDGE('',*,*,#2378,.T.);
#3520=ORIENTED_EDGE('',*,*,#2376,.T.);
#3521=ORIENTED_EDGE('',*,*,#2373,.T.);
#3522=ORIENTED_EDGE('',*,*,#2371,.T.);
#3523=ORIENTED_EDGE('',*,*,#2368,.T.);
#3524=ORIENTED_EDGE('',*,*,#2366,.T.);
#3525=ORIENTED_EDGE('',*,*,#2128,.F.);
#3526=ORIENTED_EDGE('',*,*,#2131,.T.);
#3527=ORIENTED_EDGE('',*,*,#2365,.T.);
#3528=ORIENTED_EDGE('',*,*,#2363,.T.);
#3529=ORIENTED_EDGE('',*,*,#2361,.T.);
#3530=ORIENTED_EDGE('',*,*,#2359,.T.);
#3531=ORIENTED_EDGE('',*,*,#2357,.T.);
#3532=ORIENTED_EDGE('',*,*,#2355,.T.);
#3533=ORIENTED_EDGE('',*,*,#2170,.F.);
#3534=ORIENTED_EDGE('',*,*,#2173,.T.);
#3535=ORIENTED_EDGE('',*,*,#2354,.T.);
#3536=ORIENTED_EDGE('',*,*,#2352,.T.);
#3537=ORIENTED_EDGE('',*,*,#2158,.F.);
#3538=ORIENTED_EDGE('',*,*,#2139,.T.);
#3539=ORIENTED_EDGE('',*,*,#2136,.T.);
#3540=ORIENTED_EDGE('',*,*,#2161,.F.);
#3541=ORIENTED_EDGE('',*,*,#2163,.T.);
#3542=ORIENTED_EDGE('',*,*,#2351,.T.);
#3543=ORIENTED_EDGE('',*,*,#2349,.T.);
#3544=ORIENTED_EDGE('',*,*,#2180,.F.);
#3545=ORIENTED_EDGE('',*,*,#2183,.T.);
#3546=ORIENTED_EDGE('',*,*,#2348,.T.);
#3547=ORIENTED_EDGE('',*,*,#2346,.T.);
#3548=ORIENTED_EDGE('',*,*,#2344,.T.);
#3549=ORIENTED_EDGE('',*,*,#2342,.T.);
#3550=ORIENTED_EDGE('',*,*,#2340,.T.);
#3551=ORIENTED_EDGE('',*,*,#2165,.F.);
#3552=ORIENTED_EDGE('',*,*,#2168,.T.);
#3553=ORIENTED_EDGE('',*,*,#2339,.T.);
#3554=ORIENTED_EDGE('',*,*,#2337,.T.);
#3555=ORIENTED_EDGE('',*,*,#2335,.T.);
#3556=ORIENTED_EDGE('',*,*,#2333,.T.);
#3557=ORIENTED_EDGE('',*,*,#2331,.T.);
#3558=ORIENTED_EDGE('',*,*,#2329,.T.);
#3559=ORIENTED_EDGE('',*,*,#2327,.T.);
#3560=ORIENTED_EDGE('',*,*,#2325,.T.);
#3561=ORIENTED_EDGE('',*,*,#2323,.T.);
#3562=ORIENTED_EDGE('',*,*,#2321,.T.);
#3563=ORIENTED_EDGE('',*,*,#2319,.T.);
#3564=ORIENTED_EDGE('',*,*,#2317,.T.);
#3565=ORIENTED_EDGE('',*,*,#2315,.T.);
#3566=ORIENTED_EDGE('',*,*,#2313,.T.);
#3567=ORIENTED_EDGE('',*,*,#2133,.F.);
#3568=ORIENTED_EDGE('',*,*,#2142,.T.);
#3569=ORIENTED_EDGE('',*,*,#2144,.F.);
#3570=ORIENTED_EDGE('',*,*,#2146,.T.);
#3571=ORIENTED_EDGE('',*,*,#2312,.T.);
#3572=ORIENTED_EDGE('',*,*,#2310,.T.);
#3573=ORIENTED_EDGE('',*,*,#2185,.F.);
#3574=ORIENTED_EDGE('',*,*,#2188,.T.);
#3575=ORIENTED_EDGE('',*,*,#2309,.T.);
#3576=ORIENTED_EDGE('',*,*,#2190,.F.);
#3577=ORIENTED_EDGE('',*,*,#2193,.T.);
#3578=ORIENTED_EDGE('',*,*,#2308,.T.);
#3579=ORIENTED_EDGE('',*,*,#2306,.T.);
#3580=ORIENTED_EDGE('',*,*,#2304,.T.);
#3581=ORIENTED_EDGE('',*,*,#2302,.T.);
#3582=ORIENTED_EDGE('',*,*,#2300,.T.);
#3583=ORIENTED_EDGE('',*,*,#2298,.T.);
#3584=ORIENTED_EDGE('',*,*,#2296,.T.);
#3585=ORIENTED_EDGE('',*,*,#2294,.T.);
#3586=ORIENTED_EDGE('',*,*,#2292,.T.);
#3587=ORIENTED_EDGE('',*,*,#2290,.T.);
#3588=ORIENTED_EDGE('',*,*,#2288,.T.);
#3589=ORIENTED_EDGE('',*,*,#2286,.T.);
#3590=ORIENTED_EDGE('',*,*,#2284,.T.);
#3591=ORIENTED_EDGE('',*,*,#2282,.T.);
#3592=ORIENTED_EDGE('',*,*,#2280,.T.);
#3593=ORIENTED_EDGE('',*,*,#2278,.T.);
#3594=ORIENTED_EDGE('',*,*,#2276,.T.);
#3595=ORIENTED_EDGE('',*,*,#2153,.F.);
#3596=ORIENTED_EDGE('',*,*,#2155,.T.);
#3597=ORIENTED_EDGE('',*,*,#2148,.F.);
#3598=ORIENTED_EDGE('',*,*,#2151,.T.);
#3599=ORIENTED_EDGE('',*,*,#2275,.T.);
#3600=ORIENTED_EDGE('',*,*,#2273,.T.);
#3601=ORIENTED_EDGE('',*,*,#2175,.F.);
#3602=ORIENTED_EDGE('',*,*,#2178,.T.);
#3603=ORIENTED_EDGE('',*,*,#2272,.T.);
#3604=ORIENTED_EDGE('',*,*,#2270,.T.);
#3605=ORIENTED_EDGE('',*,*,#2268,.T.);
#3606=ORIENTED_EDGE('',*,*,#2266,.T.);
#3607=ORIENTED_EDGE('',*,*,#2264,.T.);
#3608=ORIENTED_EDGE('',*,*,#2262,.T.);
#3609=ORIENTED_EDGE('',*,*,#2260,.T.);
#3610=ORIENTED_EDGE('',*,*,#2258,.T.);
#3611=ORIENTED_EDGE('',*,*,#2256,.T.);
#3612=ORIENTED_EDGE('',*,*,#2254,.T.);
#3613=ORIENTED_EDGE('',*,*,#2252,.T.);
#3614=ORIENTED_EDGE('',*,*,#2250,.T.);
#3615=ORIENTED_EDGE('',*,*,#2248,.T.);
#3616=ORIENTED_EDGE('',*,*,#2200,.F.);
#3617=ORIENTED_EDGE('',*,*,#2203,.T.);
#3618=ORIENTED_EDGE('',*,*,#2247,.T.);
#3619=ORIENTED_EDGE('',*,*,#2245,.T.);
#3620=ORIENTED_EDGE('',*,*,#2243,.T.);
#3621=ORIENTED_EDGE('',*,*,#2241,.T.);
#3622=ORIENTED_EDGE('',*,*,#2239,.T.);
#3623=ORIENTED_EDGE('',*,*,#2195,.F.);
#3624=ORIENTED_EDGE('',*,*,#2198,.T.);
#3625=ORIENTED_EDGE('',*,*,#2238,.T.);
#3626=ORIENTED_EDGE('',*,*,#2236,.T.);
#3627=CYLINDRICAL_SURFACE('',#3935,1.5);
#3628=CYLINDRICAL_SURFACE('',#3943,1.5);
#3629=CYLINDRICAL_SURFACE('',#3945,1.5);
#3630=CYLINDRICAL_SURFACE('',#3953,1.5);
#3631=CYLINDRICAL_SURFACE('',#3955,1.5);
#3632=CYLINDRICAL_SURFACE('',#3963,1.5);
#3633=CYLINDRICAL_SURFACE('',#3965,1.);
#3634=CYLINDRICAL_SURFACE('',#3967,1.);
#3635=CYLINDRICAL_SURFACE('',#4061,1.);
#3636=CYLINDRICAL_SURFACE('',#4063,1.);
#3637=CYLINDRICAL_SURFACE('',#4065,1.);
#3638=CYLINDRICAL_SURFACE('',#4067,1.);
#3639=CYLINDRICAL_SURFACE('',#4069,2.5);
#3640=CYLINDRICAL_SURFACE('',#4072,2.5);
#3641=CYLINDRICAL_SURFACE('',#4075,2.5);
#3642=CYLINDRICAL_SURFACE('',#4078,1.);
#3643=CYLINDRICAL_SURFACE('',#4080,3.5);
#3644=CYLINDRICAL_SURFACE('',#4085,1.);
#3645=CYLINDRICAL_SURFACE('',#4088,1.);
#3646=CYLINDRICAL_SURFACE('',#4091,1.);
#3647=CYLINDRICAL_SURFACE('',#4093,3.5);
#3648=CYLINDRICAL_SURFACE('',#4096,1.);
#3649=CYLINDRICAL_SURFACE('',#4098,1.);
#3650=CYLINDRICAL_SURFACE('',#4101,1.);
#3651=CYLINDRICAL_SURFACE('',#4104,1.);
#3652=CYLINDRICAL_SURFACE('',#4107,1.);
#3653=CYLINDRICAL_SURFACE('',#4110,1.);
#3654=CYLINDRICAL_SURFACE('',#4113,1.);
#3655=CYLINDRICAL_SURFACE('',#4116,1.);
#3656=CYLINDRICAL_SURFACE('',#4119,1.);
#3657=CYLINDRICAL_SURFACE('',#4122,1.);
#3658=CYLINDRICAL_SURFACE('',#4125,1.125);
#3659=CYLINDRICAL_SURFACE('',#4135,1.12500000000001);
#3660=CYLINDRICAL_SURFACE('',#4144,3.50000000000001);
#3661=CYLINDRICAL_SURFACE('',#4151,1.125);
#3662=CYLINDRICAL_SURFACE('',#4154,1.125);
#3663=CYLINDRICAL_SURFACE('',#4157,1.125);
#3664=CYLINDRICAL_SURFACE('',#4160,1.12500000000001);
#3665=CYLINDRICAL_SURFACE('',#4163,1.125);
#3666=CYLINDRICAL_SURFACE('',#4166,1.125);
#3667=CYLINDRICAL_SURFACE('',#4169,1.12500000000001);
#3668=CYLINDRICAL_SURFACE('',#4173,0.256643161661785);
#3669=CYLINDRICAL_SURFACE('',#4176,0.256643161661962);
#3670=CYLINDRICAL_SURFACE('',#4178,3.26977502022675);
#3671=CYLINDRICAL_SURFACE('',#4181,3.26977502022675);
#3672=CYLINDRICAL_SURFACE('',#4185,0.650000000000004);
#3673=CYLINDRICAL_SURFACE('',#4188,1.9);
#3674=CYLINDRICAL_SURFACE('',#4191,0.699999999999976);
#3675=CYLINDRICAL_SURFACE('',#4194,0.699999999999967);
#3676=CYLINDRICAL_SURFACE('',#4197,1.9);
#3677=CYLINDRICAL_SURFACE('',#4200,0.649999999999995);
#3678=CYLINDRICAL_SURFACE('',#4203,0.987363310505384);
#3679=CYLINDRICAL_SURFACE('',#4206,0.98736331050541);
#3680=CYLINDRICAL_SURFACE('',#4208,0.699999999999974);
#3681=CYLINDRICAL_SURFACE('',#4211,1.9);
#3682=CYLINDRICAL_SURFACE('',#4214,0.650000000000001);
#3683=CYLINDRICAL_SURFACE('',#4217,0.650000000000004);
#3684=CYLINDRICAL_SURFACE('',#4220,1.9);
#3685=CYLINDRICAL_SURFACE('',#4223,0.699999999999976);
#3686=CYLINDRICAL_SURFACE('',#4226,3.26977502022675);
#3687=CYLINDRICAL_SURFACE('',#4229,3.26977502022675);
#3688=CYLINDRICAL_SURFACE('',#4233,0.256643161661927);
#3689=CYLINDRICAL_SURFACE('',#4236,0.330777880350865);
#3690=CYLINDRICAL_SURFACE('',#4238,0.699999999999976);
#3691=CYLINDRICAL_SURFACE('',#4241,1.9);
#3692=CYLINDRICAL_SURFACE('',#4244,0.649999999999999);
#3693=CYLINDRICAL_SURFACE('',#4247,0.649999999999999);
#3694=CYLINDRICAL_SURFACE('',#4250,1.9);
#3695=CYLINDRICAL_SURFACE('',#4253,0.699999999999974);
#3696=CYLINDRICAL_SURFACE('',#4257,2.66841171133819);
#3697=CYLINDRICAL_SURFACE('',#4260,2.66841171133819);
#3698=CYLINDRICAL_SURFACE('',#4262,0.987363310505236);
#3699=CYLINDRICAL_SURFACE('',#4265,0.987363310505405);
#3700=CYLINDRICAL_SURFACE('',#4268,2.66841171133819);
#3701=CYLINDRICAL_SURFACE('',#4271,2.66841171133819);
#3702=CYLINDRICAL_SURFACE('',#4274,0.650000000000004);
#3703=CYLINDRICAL_SURFACE('',#4277,1.00000000000127);
#3704=CYLINDRICAL_SURFACE('',#4280,3.5);
#3705=CYLINDRICAL_SURFACE('',#4283,3.5);
#3706=CYLINDRICAL_SURFACE('',#4286,1.00000000000126);
#3707=CYLINDRICAL_SURFACE('',#4289,0.649999999999995);
#3708=CYLINDRICAL_SURFACE('',#4292,1.94999999999999);
#3709=CYLINDRICAL_SURFACE('',#4295,3.5);
#3710=CYLINDRICAL_SURFACE('',#4297,3.5);
#3711=CYLINDRICAL_SURFACE('',#4300,1.94999999999999);
#3712=CYLINDRICAL_SURFACE('',#4303,0.650000000000004);
#3713=CYLINDRICAL_SURFACE('',#4306,1.00000000000127);
#3714=CYLINDRICAL_SURFACE('',#4309,1.00000000000127);
#3715=CYLINDRICAL_SURFACE('',#4312,0.649999999999999);
#3716=CYLINDRICAL_SURFACE('',#4315,1.94999999999999);
#3717=CYLINDRICAL_SURFACE('',#4318,3.5);
#3718=CYLINDRICAL_SURFACE('',#4320,3.5);
#3719=CYLINDRICAL_SURFACE('',#4323,1.94999999999999);
#3720=CYLINDRICAL_SURFACE('',#4326,0.649999999999999);
#3721=CYLINDRICAL_SURFACE('',#4329,1.00000000000127);
#3722=CYLINDRICAL_SURFACE('',#4332,3.5);
#3723=CYLINDRICAL_SURFACE('',#4335,3.5);
#3724=CYLINDRICAL_SURFACE('',#4338,1.00000000000127);
#3725=CYLINDRICAL_SURFACE('',#4341,0.649999999999999);
#3726=CYLINDRICAL_SURFACE('',#4344,1.94999999999999);
#3727=CYLINDRICAL_SURFACE('',#4346,3.5);
#3728=CYLINDRICAL_SURFACE('',#4348,1.94999999999999);
#3729=CYLINDRICAL_SURFACE('',#4351,3.5);
#3730=CYLINDRICAL_SURFACE('',#4353,3.5);
#3731=CYLINDRICAL_SURFACE('',#4355,1.94999999999999);
#3732=ADVANCED_FACE('',(#137),#3627,.T.);
#3733=ADVANCED_FACE('',(#138),#41,.T.);
#3734=ADVANCED_FACE('',(#139),#42,.T.);
#3735=ADVANCED_FACE('',(#140),#3628,.T.);
#3736=ADVANCED_FACE('',(#141),#3629,.T.);
#3737=ADVANCED_FACE('',(#142),#43,.T.);
#3738=ADVANCED_FACE('',(#143),#44,.T.);
#3739=ADVANCED_FACE('',(#144),#3630,.T.);
#3740=ADVANCED_FACE('',(#145),#3631,.T.);
#3741=ADVANCED_FACE('',(#146),#45,.T.);
#3742=ADVANCED_FACE('',(#147),#46,.T.);
#3743=ADVANCED_FACE('',(#148),#3632,.T.);
#3744=ADVANCED_FACE('',(#149),#3633,.F.);
#3745=ADVANCED_FACE('',(#150),#3634,.F.);
#3746=ADVANCED_FACE('',(#151,#15,#16,#17,#18,#19,#20,#21,#22),#47,.F.);
#3747=ADVANCED_FACE('',(#152),#3635,.F.);
#3748=ADVANCED_FACE('',(#153),#3636,.F.);
#3749=ADVANCED_FACE('',(#154),#3637,.F.);
#3750=ADVANCED_FACE('',(#155),#3638,.F.);
#3751=ADVANCED_FACE('',(#156),#3639,.F.);
#3752=ADVANCED_FACE('',(#157),#48,.T.);
#3753=ADVANCED_FACE('',(#158),#3640,.F.);
#3754=ADVANCED_FACE('',(#159),#49,.T.);
#3755=ADVANCED_FACE('',(#160),#3641,.F.);
#3756=ADVANCED_FACE('',(#161),#50,.T.);
#3757=ADVANCED_FACE('',(#162),#3642,.F.);
#3758=ADVANCED_FACE('',(#163),#3643,.T.);
#3759=ADVANCED_FACE('',(#164),#3644,.F.);
#3760=ADVANCED_FACE('',(#165),#51,.T.);
#3761=ADVANCED_FACE('',(#166),#3645,.F.);
#3762=ADVANCED_FACE('',(#167),#52,.T.);
#3763=ADVANCED_FACE('',(#168),#3646,.F.);
#3764=ADVANCED_FACE('',(#169),#3647,.T.);
#3765=ADVANCED_FACE('',(#170),#3648,.F.);
#3766=ADVANCED_FACE('',(#171),#3649,.F.);
#3767=ADVANCED_FACE('',(#172),#53,.T.);
#3768=ADVANCED_FACE('',(#173),#3650,.F.);
#3769=ADVANCED_FACE('',(#174),#54,.T.);
#3770=ADVANCED_FACE('',(#175),#3651,.F.);
#3771=ADVANCED_FACE('',(#176),#55,.T.);
#3772=ADVANCED_FACE('',(#177),#3652,.F.);
#3773=ADVANCED_FACE('',(#178),#56,.T.);
#3774=ADVANCED_FACE('',(#179),#3653,.F.);
#3775=ADVANCED_FACE('',(#180),#57,.T.);
#3776=ADVANCED_FACE('',(#181),#3654,.F.);
#3777=ADVANCED_FACE('',(#182),#58,.T.);
#3778=ADVANCED_FACE('',(#183),#3655,.F.);
#3779=ADVANCED_FACE('',(#184),#59,.T.);
#3780=ADVANCED_FACE('',(#185),#3656,.F.);
#3781=ADVANCED_FACE('',(#186),#60,.T.);
#3782=ADVANCED_FACE('',(#187),#3657,.F.);
#3783=ADVANCED_FACE('',(#188),#61,.T.);
#3784=ADVANCED_FACE('',(#189),#3658,.T.);
#3785=ADVANCED_FACE('',(#190),#62,.F.);
#3786=ADVANCED_FACE('',(#191,#23),#63,.F.);
#3787=ADVANCED_FACE('',(#192,#24),#64,.F.);
#3788=ADVANCED_FACE('',(#193,#25),#65,.F.);
#3789=ADVANCED_FACE('',(#194),#3659,.T.);
#3790=ADVANCED_FACE('',(#195),#66,.F.);
#3791=ADVANCED_FACE('',(#196,#26),#67,.F.);
#3792=ADVANCED_FACE('',(#197,#27),#68,.F.);
#3793=ADVANCED_FACE('',(#198),#3660,.T.);
#3794=ADVANCED_FACE('',(#199,#28),#69,.F.);
#3795=ADVANCED_FACE('',(#200,#29),#70,.F.);
#3796=ADVANCED_FACE('',(#201),#3661,.F.);
#3797=ADVANCED_FACE('',(#202),#71,.F.);
#3798=ADVANCED_FACE('',(#203),#3662,.F.);
#3799=ADVANCED_FACE('',(#204),#72,.F.);
#3800=ADVANCED_FACE('',(#205),#3663,.F.);
#3801=ADVANCED_FACE('',(#206),#73,.F.);
#3802=ADVANCED_FACE('',(#207),#3664,.F.);
#3803=ADVANCED_FACE('',(#208),#74,.F.);
#3804=ADVANCED_FACE('',(#209),#3665,.F.);
#3805=ADVANCED_FACE('',(#210),#75,.F.);
#3806=ADVANCED_FACE('',(#211),#3666,.F.);
#3807=ADVANCED_FACE('',(#212),#76,.F.);
#3808=ADVANCED_FACE('',(#213),#3667,.F.);
#3809=ADVANCED_FACE('',(#214),#77,.F.);
#3810=ADVANCED_FACE('',(#215),#78,.T.);
#3811=ADVANCED_FACE('',(#216),#3668,.F.);
#3812=ADVANCED_FACE('',(#217),#79,.T.);
#3813=ADVANCED_FACE('',(#218),#3669,.F.);
#3814=ADVANCED_FACE('',(#219),#3670,.F.);
#3815=ADVANCED_FACE('',(#220),#80,.T.);
#3816=ADVANCED_FACE('',(#221),#3671,.F.);
#3817=ADVANCED_FACE('',(#222),#81,.T.);
#3818=ADVANCED_FACE('',(#223),#82,.T.);
#3819=ADVANCED_FACE('',(#224),#3672,.F.);
#3820=ADVANCED_FACE('',(#225),#83,.T.);
#3821=ADVANCED_FACE('',(#226),#3673,.T.);
#3822=ADVANCED_FACE('',(#227),#84,.T.);
#3823=ADVANCED_FACE('',(#228),#3674,.F.);
#3824=ADVANCED_FACE('',(#229),#85,.T.);
#3825=ADVANCED_FACE('',(#230),#3675,.F.);
#3826=ADVANCED_FACE('',(#231),#86,.T.);
#3827=ADVANCED_FACE('',(#232),#3676,.T.);
#3828=ADVANCED_FACE('',(#233),#87,.T.);
#3829=ADVANCED_FACE('',(#234),#3677,.F.);
#3830=ADVANCED_FACE('',(#235),#88,.T.);
#3831=ADVANCED_FACE('',(#236),#3678,.F.);
#3832=ADVANCED_FACE('',(#237),#89,.T.);
#3833=ADVANCED_FACE('',(#238),#3679,.F.);
#3834=ADVANCED_FACE('',(#239),#3680,.F.);
#3835=ADVANCED_FACE('',(#240),#90,.T.);
#3836=ADVANCED_FACE('',(#241),#3681,.T.);
#3837=ADVANCED_FACE('',(#242),#91,.T.);
#3838=ADVANCED_FACE('',(#243),#3682,.F.);
#3839=ADVANCED_FACE('',(#244),#92,.T.);
#3840=ADVANCED_FACE('',(#245),#3683,.F.);
#3841=ADVANCED_FACE('',(#246),#93,.T.);
#3842=ADVANCED_FACE('',(#247),#3684,.T.);
#3843=ADVANCED_FACE('',(#248),#94,.T.);
#3844=ADVANCED_FACE('',(#249),#3685,.F.);
#3845=ADVANCED_FACE('',(#250),#95,.T.);
#3846=ADVANCED_FACE('',(#251),#3686,.F.);
#3847=ADVANCED_FACE('',(#252),#96,.T.);
#3848=ADVANCED_FACE('',(#253),#3687,.F.);
#3849=ADVANCED_FACE('',(#254),#97,.T.);
#3850=ADVANCED_FACE('',(#255),#98,.T.);
#3851=ADVANCED_FACE('',(#256),#3688,.F.);
#3852=ADVANCED_FACE('',(#257),#99,.T.);
#3853=ADVANCED_FACE('',(#258),#3689,.F.);
#3854=ADVANCED_FACE('',(#259),#3690,.F.);
#3855=ADVANCED_FACE('',(#260),#100,.T.);
#3856=ADVANCED_FACE('',(#261),#3691,.T.);
#3857=ADVANCED_FACE('',(#262),#101,.T.);
#3858=ADVANCED_FACE('',(#263),#3692,.F.);
#3859=ADVANCED_FACE('',(#264),#102,.T.);
#3860=ADVANCED_FACE('',(#265),#3693,.F.);
#3861=ADVANCED_FACE('',(#266),#103,.T.);
#3862=ADVANCED_FACE('',(#267),#3694,.T.);
#3863=ADVANCED_FACE('',(#268),#104,.T.);
#3864=ADVANCED_FACE('',(#269),#3695,.F.);
#3865=ADVANCED_FACE('',(#270),#105,.T.);
#3866=ADVANCED_FACE('',(#271),#106,.T.);
#3867=ADVANCED_FACE('',(#272),#3696,.F.);
#3868=ADVANCED_FACE('',(#273),#107,.T.);
#3869=ADVANCED_FACE('',(#274),#3697,.F.);
#3870=ADVANCED_FACE('',(#275),#3698,.F.);
#3871=ADVANCED_FACE('',(#276),#108,.T.);
#3872=ADVANCED_FACE('',(#277),#3699,.F.);
#3873=ADVANCED_FACE('',(#278),#109,.T.);
#3874=ADVANCED_FACE('',(#279),#3700,.F.);
#3875=ADVANCED_FACE('',(#280),#110,.T.);
#3876=ADVANCED_FACE('',(#281),#3701,.F.);
#3877=ADVANCED_FACE('',(#282),#111,.T.);
#3878=ADVANCED_FACE('',(#283),#3702,.F.);
#3879=ADVANCED_FACE('',(#284),#112,.T.);
#3880=ADVANCED_FACE('',(#285),#3703,.T.);
#3881=ADVANCED_FACE('',(#286),#113,.T.);
#3882=ADVANCED_FACE('',(#287),#3704,.T.);
#3883=ADVANCED_FACE('',(#288),#114,.T.);
#3884=ADVANCED_FACE('',(#289),#3705,.T.);
#3885=ADVANCED_FACE('',(#290),#115,.T.);
#3886=ADVANCED_FACE('',(#291),#3706,.T.);
#3887=ADVANCED_FACE('',(#292),#116,.T.);
#3888=ADVANCED_FACE('',(#293),#3707,.F.);
#3889=ADVANCED_FACE('',(#294),#117,.T.);
#3890=ADVANCED_FACE('',(#295),#3708,.T.);
#3891=ADVANCED_FACE('',(#296),#118,.T.);
#3892=ADVANCED_FACE('',(#297),#3709,.T.);
#3893=ADVANCED_FACE('',(#298),#3710,.T.);
#3894=ADVANCED_FACE('',(#299),#119,.T.);
#3895=ADVANCED_FACE('',(#300),#3711,.T.);
#3896=ADVANCED_FACE('',(#301),#120,.T.);
#3897=ADVANCED_FACE('',(#302),#3712,.F.);
#3898=ADVANCED_FACE('',(#303),#121,.T.);
#3899=ADVANCED_FACE('',(#304),#3713,.T.);
#3900=ADVANCED_FACE('',(#305),#122,.T.);
#3901=ADVANCED_FACE('',(#306),#3714,.T.);
#3902=ADVANCED_FACE('',(#307),#123,.T.);
#3903=ADVANCED_FACE('',(#308),#3715,.F.);
#3904=ADVANCED_FACE('',(#309),#124,.T.);
#3905=ADVANCED_FACE('',(#310),#3716,.T.);
#3906=ADVANCED_FACE('',(#311),#125,.T.);
#3907=ADVANCED_FACE('',(#312),#3717,.T.);
#3908=ADVANCED_FACE('',(#313),#3718,.T.);
#3909=ADVANCED_FACE('',(#314),#126,.T.);
#3910=ADVANCED_FACE('',(#315),#3719,.T.);
#3911=ADVANCED_FACE('',(#316),#127,.T.);
#3912=ADVANCED_FACE('',(#317),#3720,.F.);
#3913=ADVANCED_FACE('',(#318),#128,.T.);
#3914=ADVANCED_FACE('',(#319),#3721,.T.);
#3915=ADVANCED_FACE('',(#320),#129,.T.);
#3916=ADVANCED_FACE('',(#321),#3722,.T.);
#3917=ADVANCED_FACE('',(#322),#130,.T.);
#3918=ADVANCED_FACE('',(#323),#3723,.T.);
#3919=ADVANCED_FACE('',(#324),#131,.T.);
#3920=ADVANCED_FACE('',(#325),#3724,.T.);
#3921=ADVANCED_FACE('',(#326),#132,.T.);
#3922=ADVANCED_FACE('',(#327),#3725,.F.);
#3923=ADVANCED_FACE('',(#328),#133,.T.);
#3924=ADVANCED_FACE('',(#329),#3726,.T.);
#3925=ADVANCED_FACE('',(#330),#3727,.T.);
#3926=ADVANCED_FACE('',(#331),#3728,.F.);
#3927=ADVANCED_FACE('',(#332),#134,.T.);
#3928=ADVANCED_FACE('',(#333),#3729,.T.);
#3929=ADVANCED_FACE('',(#334),#3730,.T.);
#3930=ADVANCED_FACE('',(#335),#3731,.T.);
#3931=ADVANCED_FACE('',(#336),#135,.T.);
#3932=ADVANCED_FACE('',(#337,#30,#31,#32,#33,#34,#35,#36,#37,#38,#39,#40),
#136,.T.);
#3933=CLOSED_SHELL('',(#3732,#3733,#3734,#3735,#3736,#3737,#3738,#3739,
#3740,#3741,#3742,#3743,#3744,#3745,#3746,#3747,#3748,#3749,#3750,#3751,
#3752,#3753,#3754,#3755,#3756,#3757,#3758,#3759,#3760,#3761,#3762,#3763,
#3764,#3765,#3766,#3767,#3768,#3769,#3770,#3771,#3772,#3773,#3774,#3775,
#3776,#3777,#3778,#3779,#3780,#3781,#3782,#3783,#3784,#3785,#3786,#3787,
#3788,#3789,#3790,#3791,#3792,#3793,#3794,#3795,#3796,#3797,#3798,#3799,
#3800,#3801,#3802,#3803,#3804,#3805,#3806,#3807,#3808,#3809,#3810,#3811,
#3812,#3813,#3814,#3815,#3816,#3817,#3818,#3819,#3820,#3821,#3822,#3823,
#3824,#3825,#3826,#3827,#3828,#3829,#3830,#3831,#3832,#3833,#3834,#3835,
#3836,#3837,#3838,#3839,#3840,#3841,#3842,#3843,#3844,#3845,#3846,#3847,
#3848,#3849,#3850,#3851,#3852,#3853,#3854,#3855,#3856,#3857,#3858,#3859,
#3860,#3861,#3862,#3863,#3864,#3865,#3866,#3867,#3868,#3869,#3870,#3871,
#3872,#3873,#3874,#3875,#3876,#3877,#3878,#3879,#3880,#3881,#3882,#3883,
#3884,#3885,#3886,#3887,#3888,#3889,#3890,#3891,#3892,#3893,#3894,#3895,
#3896,#3897,#3898,#3899,#3900,#3901,#3902,#3903,#3904,#3905,#3906,#3907,
#3908,#3909,#3910,#3911,#3912,#3913,#3914,#3915,#3916,#3917,#3918,#3919,
#3920,#3921,#3922,#3923,#3924,#3925,#3926,#3927,#3928,#3929,#3930,#3931,
#3932));
#3934=AXIS2_PLACEMENT_3D('',#5566,#4359,#4360);
#3935=AXIS2_PLACEMENT_3D('',#5567,#4361,#4362);
#3936=AXIS2_PLACEMENT_3D('',#5570,#4363,#4364);
#3937=AXIS2_PLACEMENT_3D('',#5574,#4366,#4367);
#3938=AXIS2_PLACEMENT_3D('',#5576,#4369,#4370);
#3939=AXIS2_PLACEMENT_3D('',#5582,#4374,#4375);
#3940=AXIS2_PLACEMENT_3D('',#5584,#4376,#4377);
#3941=AXIS2_PLACEMENT_3D('',#5596,#4383,#4384);
#3942=AXIS2_PLACEMENT_3D('',#5597,#4385,#4386);
#3943=AXIS2_PLACEMENT_3D('',#5598,#4387,#4388);
#3944=AXIS2_PLACEMENT_3D('',#5600,#4389,#4390);
#3945=AXIS2_PLACEMENT_3D('',#5602,#4392,#4393);
#3946=AXIS2_PLACEMENT_3D('',#5605,#4394,#4395);
#3947=AXIS2_PLACEMENT_3D('',#5609,#4397,#4398);
#3948=AXIS2_PLACEMENT_3D('',#5611,#4400,#4401);
#3949=AXIS2_PLACEMENT_3D('',#5617,#4405,#4406);
#3950=AXIS2_PLACEMENT_3D('',#5619,#4407,#4408);
#3951=AXIS2_PLACEMENT_3D('',#5631,#4414,#4415);
#3952=AXIS2_PLACEMENT_3D('',#5632,#4416,#4417);
#3953=AXIS2_PLACEMENT_3D('',#5633,#4418,#4419);
#3954=AXIS2_PLACEMENT_3D('',#5635,#4420,#4421);
#3955=AXIS2_PLACEMENT_3D('',#5637,#4423,#4424);
#3956=AXIS2_PLACEMENT_3D('',#5640,#4425,#4426);
#3957=AXIS2_PLACEMENT_3D('',#5644,#4428,#4429);
#3958=AXIS2_PLACEMENT_3D('',#5646,#4431,#4432);
#3959=AXIS2_PLACEMENT_3D('',#5652,#4436,#4437);
#3960=AXIS2_PLACEMENT_3D('',#5654,#4438,#4439);
#3961=AXIS2_PLACEMENT_3D('',#5666,#4445,#4446);
#3962=AXIS2_PLACEMENT_3D('',#5667,#4447,#4448);
#3963=AXIS2_PLACEMENT_3D('',#5668,#4449,#4450);
#3964=AXIS2_PLACEMENT_3D('',#5670,#4451,#4452);
#3965=AXIS2_PLACEMENT_3D('',#5672,#4454,#4455);
#3966=AXIS2_PLACEMENT_3D('',#5674,#4456,#4457);
#3967=AXIS2_PLACEMENT_3D('',#5676,#4459,#4460);
#3968=AXIS2_PLACEMENT_3D('',#5678,#4461,#4462);
#3969=AXIS2_PLACEMENT_3D('',#5680,#4464,#4465);
#3970=AXIS2_PLACEMENT_3D('',#5682,#4466,#4467);
#3971=AXIS2_PLACEMENT_3D('',#5684,#4468,#4469);
#3972=AXIS2_PLACEMENT_3D('',#5688,#4471,#4472);
#3973=AXIS2_PLACEMENT_3D('',#5692,#4474,#4475);
#3974=AXIS2_PLACEMENT_3D('',#5696,#4477,#4478);
#3975=AXIS2_PLACEMENT_3D('',#5700,#4480,#4481);
#3976=AXIS2_PLACEMENT_3D('',#5702,#4482,#4483);
#3977=AXIS2_PLACEMENT_3D('',#5706,#4485,#4486);
#3978=AXIS2_PLACEMENT_3D('',#5708,#4487,#4488);
#3979=AXIS2_PLACEMENT_3D('',#5712,#4490,#4491);
#3980=AXIS2_PLACEMENT_3D('',#5716,#4493,#4494);
#3981=AXIS2_PLACEMENT_3D('',#5720,#4496,#4497);
#3982=AXIS2_PLACEMENT_3D('',#5723,#4499,#4500);
#3983=AXIS2_PLACEMENT_3D('',#5729,#4503,#4504);
#3984=AXIS2_PLACEMENT_3D('',#5733,#4506,#4507);
#3985=AXIS2_PLACEMENT_3D('',#5737,#4509,#4510);
#3986=AXIS2_PLACEMENT_3D('',#5741,#4512,#4513);
#3987=AXIS2_PLACEMENT_3D('',#5745,#4515,#4516);
#3988=AXIS2_PLACEMENT_3D('',#5749,#4518,#4519);
#3989=AXIS2_PLACEMENT_3D('',#5754,#4522,#4523);
#3990=AXIS2_PLACEMENT_3D('',#5758,#4525,#4526);
#3991=AXIS2_PLACEMENT_3D('',#5762,#4528,#4529);
#3992=AXIS2_PLACEMENT_3D('',#5766,#4531,#4532);
#3993=AXIS2_PLACEMENT_3D('',#5770,#4534,#4535);
#3994=AXIS2_PLACEMENT_3D('',#5774,#4537,#4538);
#3995=AXIS2_PLACEMENT_3D('',#5775,#4539,#4540);
#3996=AXIS2_PLACEMENT_3D('',#5779,#4542,#4543);
#3997=AXIS2_PLACEMENT_3D('',#5783,#4545,#4546);
#3998=AXIS2_PLACEMENT_3D('',#5787,#4548,#4549);
#3999=AXIS2_PLACEMENT_3D('',#5791,#4551,#4552);
#4000=AXIS2_PLACEMENT_3D('',#5794,#4554,#4555);
#4001=AXIS2_PLACEMENT_3D('',#5800,#4558,#4559);
#4002=AXIS2_PLACEMENT_3D('',#5804,#4561,#4562);
#4003=AXIS2_PLACEMENT_3D('',#5808,#4564,#4565);
#4004=AXIS2_PLACEMENT_3D('',#5812,#4567,#4568);
#4005=AXIS2_PLACEMENT_3D('',#5816,#4570,#4571);
#4006=AXIS2_PLACEMENT_3D('',#5820,#4573,#4574);
#4007=AXIS2_PLACEMENT_3D('',#5825,#4577,#4578);
#4008=AXIS2_PLACEMENT_3D('',#5829,#4580,#4581);
#4009=AXIS2_PLACEMENT_3D('',#5833,#4583,#4584);
#4010=AXIS2_PLACEMENT_3D('',#5837,#4586,#4587);
#4011=AXIS2_PLACEMENT_3D('',#5841,#4589,#4590);
#4012=AXIS2_PLACEMENT_3D('',#5845,#4592,#4593);
#4013=AXIS2_PLACEMENT_3D('',#5847,#4594,#4595);
#4014=AXIS2_PLACEMENT_3D('',#5851,#4597,#4598);
#4015=AXIS2_PLACEMENT_3D('',#5855,#4600,#4601);
#4016=AXIS2_PLACEMENT_3D('',#5859,#4603,#4604);
#4017=AXIS2_PLACEMENT_3D('',#5863,#4606,#4607);
#4018=AXIS2_PLACEMENT_3D('',#5864,#4608,#4609);
#4019=AXIS2_PLACEMENT_3D('',#5868,#4611,#4612);
#4020=AXIS2_PLACEMENT_3D('',#5872,#4614,#4615);
#4021=AXIS2_PLACEMENT_3D('',#5876,#4617,#4618);
#4022=AXIS2_PLACEMENT_3D('',#5880,#4620,#4621);
#4023=AXIS2_PLACEMENT_3D('',#5882,#4622,#4623);
#4024=AXIS2_PLACEMENT_3D('',#5884,#4624,#4625);
#4025=AXIS2_PLACEMENT_3D('',#5887,#4627,#4628);
#4026=AXIS2_PLACEMENT_3D('',#5891,#4630,#4631);
#4027=AXIS2_PLACEMENT_3D('',#5895,#4633,#4634);
#4028=AXIS2_PLACEMENT_3D('',#5899,#4636,#4637);
#4029=AXIS2_PLACEMENT_3D('',#5903,#4639,#4640);
#4030=AXIS2_PLACEMENT_3D('',#5907,#4642,#4643);
#4031=AXIS2_PLACEMENT_3D('',#5911,#4645,#4646);
#4032=AXIS2_PLACEMENT_3D('',#5917,#4649,#4650);
#4033=AXIS2_PLACEMENT_3D('',#5921,#4652,#4653);
#4034=AXIS2_PLACEMENT_3D('',#5924,#4655,#4656);
#4035=AXIS2_PLACEMENT_3D('',#5927,#4657,#4658);
#4036=AXIS2_PLACEMENT_3D('',#5929,#4659,#4660);
#4037=AXIS2_PLACEMENT_3D('',#5933,#4662,#4663);
#4038=AXIS2_PLACEMENT_3D('',#5937,#4665,#4666);
#4039=AXIS2_PLACEMENT_3D('',#5941,#4668,#4669);
#4040=AXIS2_PLACEMENT_3D('',#5945,#4671,#4672);
#4041=AXIS2_PLACEMENT_3D('',#5947,#4673,#4674);
#4042=AXIS2_PLACEMENT_3D('',#5949,#4675,#4676);
#4043=AXIS2_PLACEMENT_3D('',#5953,#4678,#4679);
#4044=AXIS2_PLACEMENT_3D('',#5957,#4681,#4682);
#4045=AXIS2_PLACEMENT_3D('',#5961,#4684,#4685);
#4046=AXIS2_PLACEMENT_3D('',#5964,#4687,#4688);
#4047=AXIS2_PLACEMENT_3D('',#5967,#4689,#4690);
#4048=AXIS2_PLACEMENT_3D('',#5971,#4692,#4693);
#4049=AXIS2_PLACEMENT_3D('',#5975,#4695,#4696);
#4050=AXIS2_PLACEMENT_3D('',#5981,#4699,#4700);
#4051=AXIS2_PLACEMENT_3D('',#5985,#4702,#4703);
#4052=AXIS2_PLACEMENT_3D('',#5988,#4705,#4706);
#4053=AXIS2_PLACEMENT_3D('',#5993,#4708,#4709);
#4054=AXIS2_PLACEMENT_3D('',#5997,#4711,#4712);
#4055=AXIS2_PLACEMENT_3D('',#6000,#4714,#4715);
#4056=AXIS2_PLACEMENT_3D('',#6003,#4716,#4717);
#4057=AXIS2_PLACEMENT_3D('',#6007,#4719,#4720);
#4058=AXIS2_PLACEMENT_3D('',#6011,#4722,#4723);
#4059=AXIS2_PLACEMENT_3D('',#6014,#4725,#4726);
#4060=AXIS2_PLACEMENT_3D('',#6016,#4727,#4728);
#4061=AXIS2_PLACEMENT_3D('',#6017,#4729,#4730);
#4062=AXIS2_PLACEMENT_3D('',#6018,#4731,#4732);
#4063=AXIS2_PLACEMENT_3D('',#6019,#4733,#4734);
#4064=AXIS2_PLACEMENT_3D('',#6020,#4735,#4736);
#4065=AXIS2_PLACEMENT_3D('',#6021,#4737,#4738);
#4066=AXIS2_PLACEMENT_3D('',#6022,#4739,#4740);
#4067=AXIS2_PLACEMENT_3D('',#6023,#4741,#4742);
#4068=AXIS2_PLACEMENT_3D('',#6024,#4743,#4744);
#4069=AXIS2_PLACEMENT_3D('',#6025,#4745,#4746);
#4070=AXIS2_PLACEMENT_3D('',#6029,#4748,#4749);
#4071=AXIS2_PLACEMENT_3D('',#6031,#4751,#4752);
#4072=AXIS2_PLACEMENT_3D('',#6035,#4755,#4756);
#4073=AXIS2_PLACEMENT_3D('',#6038,#4758,#4759);
#4074=AXIS2_PLACEMENT_3D('',#6039,#4760,#4761);
#4075=AXIS2_PLACEMENT_3D('',#6043,#4764,#4765);
#4076=AXIS2_PLACEMENT_3D('',#6047,#4767,#4768);
#4077=AXIS2_PLACEMENT_3D('',#6049,#4770,#4771);
#4078=AXIS2_PLACEMENT_3D('',#6053,#4774,#4775);
#4079=AXIS2_PLACEMENT_3D('',#6057,#4777,#4778);
#4080=AXIS2_PLACEMENT_3D('',#6059,#4780,#4781);
#4081=AXIS2_PLACEMENT_3D('',#6063,#4783,#4784);
#4082=AXIS2_PLACEMENT_3D('',#6066,#4786,#4787);
#4083=AXIS2_PLACEMENT_3D('',#6068,#4788,#4789);
#4084=AXIS2_PLACEMENT_3D('',#6072,#4792,#4793);
#4085=AXIS2_PLACEMENT_3D('',#6073,#4794,#4795);
#4086=AXIS2_PLACEMENT_3D('',#6076,#4797,#4798);
#4087=AXIS2_PLACEMENT_3D('',#6077,#4799,#4800);
#4088=AXIS2_PLACEMENT_3D('',#6081,#4803,#4804);
#4089=AXIS2_PLACEMENT_3D('',#6085,#4806,#4807);
#4090=AXIS2_PLACEMENT_3D('',#6087,#4809,#4810);
#4091=AXIS2_PLACEMENT_3D('',#6091,#4813,#4814);
#4092=AXIS2_PLACEMENT_3D('',#6095,#4816,#4817);
#4093=AXIS2_PLACEMENT_3D('',#6097,#4819,#4820);
#4094=AXIS2_PLACEMENT_3D('',#6098,#4821,#4822);
#4095=AXIS2_PLACEMENT_3D('',#6101,#4824,#4825);
#4096=AXIS2_PLACEMENT_3D('',#6102,#4826,#4827);
#4097=AXIS2_PLACEMENT_3D('',#6104,#4828,#4829);
#4098=AXIS2_PLACEMENT_3D('',#6106,#4831,#4832);
#4099=AXIS2_PLACEMENT_3D('',#6109,#4834,#4835);
#4100=AXIS2_PLACEMENT_3D('',#6110,#4836,#4837);
#4101=AXIS2_PLACEMENT_3D('',#6114,#4840,#4841);
#4102=AXIS2_PLACEMENT_3D('',#6118,#4843,#4844);
#4103=AXIS2_PLACEMENT_3D('',#6120,#4846,#4847);
#4104=AXIS2_PLACEMENT_3D('',#6124,#4850,#4851);
#4105=AXIS2_PLACEMENT_3D('',#6128,#4853,#4854);
#4106=AXIS2_PLACEMENT_3D('',#6130,#4856,#4857);
#4107=AXIS2_PLACEMENT_3D('',#6134,#4860,#4861);
#4108=AXIS2_PLACEMENT_3D('',#6138,#4863,#4864);
#4109=AXIS2_PLACEMENT_3D('',#6140,#4866,#4867);
#4110=AXIS2_PLACEMENT_3D('',#6144,#4870,#4871);
#4111=AXIS2_PLACEMENT_3D('',#6148,#4873,#4874);
#4112=AXIS2_PLACEMENT_3D('',#6150,#4876,#4877);
#4113=AXIS2_PLACEMENT_3D('',#6154,#4880,#4881);
#4114=AXIS2_PLACEMENT_3D('',#6158,#4883,#4884);
#4115=AXIS2_PLACEMENT_3D('',#6160,#4886,#4887);
#4116=AXIS2_PLACEMENT_3D('',#6164,#4890,#4891);
#4117=AXIS2_PLACEMENT_3D('',#6168,#4893,#4894);
#4118=AXIS2_PLACEMENT_3D('',#6170,#4896,#4897);
#4119=AXIS2_PLACEMENT_3D('',#6174,#4900,#4901);
#4120=AXIS2_PLACEMENT_3D('',#6178,#4903,#4904);
#4121=AXIS2_PLACEMENT_3D('',#6180,#4906,#4907);
#4122=AXIS2_PLACEMENT_3D('',#6184,#4910,#4911);
#4123=AXIS2_PLACEMENT_3D('',#6188,#4913,#4914);
#4124=AXIS2_PLACEMENT_3D('',#6190,#4916,#4917);
#4125=AXIS2_PLACEMENT_3D('',#6194,#4920,#4921);
#4126=AXIS2_PLACEMENT_3D('',#6196,#4922,#4923);
#4127=AXIS2_PLACEMENT_3D('',#6198,#4925,#4926);
#4128=AXIS2_PLACEMENT_3D('',#6199,#4927,#4928);
#4129=AXIS2_PLACEMENT_3D('',#6201,#4929,#4930);
#4130=AXIS2_PLACEMENT_3D('',#6202,#4931,#4932);
#4131=AXIS2_PLACEMENT_3D('',#6204,#4933,#4934);
#4132=AXIS2_PLACEMENT_3D('',#6206,#4935,#4936);
#4133=AXIS2_PLACEMENT_3D('',#6207,#4937,#4938);
#4134=AXIS2_PLACEMENT_3D('',#6209,#4939,#4940);
#4135=AXIS2_PLACEMENT_3D('',#6210,#4941,#4942);
#4136=AXIS2_PLACEMENT_3D('',#6212,#4943,#4944);
#4137=AXIS2_PLACEMENT_3D('',#6214,#4946,#4947);
#4138=AXIS2_PLACEMENT_3D('',#6215,#4948,#4949);
#4139=AXIS2_PLACEMENT_3D('',#6217,#4950,#4951);
#4140=AXIS2_PLACEMENT_3D('',#6219,#4952,#4953);
#4141=AXIS2_PLACEMENT_3D('',#6220,#4954,#4955);
#4142=AXIS2_PLACEMENT_3D('',#6222,#4956,#4957);
#4143=AXIS2_PLACEMENT_3D('',#6224,#4958,#4959);
#4144=AXIS2_PLACEMENT_3D('',#6225,#4960,#4961);
#4145=AXIS2_PLACEMENT_3D('',#6227,#4962,#4963);
#4146=AXIS2_PLACEMENT_3D('',#6229,#4965,#4966);
#4147=AXIS2_PLACEMENT_3D('',#6231,#4967,#4968);
#4148=AXIS2_PLACEMENT_3D('',#6232,#4969,#4970);
#4149=AXIS2_PLACEMENT_3D('',#6234,#4971,#4972);
#4150=AXIS2_PLACEMENT_3D('',#6236,#4973,#4974);
#4151=AXIS2_PLACEMENT_3D('',#6237,#4975,#4976);
#4152=AXIS2_PLACEMENT_3D('',#6240,#4978,#4979);
#4153=AXIS2_PLACEMENT_3D('',#6241,#4980,#4981);
#4154=AXIS2_PLACEMENT_3D('',#6242,#4982,#4983);
#4155=AXIS2_PLACEMENT_3D('',#6245,#4985,#4986);
#4156=AXIS2_PLACEMENT_3D('',#6246,#4987,#4988);
#4157=AXIS2_PLACEMENT_3D('',#6247,#4989,#4990);
#4158=AXIS2_PLACEMENT_3D('',#6250,#4992,#4993);
#4159=AXIS2_PLACEMENT_3D('',#6251,#4994,#4995);
#4160=AXIS2_PLACEMENT_3D('',#6252,#4996,#4997);
#4161=AXIS2_PLACEMENT_3D('',#6255,#4999,#5000);
#4162=AXIS2_PLACEMENT_3D('',#6256,#5001,#5002);
#4163=AXIS2_PLACEMENT_3D('',#6257,#5003,#5004);
#4164=AXIS2_PLACEMENT_3D('',#6260,#5006,#5007);
#4165=AXIS2_PLACEMENT_3D('',#6261,#5008,#5009);
#4166=AXIS2_PLACEMENT_3D('',#6262,#5010,#5011);
#4167=AXIS2_PLACEMENT_3D('',#6265,#5013,#5014);
#4168=AXIS2_PLACEMENT_3D('',#6266,#5015,#5016);
#4169=AXIS2_PLACEMENT_3D('',#6267,#5017,#5018);
#4170=AXIS2_PLACEMENT_3D('',#6270,#5020,#5021);
#4171=AXIS2_PLACEMENT_3D('',#6271,#5022,#5023);
#4172=AXIS2_PLACEMENT_3D('',#6272,#5024,#5025);
#4173=AXIS2_PLACEMENT_3D('',#6278,#5029,#5030);
#4174=AXIS2_PLACEMENT_3D('',#6279,#5031,#5032);
#4175=AXIS2_PLACEMENT_3D('',#6280,#5033,#5034);
#4176=AXIS2_PLACEMENT_3D('',#6284,#5037,#5038);
#4177=AXIS2_PLACEMENT_3D('',#6285,#5039,#5040);
#4178=AXIS2_PLACEMENT_3D('',#6286,#5041,#5042);
#4179=AXIS2_PLACEMENT_3D('',#6290,#5044,#5045);
#4180=AXIS2_PLACEMENT_3D('',#6292,#5047,#5048);
#4181=AXIS2_PLACEMENT_3D('',#6296,#5051,#5052);
#4182=AXIS2_PLACEMENT_3D('',#6297,#5053,#5054);
#4183=AXIS2_PLACEMENT_3D('',#6298,#5055,#5056);
#4184=AXIS2_PLACEMENT_3D('',#6300,#5058,#5059);
#4185=AXIS2_PLACEMENT_3D('',#6306,#5063,#5064);
#4186=AXIS2_PLACEMENT_3D('',#6308,#5065,#5066);
#4187=AXIS2_PLACEMENT_3D('',#6310,#5068,#5069);
#4188=AXIS2_PLACEMENT_3D('',#6314,#5072,#5073);
#4189=AXIS2_PLACEMENT_3D('',#6316,#5074,#5075);
#4190=AXIS2_PLACEMENT_3D('',#6318,#5077,#5078);
#4191=AXIS2_PLACEMENT_3D('',#6322,#5081,#5082);
#4192=AXIS2_PLACEMENT_3D('',#6324,#5083,#5084);
#4193=AXIS2_PLACEMENT_3D('',#6326,#5086,#5087);
#4194=AXIS2_PLACEMENT_3D('',#6330,#5090,#5091);
#4195=AXIS2_PLACEMENT_3D('',#6332,#5092,#5093);
#4196=AXIS2_PLACEMENT_3D('',#6334,#5095,#5096);
#4197=AXIS2_PLACEMENT_3D('',#6338,#5099,#5100);
#4198=AXIS2_PLACEMENT_3D('',#6340,#5101,#5102);
#4199=AXIS2_PLACEMENT_3D('',#6342,#5104,#5105);
#4200=AXIS2_PLACEMENT_3D('',#6346,#5108,#5109);
#4201=AXIS2_PLACEMENT_3D('',#6347,#5110,#5111);
#4202=AXIS2_PLACEMENT_3D('',#6348,#5112,#5113);
#4203=AXIS2_PLACEMENT_3D('',#6352,#5116,#5117);
#4204=AXIS2_PLACEMENT_3D('',#6353,#5118,#5119);
#4205=AXIS2_PLACEMENT_3D('',#6354,#5120,#5121);
#4206=AXIS2_PLACEMENT_3D('',#6358,#5124,#5125);
#4207=AXIS2_PLACEMENT_3D('',#6359,#5126,#5127);
#4208=AXIS2_PLACEMENT_3D('',#6360,#5128,#5129);
#4209=AXIS2_PLACEMENT_3D('',#6364,#5131,#5132);
#4210=AXIS2_PLACEMENT_3D('',#6366,#5134,#5135);
#4211=AXIS2_PLACEMENT_3D('',#6370,#5138,#5139);
#4212=AXIS2_PLACEMENT_3D('',#6372,#5140,#5141);
#4213=AXIS2_PLACEMENT_3D('',#6374,#5143,#5144);
#4214=AXIS2_PLACEMENT_3D('',#6378,#5147,#5148);
#4215=AXIS2_PLACEMENT_3D('',#6380,#5149,#5150);
#4216=AXIS2_PLACEMENT_3D('',#6382,#5152,#5153);
#4217=AXIS2_PLACEMENT_3D('',#6386,#5156,#5157);
#4218=AXIS2_PLACEMENT_3D('',#6388,#5158,#5159);
#4219=AXIS2_PLACEMENT_3D('',#6390,#5161,#5162);
#4220=AXIS2_PLACEMENT_3D('',#6394,#5165,#5166);
#4221=AXIS2_PLACEMENT_3D('',#6396,#5167,#5168);
#4222=AXIS2_PLACEMENT_3D('',#6398,#5170,#5171);
#4223=AXIS2_PLACEMENT_3D('',#6402,#5174,#5175);
#4224=AXIS2_PLACEMENT_3D('',#6404,#5176,#5177);
#4225=AXIS2_PLACEMENT_3D('',#6406,#5179,#5180);
#4226=AXIS2_PLACEMENT_3D('',#6408,#5182,#5183);
#4227=AXIS2_PLACEMENT_3D('',#6412,#5185,#5186);
#4228=AXIS2_PLACEMENT_3D('',#6414,#5188,#5189);
#4229=AXIS2_PLACEMENT_3D('',#6418,#5192,#5193);
#4230=AXIS2_PLACEMENT_3D('',#6419,#5194,#5195);
#4231=AXIS2_PLACEMENT_3D('',#6420,#5196,#5197);
#4232=AXIS2_PLACEMENT_3D('',#6422,#5199,#5200);
#4233=AXIS2_PLACEMENT_3D('',#6426,#5203,#5204);
#4234=AXIS2_PLACEMENT_3D('',#6427,#5205,#5206);
#4235=AXIS2_PLACEMENT_3D('',#6428,#5207,#5208);
#4236=AXIS2_PLACEMENT_3D('',#6432,#5211,#5212);
#4237=AXIS2_PLACEMENT_3D('',#6433,#5213,#5214);
#4238=AXIS2_PLACEMENT_3D('',#6434,#5215,#5216);
#4239=AXIS2_PLACEMENT_3D('',#6438,#5218,#5219);
#4240=AXIS2_PLACEMENT_3D('',#6440,#5221,#5222);
#4241=AXIS2_PLACEMENT_3D('',#6444,#5225,#5226);
#4242=AXIS2_PLACEMENT_3D('',#6446,#5227,#5228);
#4243=AXIS2_PLACEMENT_3D('',#6448,#5230,#5231);
#4244=AXIS2_PLACEMENT_3D('',#6452,#5234,#5235);
#4245=AXIS2_PLACEMENT_3D('',#6454,#5236,#5237);
#4246=AXIS2_PLACEMENT_3D('',#6456,#5239,#5240);
#4247=AXIS2_PLACEMENT_3D('',#6460,#5243,#5244);
#4248=AXIS2_PLACEMENT_3D('',#6462,#5245,#5246);
#4249=AXIS2_PLACEMENT_3D('',#6464,#5248,#5249);
#4250=AXIS2_PLACEMENT_3D('',#6468,#5252,#5253);
#4251=AXIS2_PLACEMENT_3D('',#6470,#5254,#5255);
#4252=AXIS2_PLACEMENT_3D('',#6472,#5257,#5258);
#4253=AXIS2_PLACEMENT_3D('',#6476,#5261,#5262);
#4254=AXIS2_PLACEMENT_3D('',#6478,#5263,#5264);
#4255=AXIS2_PLACEMENT_3D('',#6480,#5266,#5267);
#4256=AXIS2_PLACEMENT_3D('',#6482,#5269,#5270);
#4257=AXIS2_PLACEMENT_3D('',#6486,#5273,#5274);
#4258=AXIS2_PLACEMENT_3D('',#6488,#5275,#5276);
#4259=AXIS2_PLACEMENT_3D('',#6490,#5278,#5279);
#4260=AXIS2_PLACEMENT_3D('',#6494,#5282,#5283);
#4261=AXIS2_PLACEMENT_3D('',#6495,#5284,#5285);
#4262=AXIS2_PLACEMENT_3D('',#6496,#5286,#5287);
#4263=AXIS2_PLACEMENT_3D('',#6499,#5289,#5290);
#4264=AXIS2_PLACEMENT_3D('',#6500,#5291,#5292);
#4265=AXIS2_PLACEMENT_3D('',#6504,#5295,#5296);
#4266=AXIS2_PLACEMENT_3D('',#6505,#5297,#5298);
#4267=AXIS2_PLACEMENT_3D('',#6506,#5299,#5300);
#4268=AXIS2_PLACEMENT_3D('',#6508,#5302,#5303);
#4269=AXIS2_PLACEMENT_3D('',#6511,#5305,#5306);
#4270=AXIS2_PLACEMENT_3D('',#6512,#5307,#5308);
#4271=AXIS2_PLACEMENT_3D('',#6516,#5311,#5312);
#4272=AXIS2_PLACEMENT_3D('',#6518,#5313,#5314);
#4273=AXIS2_PLACEMENT_3D('',#6520,#5316,#5317);
#4274=AXIS2_PLACEMENT_3D('',#6522,#5319,#5320);
#4275=AXIS2_PLACEMENT_3D('',#6526,#5322,#5323);
#4276=AXIS2_PLACEMENT_3D('',#6528,#5325,#5326);
#4277=AXIS2_PLACEMENT_3D('',#6532,#5329,#5330);
#4278=AXIS2_PLACEMENT_3D('',#6533,#5331,#5332);
#4279=AXIS2_PLACEMENT_3D('',#6534,#5333,#5334);
#4280=AXIS2_PLACEMENT_3D('',#6538,#5337,#5338);
#4281=AXIS2_PLACEMENT_3D('',#6540,#5339,#5340);
#4282=AXIS2_PLACEMENT_3D('',#6543,#5343,#5344);
#4283=AXIS2_PLACEMENT_3D('',#6547,#5347,#5348);
#4284=AXIS2_PLACEMENT_3D('',#6549,#5349,#5350);
#4285=AXIS2_PLACEMENT_3D('',#6552,#5353,#5354);
#4286=AXIS2_PLACEMENT_3D('',#6556,#5357,#5358);
#4287=AXIS2_PLACEMENT_3D('',#6558,#5359,#5360);
#4288=AXIS2_PLACEMENT_3D('',#6560,#5362,#5363);
#4289=AXIS2_PLACEMENT_3D('',#6564,#5366,#5367);
#4290=AXIS2_PLACEMENT_3D('',#6566,#5368,#5369);
#4291=AXIS2_PLACEMENT_3D('',#6568,#5371,#5372);
#4292=AXIS2_PLACEMENT_3D('',#6572,#5375,#5376);
#4293=AXIS2_PLACEMENT_3D('',#6574,#5377,#5378);
#4294=AXIS2_PLACEMENT_3D('',#6576,#5380,#5381);
#4295=AXIS2_PLACEMENT_3D('',#6580,#5384,#5385);
#4296=AXIS2_PLACEMENT_3D('',#6581,#5386,#5387);
#4297=AXIS2_PLACEMENT_3D('',#6582,#5388,#5389);
#4298=AXIS2_PLACEMENT_3D('',#6584,#5390,#5391);
#4299=AXIS2_PLACEMENT_3D('',#6586,#5393,#5394);
#4300=AXIS2_PLACEMENT_3D('',#6590,#5397,#5398);
#4301=AXIS2_PLACEMENT_3D('',#6592,#5399,#5400);
#4302=AXIS2_PLACEMENT_3D('',#6594,#5402,#5403);
#4303=AXIS2_PLACEMENT_3D('',#6598,#5406,#5407);
#4304=AXIS2_PLACEMENT_3D('',#6600,#5408,#5409);
#4305=AXIS2_PLACEMENT_3D('',#6602,#5411,#5412);
#4306=AXIS2_PLACEMENT_3D('',#6606,#5415,#5416);
#4307=AXIS2_PLACEMENT_3D('',#6607,#5417,#5418);
#4308=AXIS2_PLACEMENT_3D('',#6608,#5419,#5420);
#4309=AXIS2_PLACEMENT_3D('',#6612,#5423,#5424);
#4310=AXIS2_PLACEMENT_3D('',#6614,#5425,#5426);
#4311=AXIS2_PLACEMENT_3D('',#6616,#5428,#5429);
#4312=AXIS2_PLACEMENT_3D('',#6620,#5432,#5433);
#4313=AXIS2_PLACEMENT_3D('',#6622,#5434,#5435);
#4314=AXIS2_PLACEMENT_3D('',#6624,#5437,#5438);
#4315=AXIS2_PLACEMENT_3D('',#6628,#5441,#5442);
#4316=AXIS2_PLACEMENT_3D('',#6630,#5443,#5444);
#4317=AXIS2_PLACEMENT_3D('',#6632,#5446,#5447);
#4318=AXIS2_PLACEMENT_3D('',#6636,#5450,#5451);
#4319=AXIS2_PLACEMENT_3D('',#6637,#5452,#5453);
#4320=AXIS2_PLACEMENT_3D('',#6638,#5454,#5455);
#4321=AXIS2_PLACEMENT_3D('',#6640,#5456,#5457);
#4322=AXIS2_PLACEMENT_3D('',#6642,#5459,#5460);
#4323=AXIS2_PLACEMENT_3D('',#6646,#5463,#5464);
#4324=AXIS2_PLACEMENT_3D('',#6648,#5465,#5466);
#4325=AXIS2_PLACEMENT_3D('',#6650,#5468,#5469);
#4326=AXIS2_PLACEMENT_3D('',#6654,#5472,#5473);
#4327=AXIS2_PLACEMENT_3D('',#6656,#5474,#5475);
#4328=AXIS2_PLACEMENT_3D('',#6658,#5477,#5478);
#4329=AXIS2_PLACEMENT_3D('',#6662,#5481,#5482);
#4330=AXIS2_PLACEMENT_3D('',#6664,#5483,#5484);
#4331=AXIS2_PLACEMENT_3D('',#6666,#5486,#5487);
#4332=AXIS2_PLACEMENT_3D('',#6670,#5490,#5491);
#4333=AXIS2_PLACEMENT_3D('',#6672,#5492,#5493);
#4334=AXIS2_PLACEMENT_3D('',#6675,#5496,#5497);
#4335=AXIS2_PLACEMENT_3D('',#6679,#5500,#5501);
#4336=AXIS2_PLACEMENT_3D('',#6681,#5502,#5503);
#4337=AXIS2_PLACEMENT_3D('',#6684,#5506,#5507);
#4338=AXIS2_PLACEMENT_3D('',#6688,#5510,#5511);
#4339=AXIS2_PLACEMENT_3D('',#6690,#5512,#5513);
#4340=AXIS2_PLACEMENT_3D('',#6692,#5515,#5516);
#4341=AXIS2_PLACEMENT_3D('',#6696,#5519,#5520);
#4342=AXIS2_PLACEMENT_3D('',#6698,#5521,#5522);
#4343=AXIS2_PLACEMENT_3D('',#6700,#5524,#5525);
#4344=AXIS2_PLACEMENT_3D('',#6704,#5528,#5529);
#4345=AXIS2_PLACEMENT_3D('',#6706,#5530,#5531);
#4346=AXIS2_PLACEMENT_3D('',#6708,#5533,#5534);
#4347=AXIS2_PLACEMENT_3D('',#6710,#5535,#5536);
#4348=AXIS2_PLACEMENT_3D('',#6712,#5538,#5539);
#4349=AXIS2_PLACEMENT_3D('',#6714,#5540,#5541);
#4350=AXIS2_PLACEMENT_3D('',#6716,#5543,#5544);
#4351=AXIS2_PLACEMENT_3D('',#6720,#5547,#5548);
#4352=AXIS2_PLACEMENT_3D('',#6721,#5549,#5550);
#4353=AXIS2_PLACEMENT_3D('',#6722,#5551,#5552);
#4354=AXIS2_PLACEMENT_3D('',#6724,#5553,#5554);
#4355=AXIS2_PLACEMENT_3D('',#6726,#5556,#5557);
#4356=AXIS2_PLACEMENT_3D('',#6728,#5558,#5559);
#4357=AXIS2_PLACEMENT_3D('',#6730,#5561,#5562);
#4358=AXIS2_PLACEMENT_3D('',#6732,#5564,#5565);
#4359=DIRECTION('axis',(0.,0.,1.));
#4360=DIRECTION('refdir',(1.,0.,0.));
#4361=DIRECTION('center_axis',(0.,-1.,0.));
#4362=DIRECTION('ref_axis',(-0.707106781186547,0.,0.707106781186548));
#4363=DIRECTION('center_axis',(0.,1.,0.));
#4364=DIRECTION('ref_axis',(-0.707106781186547,0.,0.707106781186548));
#4365=DIRECTION('',(0.,1.,0.));
#4366=DIRECTION('center_axis',(1.15241483595885E-14,-1.,0.));
#4367=DIRECTION('ref_axis',(-0.707106781186547,0.,0.707106781186548));
#4368=DIRECTION('',(0.,1.,0.));
#4369=DIRECTION('center_axis',(0.,0.,1.));
#4370=DIRECTION('ref_axis',(1.,0.,0.));
#4371=DIRECTION('',(1.,0.,0.));
#4372=DIRECTION('',(0.,-1.,0.));
#4373=DIRECTION('',(-1.,0.,0.));
#4374=DIRECTION('center_axis',(0.,-1.,0.));
#4375=DIRECTION('ref_axis',(-1.,0.,0.));
#4376=DIRECTION('center_axis',(0.,-1.,0.));
#4377=DIRECTION('ref_axis',(0.707106781186548,0.,-0.707106781186547));
#4378=DIRECTION('',(-1.,0.,0.));
#4379=DIRECTION('',(0.,0.,-1.));
#4380=DIRECTION('',(-1.,0.,0.));
#4381=DIRECTION('',(0.,0.,-1.));
#4382=DIRECTION('',(-1.,0.,0.));
#4383=DIRECTION('center_axis',(0.,-1.,0.));
#4384=DIRECTION('ref_axis',(-0.707106781186546,0.,-0.707106781186549));
#4385=DIRECTION('center_axis',(0.,1.,0.));
#4386=DIRECTION('ref_axis',(0.707106781186548,0.,0.707106781186547));
#4387=DIRECTION('center_axis',(0.,1.,0.));
#4388=DIRECTION('ref_axis',(0.707106781186548,0.,0.707106781186547));
#4389=DIRECTION('center_axis',(1.15241483595885E-14,-1.,0.));
#4390=DIRECTION('ref_axis',(0.707106781186548,0.,0.707106781186547));
#4391=DIRECTION('',(0.,-1.,0.));
#4392=DIRECTION('center_axis',(0.,1.,0.));
#4393=DIRECTION('ref_axis',(0.707106781186544,0.,0.707106781186551));
#4394=DIRECTION('center_axis',(0.,-1.,0.));
#4395=DIRECTION('ref_axis',(0.707106781186544,0.,0.707106781186551));
#4396=DIRECTION('',(0.,-1.,0.));
#4397=DIRECTION('center_axis',(-1.10686589121191E-16,1.,0.));
#4398=DIRECTION('ref_axis',(0.707106781186544,0.,0.707106781186551));
#4399=DIRECTION('',(0.,-1.,0.));
#4400=DIRECTION('center_axis',(0.,0.,1.));
#4401=DIRECTION('ref_axis',(1.,0.,0.));
#4402=DIRECTION('',(-1.,0.,0.));
#4403=DIRECTION('',(-3.55271367880051E-14,1.,0.));
#4404=DIRECTION('',(1.,-7.22513736737529E-16,0.));
#4405=DIRECTION('center_axis',(0.,1.,0.));
#4406=DIRECTION('ref_axis',(1.,0.,0.));
#4407=DIRECTION('center_axis',(0.,1.,0.));
#4408=DIRECTION('ref_axis',(-0.707106781186553,0.,-0.707106781186542));
#4409=DIRECTION('',(-1.,0.,0.));
#4410=DIRECTION('',(0.,0.,-1.));
#4411=DIRECTION('',(1.,0.,0.));
#4412=DIRECTION('',(0.,0.,-1.));
#4413=DIRECTION('',(-1.,0.,0.));
#4414=DIRECTION('center_axis',(0.,1.,0.));
#4415=DIRECTION('ref_axis',(0.707106781186546,2.51214793389404E-14,-0.707106781186549));
#4416=DIRECTION('center_axis',(0.,-1.,0.));
#4417=DIRECTION('ref_axis',(-0.707106781186548,-2.51214793389404E-14,0.707106781186547));
#4418=DIRECTION('center_axis',(3.55271367880051E-14,-1.,0.));
#4419=DIRECTION('ref_axis',(-0.707106781186548,-2.51214793389404E-14,0.707106781186547));
#4420=DIRECTION('center_axis',(-1.10686589121191E-16,1.,0.));
#4421=DIRECTION('ref_axis',(-0.707106781186548,-2.51214793389404E-14,0.707106781186547));
#4422=DIRECTION('',(-3.55271367880051E-14,1.,0.));
#4423=DIRECTION('center_axis',(-1.08801856413265E-13,1.,0.));
#4424=DIRECTION('ref_axis',(0.707106781186548,7.53644380168211E-14,0.707106781186547));
#4425=DIRECTION('center_axis',(0.,-1.,0.));
#4426=DIRECTION('ref_axis',(0.707106781186548,7.53644380168211E-14,0.707106781186547));
#4427=DIRECTION('',(1.08801856413265E-13,-1.,0.));
#4428=DIRECTION('center_axis',(-1.15241483595881E-14,1.,0.));
#4429=DIRECTION('ref_axis',(0.707106781186548,7.53644380168211E-14,0.707106781186547));
#4430=DIRECTION('',(1.08801856413265E-13,-1.,0.));
#4431=DIRECTION('center_axis',(0.,0.,1.));
#4432=DIRECTION('ref_axis',(1.,0.,0.));
#4433=DIRECTION('',(-1.,0.,0.));
#4434=DIRECTION('',(-8.77076189453877E-14,1.,0.));
#4435=DIRECTION('',(1.,-7.2251373528646E-16,0.));
#4436=DIRECTION('center_axis',(0.,1.,0.));
#4437=DIRECTION('ref_axis',(1.,0.,0.));
#4438=DIRECTION('center_axis',(0.,1.,0.));
#4439=DIRECTION('ref_axis',(-0.707106781186549,-7.5364438016821E-14,-0.707106781186546));
#4440=DIRECTION('',(-1.,0.,0.));
#4441=DIRECTION('',(0.,0.,-1.));
#4442=DIRECTION('',(1.,0.,0.));
#4443=DIRECTION('',(0.,0.,-1.));
#4444=DIRECTION('',(-1.,0.,0.));
#4445=DIRECTION('center_axis',(0.,1.,0.));
#4446=DIRECTION('ref_axis',(0.707106781186548,6.2803698347351E-14,-0.707106781186547));
#4447=DIRECTION('center_axis',(0.,-1.,0.));
#4448=DIRECTION('ref_axis',(-0.707106781186548,-5.86167851241942E-14,0.707106781186547));
#4449=DIRECTION('center_axis',(8.77076189453877E-14,-1.,0.));
#4450=DIRECTION('ref_axis',(-0.707106781186548,-5.86167851241942E-14,0.707106781186547));
#4451=DIRECTION('center_axis',(-1.15241483595881E-14,1.,0.));
#4452=DIRECTION('ref_axis',(-0.707106781186548,-5.86167851241942E-14,0.707106781186547));
#4453=DIRECTION('',(-8.77076189453877E-14,1.,0.));
#4454=DIRECTION('center_axis',(0.,-1.,0.));
#4455=DIRECTION('ref_axis',(-0.707106781186546,0.,-0.707106781186549));
#4456=DIRECTION('center_axis',(-1.15241483595885E-14,1.,0.));
#4457=DIRECTION('ref_axis',(-0.707106781186546,0.,-0.707106781186549));
#4458=DIRECTION('',(0.,1.,0.));
#4459=DIRECTION('center_axis',(0.,1.,0.));
#4460=DIRECTION('ref_axis',(0.707106781186548,0.,-0.707106781186547));
#4461=DIRECTION('center_axis',(-1.15241483595885E-14,1.,0.));
#4462=DIRECTION('ref_axis',(0.707106781186548,0.,-0.707106781186547));
#4463=DIRECTION('',(0.,-1.,0.));
#4464=DIRECTION('center_axis',(0.,0.,-1.));
#4465=DIRECTION('ref_axis',(1.,0.,0.));
#4466=DIRECTION('center_axis',(0.,0.,-1.));
#4467=DIRECTION('ref_axis',(1.,0.,0.));
#4468=DIRECTION('center_axis',(0.,0.,-1.));
#4469=DIRECTION('ref_axis',(1.,0.,0.));
#4470=DIRECTION('',(1.,-5.28895515330765E-14,0.));
#4471=DIRECTION('center_axis',(0.,0.,-1.));
#4472=DIRECTION('ref_axis',(1.,0.,0.));
#4473=DIRECTION('',(-1.,-7.2228784212991E-15,0.));
#4474=DIRECTION('center_axis',(0.,0.,-1.));
#4475=DIRECTION('ref_axis',(1.,0.,0.));
#4476=DIRECTION('',(-0.707106781186546,-0.707106781186549,0.));
#4477=DIRECTION('center_axis',(0.,0.,1.));
#4478=DIRECTION('ref_axis',(-0.382683432365089,0.923879532511287,0.));
#4479=DIRECTION('',(-1.,0.,0.));
#4480=DIRECTION('center_axis',(0.,0.,-1.));
#4481=DIRECTION('ref_axis',(1.,0.,0.));
#4482=DIRECTION('center_axis',(0.,0.,-1.));
#4483=DIRECTION('ref_axis',(1.,0.,0.));
#4484=DIRECTION('',(-2.01858731750028E-16,1.,0.));
#4485=DIRECTION('center_axis',(0.,0.,-1.));
#4486=DIRECTION('ref_axis',(1.,0.,0.));
#4487=DIRECTION('center_axis',(0.,0.,-1.));
#4488=DIRECTION('ref_axis',(1.,0.,0.));
#4489=DIRECTION('',(-0.707106781186544,0.707106781186551,0.));
#4490=DIRECTION('center_axis',(0.,0.,-1.));
#4491=DIRECTION('ref_axis',(1.,0.,0.));
#4492=DIRECTION('',(-1.,-1.0318397744713E-15,0.));
#4493=DIRECTION('center_axis',(0.,0.,-1.));
#4494=DIRECTION('ref_axis',(1.,0.,0.));
#4495=DIRECTION('',(1.,2.13043657512446E-14,0.));
#4496=DIRECTION('center_axis',(0.,0.,-1.));
#4497=DIRECTION('ref_axis',(1.,0.,0.));
#4498=DIRECTION('',(-0.707106781186544,0.707106781186551,0.));
#4499=DIRECTION('center_axis',(0.,0.,-1.));
#4500=DIRECTION('ref_axis',(1.,0.,0.));
#4501=DIRECTION('',(0.,1.,0.));
#4502=DIRECTION('',(-1.,-1.10686589121191E-16,0.));
#4503=DIRECTION('center_axis',(0.,0.,1.));
#4504=DIRECTION('ref_axis',(1.,0.,0.));
#4505=DIRECTION('',(1.,0.,0.));
#4506=DIRECTION('center_axis',(0.,0.,-1.));
#4507=DIRECTION('ref_axis',(1.,0.,0.));
#4508=DIRECTION('',(-1.,-4.04669984360513E-13,0.));
#4509=DIRECTION('center_axis',(0.,0.,1.));
#4510=DIRECTION('ref_axis',(1.,0.,0.));
#4511=DIRECTION('',(1.,2.96059473233376E-15,0.));
#4512=DIRECTION('center_axis',(0.,0.,1.));
#4513=DIRECTION('ref_axis',(1.,0.,0.));
#4514=DIRECTION('',(-1.,3.58684758865002E-13,0.));
#4515=DIRECTION('center_axis',(0.,0.,-1.));
#4516=DIRECTION('ref_axis',(1.,0.,0.));
#4517=DIRECTION('',(1.,4.44089209850063E-14,0.));
#4518=DIRECTION('center_axis',(0.,0.,1.));
#4519=DIRECTION('ref_axis',(1.,0.,0.));
#4520=DIRECTION('',(-1.,-1.10686589121191E-16,0.));
#4521=DIRECTION('',(3.55271367880051E-14,-1.,0.));
#4522=DIRECTION('center_axis',(0.,0.,-1.));
#4523=DIRECTION('ref_axis',(1.,0.,0.));
#4524=DIRECTION('',(0.70710678118665,0.707106781186445,0.));
#4525=DIRECTION('center_axis',(0.,0.,-1.));
#4526=DIRECTION('ref_axis',(1.,0.,0.));
#4527=DIRECTION('',(-1.,1.62737081640236E-14,0.));
#4528=DIRECTION('center_axis',(0.,0.,-1.));
#4529=DIRECTION('ref_axis',(1.,0.,0.));
#4530=DIRECTION('',(1.,4.4369110302266E-14,0.));
#4531=DIRECTION('center_axis',(0.,0.,-1.));
#4532=DIRECTION('ref_axis',(1.,0.,0.));
#4533=DIRECTION('',(0.70710678118665,0.707106781186445,0.));
#4534=DIRECTION('center_axis',(0.,0.,1.));
#4535=DIRECTION('ref_axis',(0.382683432365026,-0.923879532511313,0.));
#4536=DIRECTION('',(-1.,-2.96059473233376E-15,0.));
#4537=DIRECTION('center_axis',(0.,0.,-1.));
#4538=DIRECTION('ref_axis',(1.,0.,0.));
#4539=DIRECTION('center_axis',(0.,0.,-1.));
#4540=DIRECTION('ref_axis',(1.,0.,0.));
#4541=DIRECTION('',(-1.,-2.96059473233376E-15,0.));
#4542=DIRECTION('center_axis',(0.,0.,1.));
#4543=DIRECTION('ref_axis',(-0.382683432365108,-0.923879532511279,0.));
#4544=DIRECTION('',(-0.707106781186519,0.707106781186576,0.));
#4545=DIRECTION('center_axis',(0.,0.,-1.));
#4546=DIRECTION('ref_axis',(1.,0.,0.));
#4547=DIRECTION('',(-1.,4.1273590978852E-14,0.));
#4548=DIRECTION('center_axis',(0.,0.,-1.));
#4549=DIRECTION('ref_axis',(1.,0.,0.));
#4550=DIRECTION('',(1.,-2.13043657512448E-14,0.));
#4551=DIRECTION('center_axis',(0.,0.,-1.));
#4552=DIRECTION('ref_axis',(1.,0.,0.));
#4553=DIRECTION('',(-0.707106781186519,0.707106781186576,0.));
#4554=DIRECTION('center_axis',(0.,0.,-1.));
#4555=DIRECTION('ref_axis',(1.,0.,0.));
#4556=DIRECTION('',(-1.08801856413265E-13,1.,0.));
#4557=DIRECTION('',(-1.,-1.15241483595881E-14,0.));
#4558=DIRECTION('center_axis',(0.,0.,1.));
#4559=DIRECTION('ref_axis',(1.,0.,0.));
#4560=DIRECTION('',(1.,-4.44089209850064E-14,0.));
#4561=DIRECTION('center_axis',(0.,0.,-1.));
#4562=DIRECTION('ref_axis',(1.,0.,0.));
#4563=DIRECTION('',(-1.,-3.58684758865001E-13,0.));
#4564=DIRECTION('center_axis',(0.,0.,1.));
#4565=DIRECTION('ref_axis',(1.,0.,0.));
#4566=DIRECTION('',(1.,2.96059473233376E-15,0.));
#4567=DIRECTION('center_axis',(0.,0.,1.));
#4568=DIRECTION('ref_axis',(1.,0.,0.));
#4569=DIRECTION('',(-1.,3.9941453001817E-13,0.));
#4570=DIRECTION('center_axis',(0.,0.,-1.));
#4571=DIRECTION('ref_axis',(1.,0.,0.));
#4572=DIRECTION('',(1.,0.,0.));
#4573=DIRECTION('center_axis',(0.,0.,1.));
#4574=DIRECTION('ref_axis',(1.,0.,0.));
#4575=DIRECTION('',(-1.,-1.15241483595881E-14,0.));
#4576=DIRECTION('',(8.77076189453877E-14,-1.,0.));
#4577=DIRECTION('center_axis',(0.,0.,-1.));
#4578=DIRECTION('ref_axis',(1.,0.,0.));
#4579=DIRECTION('',(0.707106781186548,0.707106781186547,0.));
#4580=DIRECTION('center_axis',(0.,0.,-1.));
#4581=DIRECTION('ref_axis',(1.,0.,0.));
#4582=DIRECTION('',(-1.,5.69579785740824E-14,0.));
#4583=DIRECTION('center_axis',(0.,0.,-1.));
#4584=DIRECTION('ref_axis',(1.,0.,0.));
#4585=DIRECTION('',(1.,-1.0318397744713E-15,0.));
#4586=DIRECTION('center_axis',(0.,0.,-1.));
#4587=DIRECTION('ref_axis',(1.,0.,0.));
#4588=DIRECTION('',(0.707106781186548,0.707106781186547,0.));
#4589=DIRECTION('center_axis',(0.,0.,-1.));
#4590=DIRECTION('ref_axis',(1.,0.,0.));
#4591=DIRECTION('',(-5.84976359686188E-17,1.,0.));
#4592=DIRECTION('center_axis',(0.,0.,-1.));
#4593=DIRECTION('ref_axis',(1.,0.,0.));
#4594=DIRECTION('center_axis',(0.,0.,1.));
#4595=DIRECTION('ref_axis',(-0.857969178415584,-0.513701166914081,0.));
#4596=DIRECTION('',(1.89242561015652E-17,-1.,0.));
#4597=DIRECTION('center_axis',(0.,0.,1.));
#4598=DIRECTION('ref_axis',(1.,0.,0.));
#4599=DIRECTION('',(-0.550313362133823,0.834958204616835,0.));
#4600=DIRECTION('center_axis',(0.,0.,1.));
#4601=DIRECTION('ref_axis',(1.,0.,0.));
#4602=DIRECTION('',(0.550313362133823,0.834958204616835,0.));
#4603=DIRECTION('center_axis',(0.,0.,1.));
#4604=DIRECTION('ref_axis',(1.,0.,0.));
#4605=DIRECTION('',(1.89242561015652E-17,-1.,0.));
#4606=DIRECTION('center_axis',(0.,0.,1.));
#4607=DIRECTION('ref_axis',(-0.857969178415583,0.513701166914082,0.));
#4608=DIRECTION('center_axis',(0.,0.,-1.));
#4609=DIRECTION('ref_axis',(1.,0.,0.));
#4610=DIRECTION('',(-5.84976359686188E-17,1.,0.));
#4611=DIRECTION('center_axis',(0.,0.,-1.));
#4612=DIRECTION('ref_axis',(1.,0.,0.));
#4613=DIRECTION('',(0.707106781186549,-0.707106781186546,0.));
#4614=DIRECTION('center_axis',(0.,0.,-1.));
#4615=DIRECTION('ref_axis',(1.,0.,0.));
#4616=DIRECTION('',(1.,-1.0318397744713E-15,0.));
#4617=DIRECTION('center_axis',(0.,0.,-1.));
#4618=DIRECTION('ref_axis',(1.,0.,0.));
#4619=DIRECTION('',(-1.,-2.13043657512453E-14,0.));
#4620=DIRECTION('center_axis',(0.,0.,-1.));
#4621=DIRECTION('ref_axis',(1.,0.,0.));
#4622=DIRECTION('center_axis',(0.,0.,-1.));
#4623=DIRECTION('ref_axis',(1.,0.,0.));
#4624=DIRECTION('center_axis',(0.,0.,-1.));
#4625=DIRECTION('ref_axis',(1.,0.,0.));
#4626=DIRECTION('',(0.707106781186549,-0.707106781186546,0.));
#4627=DIRECTION('center_axis',(0.,0.,-1.));
#4628=DIRECTION('ref_axis',(1.,0.,0.));
#4629=DIRECTION('',(1.,1.15241483595885E-14,0.));
#4630=DIRECTION('center_axis',(0.,0.,1.));
#4631=DIRECTION('ref_axis',(1.,0.,0.));
#4632=DIRECTION('',(-1.,0.,0.));
#4633=DIRECTION('center_axis',(0.,0.,-1.));
#4634=DIRECTION('ref_axis',(1.,0.,0.));
#4635=DIRECTION('',(1.,3.9941453001817E-13,0.));
#4636=DIRECTION('center_axis',(0.,0.,1.));
#4637=DIRECTION('ref_axis',(1.,0.,0.));
#4638=DIRECTION('',(-1.,0.,0.));
#4639=DIRECTION('center_axis',(0.,0.,1.));
#4640=DIRECTION('ref_axis',(1.,0.,0.));
#4641=DIRECTION('',(1.,-3.94159075675825E-13,0.));
#4642=DIRECTION('center_axis',(0.,0.,-1.));
#4643=DIRECTION('ref_axis',(1.,0.,0.));
#4644=DIRECTION('',(-1.,0.,0.));
#4645=DIRECTION('center_axis',(0.,0.,1.));
#4646=DIRECTION('ref_axis',(1.,0.,0.));
#4647=DIRECTION('',(1.,1.15241483595885E-14,0.));
#4648=DIRECTION('',(1.,-1.00845256512621E-14,0.));
#4649=DIRECTION('center_axis',(0.,0.,1.));
#4650=DIRECTION('ref_axis',(1.,0.,0.));
#4651=DIRECTION('',(-0.550313362133823,-0.834958204616835,0.));
#4652=DIRECTION('center_axis',(0.,0.,1.));
#4653=DIRECTION('ref_axis',(0.,1.,0.));
#4654=DIRECTION('',(-0.550313362133823,0.834958204616835,0.));
#4655=DIRECTION('center_axis',(0.,0.,1.));
#4656=DIRECTION('ref_axis',(1.,0.,0.));
#4657=DIRECTION('center_axis',(0.,0.,-1.));
#4658=DIRECTION('ref_axis',(1.,0.,0.));
#4659=DIRECTION('center_axis',(0.,0.,1.));
#4660=DIRECTION('ref_axis',(0.857969178415583,0.513701166914082,0.));
#4661=DIRECTION('',(-1.00929365875014E-16,1.,0.));
#4662=DIRECTION('center_axis',(0.,0.,1.));
#4663=DIRECTION('ref_axis',(1.,0.,0.));
#4664=DIRECTION('',(0.550313362133823,-0.834958204616835,0.));
#4665=DIRECTION('center_axis',(0.,0.,1.));
#4666=DIRECTION('ref_axis',(-1.,-1.32967496874247E-15,0.));
#4667=DIRECTION('',(-0.550313362133823,-0.834958204616835,0.));
#4668=DIRECTION('center_axis',(0.,0.,1.));
#4669=DIRECTION('ref_axis',(1.,0.,0.));
#4670=DIRECTION('',(-1.00929365875014E-16,1.,0.));
#4671=DIRECTION('center_axis',(0.,0.,1.));
#4672=DIRECTION('ref_axis',(0.857969178415583,-0.513701166914082,0.));
#4673=DIRECTION('center_axis',(0.,0.,-1.));
#4674=DIRECTION('ref_axis',(1.,0.,0.));
#4675=DIRECTION('center_axis',(0.,0.,1.));
#4676=DIRECTION('ref_axis',(-0.857969178415583,-0.513701166914083,0.));
#4677=DIRECTION('',(0.,-1.,0.));
#4678=DIRECTION('center_axis',(0.,0.,1.));
#4679=DIRECTION('ref_axis',(1.,0.,0.));
#4680=DIRECTION('',(-0.396436016299718,0.91806235353619,0.));
#4681=DIRECTION('center_axis',(0.,0.,1.));
#4682=DIRECTION('ref_axis',(1.,2.41862226535877E-15,0.));
#4683=DIRECTION('',(0.396436016299719,0.91806235353619,0.));
#4684=DIRECTION('center_axis',(0.,0.,1.));
#4685=DIRECTION('ref_axis',(1.,0.,0.));
#4686=DIRECTION('',(0.,-1.,0.));
#4687=DIRECTION('center_axis',(0.,0.,1.));
#4688=DIRECTION('ref_axis',(-0.857969178415583,0.513701166914083,0.));
#4689=DIRECTION('center_axis',(0.,0.,1.));
#4690=DIRECTION('ref_axis',(1.,0.,0.));
#4691=DIRECTION('',(0.550313362133823,0.834958204616835,0.));
#4692=DIRECTION('center_axis',(0.,0.,1.));
#4693=DIRECTION('ref_axis',(0.,-1.,0.));
#4694=DIRECTION('',(0.550313362133823,-0.834958204616835,0.));
#4695=DIRECTION('center_axis',(0.,0.,1.));
#4696=DIRECTION('ref_axis',(1.,0.,0.));
#4697=DIRECTION('',(-1.,0.,0.));
#4698=DIRECTION('',(0.396436016299719,-0.91806235353619,0.));
#4699=DIRECTION('center_axis',(0.,0.,1.));
#4700=DIRECTION('ref_axis',(1.,0.,0.));
#4701=DIRECTION('',(-1.,0.,0.));
#4702=DIRECTION('center_axis',(0.,0.,1.));
#4703=DIRECTION('ref_axis',(1.,0.,0.));
#4704=DIRECTION('',(0.396436016299719,0.91806235353619,0.));
#4705=DIRECTION('center_axis',(0.,0.,1.));
#4706=DIRECTION('ref_axis',(0.,-1.,0.));
#4707=DIRECTION('',(-0.396436016299718,0.918062353536191,0.));
#4708=DIRECTION('center_axis',(0.,0.,1.));
#4709=DIRECTION('ref_axis',(1.,0.,0.));
#4710=DIRECTION('',(1.,-1.00845256512621E-14,0.));
#4711=DIRECTION('center_axis',(0.,0.,1.));
#4712=DIRECTION('ref_axis',(1.,0.,0.));
#4713=DIRECTION('',(-0.396436016299719,-0.91806235353619,0.));
#4714=DIRECTION('center_axis',(0.,0.,1.));
#4715=DIRECTION('ref_axis',(0.,1.,0.));
#4716=DIRECTION('center_axis',(0.,0.,1.));
#4717=DIRECTION('ref_axis',(1.,0.,0.));
#4718=DIRECTION('',(0.,1.,0.));
#4719=DIRECTION('center_axis',(0.,0.,1.));
#4720=DIRECTION('ref_axis',(1.,0.,0.));
#4721=DIRECTION('',(0.396436016299719,-0.91806235353619,0.));
#4722=DIRECTION('center_axis',(0.,0.,1.));
#4723=DIRECTION('ref_axis',(-1.,1.20931113267939E-15,0.));
#4724=DIRECTION('',(-0.396436016299719,-0.91806235353619,0.));
#4725=DIRECTION('center_axis',(0.,0.,-1.));
#4726=DIRECTION('ref_axis',(1.,0.,0.));
#4727=DIRECTION('center_axis',(0.,0.,-1.));
#4728=DIRECTION('ref_axis',(1.,0.,0.));
#4729=DIRECTION('center_axis',(-8.77076189453877E-14,1.,0.));
#4730=DIRECTION('ref_axis',(0.707106781186548,6.2803698347351E-14,-0.707106781186547));
#4731=DIRECTION('center_axis',(1.15241483595881E-14,-1.,0.));
#4732=DIRECTION('ref_axis',(0.707106781186548,6.2803698347351E-14,-0.707106781186547));
#4733=DIRECTION('center_axis',(1.08801856413265E-13,-1.,0.));
#4734=DIRECTION('ref_axis',(-0.707106781186549,-7.5364438016821E-14,-0.707106781186546));
#4735=DIRECTION('center_axis',(1.15241483595881E-14,-1.,0.));
#4736=DIRECTION('ref_axis',(-0.707106781186549,-7.5364438016821E-14,-0.707106781186546));
#4737=DIRECTION('center_axis',(0.,-1.,0.));
#4738=DIRECTION('ref_axis',(-0.707106781186553,0.,-0.707106781186542));
#4739=DIRECTION('center_axis',(1.10686589121191E-16,-1.,0.));
#4740=DIRECTION('ref_axis',(-0.707106781186553,0.,-0.707106781186542));
#4741=DIRECTION('center_axis',(-3.55271367880051E-14,1.,0.));
#4742=DIRECTION('ref_axis',(0.707106781186546,2.51214793389404E-14,-0.707106781186549));
#4743=DIRECTION('center_axis',(1.10686589121191E-16,-1.,0.));
#4744=DIRECTION('ref_axis',(0.707106781186546,2.51214793389404E-14,-0.707106781186549));
#4745=DIRECTION('center_axis',(0.,0.,-1.));
#4746=DIRECTION('ref_axis',(-0.382683432365108,-0.923879532511279,0.));
#4747=DIRECTION('',(0.,0.,-1.));
#4748=DIRECTION('center_axis',(0.,0.,-1.));
#4749=DIRECTION('ref_axis',(-0.382683432365108,-0.923879532511279,0.));
#4750=DIRECTION('',(0.,0.,1.));
#4751=DIRECTION('center_axis',(-2.96059473233376E-15,1.,0.));
#4752=DIRECTION('ref_axis',(1.,2.96059473233376E-15,0.));
#4753=DIRECTION('',(0.,0.,1.));
#4754=DIRECTION('',(1.,2.96059473233376E-15,0.));
#4755=DIRECTION('center_axis',(0.,0.,-1.));
#4756=DIRECTION('ref_axis',(0.382683432365026,-0.923879532511313,0.));
#4757=DIRECTION('',(0.,0.,-1.));
#4758=DIRECTION('center_axis',(0.,0.,-1.));
#4759=DIRECTION('ref_axis',(0.382683432365026,-0.923879532511313,0.));
#4760=DIRECTION('center_axis',(-0.707106781186445,0.70710678118665,0.));
#4761=DIRECTION('ref_axis',(0.70710678118665,0.707106781186445,0.));
#4762=DIRECTION('',(0.,0.,-1.));
#4763=DIRECTION('',(0.70710678118665,0.707106781186445,0.));
#4764=DIRECTION('center_axis',(0.,0.,-1.));
#4765=DIRECTION('ref_axis',(-0.382683432365089,0.923879532511287,0.));
#4766=DIRECTION('',(0.,0.,-1.));
#4767=DIRECTION('center_axis',(0.,0.,-1.));
#4768=DIRECTION('ref_axis',(-0.382683432365089,0.923879532511287,0.));
#4769=DIRECTION('',(0.,0.,1.));
#4770=DIRECTION('center_axis',(0.707106781186549,-0.707106781186546,0.));
#4771=DIRECTION('ref_axis',(-0.707106781186546,-0.707106781186549,0.));
#4772=DIRECTION('',(0.,0.,-1.));
#4773=DIRECTION('',(-0.707106781186546,-0.707106781186549,0.));
#4774=DIRECTION('center_axis',(0.,0.,-1.));
#4775=DIRECTION('ref_axis',(-0.857969178415583,-0.513701166914083,0.));
#4776=DIRECTION('',(0.,0.,-1.));
#4777=DIRECTION('center_axis',(0.,0.,-1.));
#4778=DIRECTION('ref_axis',(-0.857969178415583,-0.513701166914083,0.));
#4779=DIRECTION('',(0.,0.,1.));
#4780=DIRECTION('center_axis',(0.,0.,-1.));
#4781=DIRECTION('ref_axis',(1.,0.,0.));
#4782=DIRECTION('',(0.,0.,1.));
#4783=DIRECTION('center_axis',(0.,0.,-1.));
#4784=DIRECTION('ref_axis',(1.,0.,0.));
#4785=DIRECTION('',(0.,0.,1.));
#4786=DIRECTION('center_axis',(0.,0.,1.));
#4787=DIRECTION('ref_axis',(1.,0.,0.));
#4788=DIRECTION('center_axis',(0.,0.,-1.));
#4789=DIRECTION('ref_axis',(1.,0.,0.));
#4790=DIRECTION('',(0.,0.,-1.));
#4791=DIRECTION('',(0.,0.,1.));
#4792=DIRECTION('center_axis',(0.,0.,-1.));
#4793=DIRECTION('ref_axis',(1.,0.,0.));
#4794=DIRECTION('center_axis',(0.,0.,-1.));
#4795=DIRECTION('ref_axis',(-0.857969178415583,0.513701166914083,0.));
#4796=DIRECTION('',(0.,0.,-1.));
#4797=DIRECTION('center_axis',(0.,0.,-1.));
#4798=DIRECTION('ref_axis',(-0.857969178415583,0.513701166914083,0.));
#4799=DIRECTION('center_axis',(1.,0.,0.));
#4800=DIRECTION('ref_axis',(0.,-1.,0.));
#4801=DIRECTION('',(0.,0.,-1.));
#4802=DIRECTION('',(0.,-1.,0.));
#4803=DIRECTION('center_axis',(0.,0.,-1.));
#4804=DIRECTION('ref_axis',(-0.857969178415583,0.513701166914082,0.));
#4805=DIRECTION('',(0.,0.,-1.));
#4806=DIRECTION('center_axis',(0.,0.,-1.));
#4807=DIRECTION('ref_axis',(-0.857969178415583,0.513701166914082,0.));
#4808=DIRECTION('',(0.,0.,1.));
#4809=DIRECTION('center_axis',(1.,1.89242561015652E-17,0.));
#4810=DIRECTION('ref_axis',(1.89242561015652E-17,-1.,0.));
#4811=DIRECTION('',(0.,0.,-1.));
#4812=DIRECTION('',(1.89242561015652E-17,-1.,0.));
#4813=DIRECTION('center_axis',(0.,0.,-1.));
#4814=DIRECTION('ref_axis',(-0.857969178415584,-0.513701166914081,0.));
#4815=DIRECTION('',(0.,0.,-1.));
#4816=DIRECTION('center_axis',(0.,0.,-1.));
#4817=DIRECTION('ref_axis',(-0.857969178415584,-0.513701166914081,0.));
#4818=DIRECTION('',(0.,0.,1.));
#4819=DIRECTION('center_axis',(0.,0.,-1.));
#4820=DIRECTION('ref_axis',(1.,0.,0.));
#4821=DIRECTION('center_axis',(0.,0.,-1.));
#4822=DIRECTION('ref_axis',(1.,0.,0.));
#4823=DIRECTION('',(0.,0.,1.));
#4824=DIRECTION('center_axis',(0.,0.,1.));
#4825=DIRECTION('ref_axis',(1.,0.,0.));
#4826=DIRECTION('center_axis',(0.,0.,-1.));
#4827=DIRECTION('ref_axis',(0.857969178415583,0.513701166914082,0.));
#4828=DIRECTION('center_axis',(0.,0.,-1.));
#4829=DIRECTION('ref_axis',(0.857969178415583,0.513701166914082,0.));
#4830=DIRECTION('',(0.,0.,1.));
#4831=DIRECTION('center_axis',(0.,0.,-1.));
#4832=DIRECTION('ref_axis',(0.857969178415583,-0.513701166914082,0.));
#4833=DIRECTION('',(0.,0.,-1.));
#4834=DIRECTION('center_axis',(0.,0.,-1.));
#4835=DIRECTION('ref_axis',(0.857969178415583,-0.513701166914082,0.));
#4836=DIRECTION('center_axis',(-1.,-1.00929365875014E-16,0.));
#4837=DIRECTION('ref_axis',(-1.00929365875014E-16,1.,0.));
#4838=DIRECTION('',(0.,0.,-1.));
#4839=DIRECTION('',(-1.00929365875014E-16,1.,0.));
#4840=DIRECTION('center_axis',(0.,0.,-1.));
#4841=DIRECTION('ref_axis',(0.,-1.,0.));
#4842=DIRECTION('',(0.,0.,-1.));
#4843=DIRECTION('center_axis',(0.,0.,-1.));
#4844=DIRECTION('ref_axis',(0.,-1.,0.));
#4845=DIRECTION('',(0.,0.,1.));
#4846=DIRECTION('center_axis',(-0.834958204616835,0.550313362133823,0.));
#4847=DIRECTION('ref_axis',(0.550313362133823,0.834958204616835,0.));
#4848=DIRECTION('',(0.,0.,-1.));
#4849=DIRECTION('',(0.550313362133823,0.834958204616835,0.));
#4850=DIRECTION('center_axis',(0.,0.,-1.));
#4851=DIRECTION('ref_axis',(0.,1.,0.));
#4852=DIRECTION('',(0.,0.,-1.));
#4853=DIRECTION('center_axis',(0.,0.,-1.));
#4854=DIRECTION('ref_axis',(0.,1.,0.));
#4855=DIRECTION('',(0.,0.,1.));
#4856=DIRECTION('center_axis',(0.834958204616835,-0.550313362133823,0.));
#4857=DIRECTION('ref_axis',(-0.550313362133823,-0.834958204616835,0.));
#4858=DIRECTION('',(0.,0.,-1.));
#4859=DIRECTION('',(-0.550313362133823,-0.834958204616835,0.));
#4860=DIRECTION('center_axis',(0.,0.,-1.));
#4861=DIRECTION('ref_axis',(1.,0.,0.));
#4862=DIRECTION('',(0.,0.,-1.));
#4863=DIRECTION('center_axis',(0.,0.,-1.));
#4864=DIRECTION('ref_axis',(1.,0.,0.));
#4865=DIRECTION('',(0.,0.,1.));
#4866=DIRECTION('center_axis',(-0.834958204616835,-0.550313362133823,0.));
#4867=DIRECTION('ref_axis',(-0.550313362133823,0.834958204616835,0.));
#4868=DIRECTION('',(0.,0.,-1.));
#4869=DIRECTION('',(-0.550313362133823,0.834958204616835,0.));
#4870=DIRECTION('center_axis',(0.,0.,-1.));
#4871=DIRECTION('ref_axis',(-1.,-1.32967496874247E-15,0.));
#4872=DIRECTION('',(0.,0.,-1.));
#4873=DIRECTION('center_axis',(0.,0.,-1.));
#4874=DIRECTION('ref_axis',(-1.,-1.32967496874247E-15,0.));
#4875=DIRECTION('',(0.,0.,1.));
#4876=DIRECTION('center_axis',(0.834958204616835,0.550313362133823,0.));
#4877=DIRECTION('ref_axis',(0.550313362133823,-0.834958204616835,0.));
#4878=DIRECTION('',(0.,0.,-1.));
#4879=DIRECTION('',(0.550313362133823,-0.834958204616835,0.));
#4880=DIRECTION('center_axis',(0.,0.,-1.));
#4881=DIRECTION('ref_axis',(1.,2.41862226535877E-15,0.));
#4882=DIRECTION('',(0.,0.,-1.));
#4883=DIRECTION('center_axis',(0.,0.,-1.));
#4884=DIRECTION('ref_axis',(1.,2.41862226535877E-15,0.));
#4885=DIRECTION('',(0.,0.,1.));
#4886=DIRECTION('center_axis',(-0.918062353536191,-0.396436016299718,0.));
#4887=DIRECTION('ref_axis',(-0.396436016299718,0.918062353536191,0.));
#4888=DIRECTION('',(0.,0.,-1.));
#4889=DIRECTION('',(-0.396436016299718,0.91806235353619,0.));
#4890=DIRECTION('center_axis',(0.,0.,-1.));
#4891=DIRECTION('ref_axis',(0.,-1.,0.));
#4892=DIRECTION('',(0.,0.,-1.));
#4893=DIRECTION('center_axis',(0.,0.,-1.));
#4894=DIRECTION('ref_axis',(0.,-1.,0.));
#4895=DIRECTION('',(0.,0.,1.));
#4896=DIRECTION('center_axis',(-0.91806235353619,0.396436016299719,0.));
#4897=DIRECTION('ref_axis',(0.396436016299719,0.91806235353619,0.));
#4898=DIRECTION('',(0.,0.,-1.));
#4899=DIRECTION('',(0.396436016299719,0.91806235353619,0.));
#4900=DIRECTION('center_axis',(0.,0.,-1.));
#4901=DIRECTION('ref_axis',(-1.,1.20931113267939E-15,0.));
#4902=DIRECTION('',(0.,0.,-1.));
#4903=DIRECTION('center_axis',(0.,0.,-1.));
#4904=DIRECTION('ref_axis',(-1.,1.20931113267939E-15,0.));
#4905=DIRECTION('',(0.,0.,1.));
#4906=DIRECTION('center_axis',(0.91806235353619,0.396436016299719,0.));
#4907=DIRECTION('ref_axis',(0.396436016299719,-0.91806235353619,0.));
#4908=DIRECTION('',(0.,0.,-1.));
#4909=DIRECTION('',(0.396436016299719,-0.91806235353619,0.));
#4910=DIRECTION('center_axis',(0.,0.,-1.));
#4911=DIRECTION('ref_axis',(0.,1.,0.));
#4912=DIRECTION('',(0.,0.,-1.));
#4913=DIRECTION('center_axis',(0.,0.,-1.));
#4914=DIRECTION('ref_axis',(0.,1.,0.));
#4915=DIRECTION('',(0.,0.,1.));
#4916=DIRECTION('center_axis',(0.91806235353619,-0.396436016299719,0.));
#4917=DIRECTION('ref_axis',(-0.396436016299719,-0.91806235353619,0.));
#4918=DIRECTION('',(0.,0.,-1.));
#4919=DIRECTION('',(-0.396436016299719,-0.91806235353619,0.));
#4920=DIRECTION('center_axis',(0.,0.,1.));
#4921=DIRECTION('ref_axis',(1.,0.,0.));
#4922=DIRECTION('center_axis',(0.,0.,1.));
#4923=DIRECTION('ref_axis',(1.,0.,0.));
#4924=DIRECTION('',(0.,0.,-1.));
#4925=DIRECTION('center_axis',(0.,0.,-1.));
#4926=DIRECTION('ref_axis',(1.,0.,0.));
#4927=DIRECTION('center_axis',(0.,0.,-1.));
#4928=DIRECTION('ref_axis',(1.,0.,0.));
#4929=DIRECTION('center_axis',(0.,0.,-1.));
#4930=DIRECTION('ref_axis',(1.,0.,0.));
#4931=DIRECTION('center_axis',(0.,0.,-1.));
#4932=DIRECTION('ref_axis',(1.,0.,0.));
#4933=DIRECTION('center_axis',(0.,0.,1.));
#4934=DIRECTION('ref_axis',(1.,0.,0.));
#4935=DIRECTION('center_axis',(0.,0.,-1.));
#4936=DIRECTION('ref_axis',(1.,0.,0.));
#4937=DIRECTION('center_axis',(0.,0.,-1.));
#4938=DIRECTION('ref_axis',(1.,0.,0.));
#4939=DIRECTION('center_axis',(0.,0.,-1.));
#4940=DIRECTION('ref_axis',(1.,0.,0.));
#4941=DIRECTION('center_axis',(0.,0.,1.));
#4942=DIRECTION('ref_axis',(1.,0.,0.));
#4943=DIRECTION('center_axis',(0.,0.,1.));
#4944=DIRECTION('ref_axis',(1.,0.,0.));
#4945=DIRECTION('',(0.,0.,-1.));
#4946=DIRECTION('center_axis',(0.,0.,-1.));
#4947=DIRECTION('ref_axis',(1.,0.,0.));
#4948=DIRECTION('center_axis',(0.,0.,-1.));
#4949=DIRECTION('ref_axis',(1.,0.,0.));
#4950=DIRECTION('center_axis',(0.,0.,1.));
#4951=DIRECTION('ref_axis',(1.,0.,0.));
#4952=DIRECTION('center_axis',(0.,0.,-1.));
#4953=DIRECTION('ref_axis',(1.,0.,0.));
#4954=DIRECTION('center_axis',(0.,0.,-1.));
#4955=DIRECTION('ref_axis',(1.,0.,0.));
#4956=DIRECTION('center_axis',(0.,0.,1.));
#4957=DIRECTION('ref_axis',(1.,0.,0.));
#4958=DIRECTION('center_axis',(0.,0.,-1.));
#4959=DIRECTION('ref_axis',(1.,0.,0.));
#4960=DIRECTION('center_axis',(0.,0.,1.));
#4961=DIRECTION('ref_axis',(1.,0.,0.));
#4962=DIRECTION('center_axis',(0.,0.,1.));
#4963=DIRECTION('ref_axis',(1.,0.,0.));
#4964=DIRECTION('',(0.,0.,-1.));
#4965=DIRECTION('center_axis',(0.,0.,-1.));
#4966=DIRECTION('ref_axis',(1.,0.,0.));
#4967=DIRECTION('center_axis',(0.,0.,-1.));
#4968=DIRECTION('ref_axis',(1.,0.,0.));
#4969=DIRECTION('center_axis',(0.,0.,-1.));
#4970=DIRECTION('ref_axis',(1.,0.,0.));
#4971=DIRECTION('center_axis',(0.,0.,1.));
#4972=DIRECTION('ref_axis',(1.,0.,0.));
#4973=DIRECTION('center_axis',(0.,0.,-1.));
#4974=DIRECTION('ref_axis',(1.,0.,0.));
#4975=DIRECTION('center_axis',(0.,0.,-1.));
#4976=DIRECTION('ref_axis',(1.,0.,0.));
#4977=DIRECTION('',(0.,0.,-1.));
#4978=DIRECTION('center_axis',(0.,0.,-1.));
#4979=DIRECTION('ref_axis',(1.,0.,0.));
#4980=DIRECTION('center_axis',(0.,0.,-1.));
#4981=DIRECTION('ref_axis',(1.,0.,0.));
#4982=DIRECTION('center_axis',(0.,0.,-1.));
#4983=DIRECTION('ref_axis',(1.,0.,0.));
#4984=DIRECTION('',(0.,0.,-1.));
#4985=DIRECTION('center_axis',(0.,0.,-1.));
#4986=DIRECTION('ref_axis',(1.,0.,0.));
#4987=DIRECTION('center_axis',(0.,0.,-1.));
#4988=DIRECTION('ref_axis',(1.,0.,0.));
#4989=DIRECTION('center_axis',(0.,0.,-1.));
#4990=DIRECTION('ref_axis',(1.,0.,0.));
#4991=DIRECTION('',(0.,0.,-1.));
#4992=DIRECTION('center_axis',(0.,0.,-1.));
#4993=DIRECTION('ref_axis',(1.,0.,0.));
#4994=DIRECTION('center_axis',(0.,0.,-1.));
#4995=DIRECTION('ref_axis',(1.,0.,0.));
#4996=DIRECTION('center_axis',(0.,0.,-1.));
#4997=DIRECTION('ref_axis',(1.,0.,0.));
#4998=DIRECTION('',(0.,0.,-1.));
#4999=DIRECTION('center_axis',(0.,0.,-1.));
#5000=DIRECTION('ref_axis',(1.,0.,0.));
#5001=DIRECTION('center_axis',(0.,0.,-1.));
#5002=DIRECTION('ref_axis',(1.,0.,0.));
#5003=DIRECTION('center_axis',(0.,0.,-1.));
#5004=DIRECTION('ref_axis',(1.,0.,0.));
#5005=DIRECTION('',(0.,0.,-1.));
#5006=DIRECTION('center_axis',(0.,0.,-1.));
#5007=DIRECTION('ref_axis',(1.,0.,0.));
#5008=DIRECTION('center_axis',(0.,0.,-1.));
#5009=DIRECTION('ref_axis',(1.,0.,0.));
#5010=DIRECTION('center_axis',(0.,0.,-1.));
#5011=DIRECTION('ref_axis',(1.,0.,0.));
#5012=DIRECTION('',(0.,0.,-1.));
#5013=DIRECTION('center_axis',(0.,0.,-1.));
#5014=DIRECTION('ref_axis',(1.,0.,0.));
#5015=DIRECTION('center_axis',(0.,0.,-1.));
#5016=DIRECTION('ref_axis',(1.,0.,0.));
#5017=DIRECTION('center_axis',(0.,0.,-1.));
#5018=DIRECTION('ref_axis',(1.,0.,0.));
#5019=DIRECTION('',(0.,0.,-1.));
#5020=DIRECTION('center_axis',(0.,0.,-1.));
#5021=DIRECTION('ref_axis',(1.,0.,0.));
#5022=DIRECTION('center_axis',(0.,0.,-1.));
#5023=DIRECTION('ref_axis',(1.,0.,0.));
#5024=DIRECTION('center_axis',(-1.,0.,0.));
#5025=DIRECTION('ref_axis',(0.,1.,0.));
#5026=DIRECTION('',(0.,0.,-1.));
#5027=DIRECTION('',(0.,1.,0.));
#5028=DIRECTION('',(0.,0.,-1.));
#5029=DIRECTION('center_axis',(0.,0.,-1.));
#5030=DIRECTION('ref_axis',(1.,0.,0.));
#5031=DIRECTION('center_axis',(0.,0.,1.));
#5032=DIRECTION('ref_axis',(1.,0.,0.));
#5033=DIRECTION('center_axis',(0.91806235353619,-0.396436016299719,0.));
#5034=DIRECTION('ref_axis',(-0.396436016299719,-0.91806235353619,0.));
#5035=DIRECTION('',(-0.396436016299719,-0.91806235353619,0.));
#5036=DIRECTION('',(0.,0.,-1.));
#5037=DIRECTION('center_axis',(0.,0.,-1.));
#5038=DIRECTION('ref_axis',(1.,0.,0.));
#5039=DIRECTION('center_axis',(0.,0.,1.));
#5040=DIRECTION('ref_axis',(1.,0.,0.));
#5041=DIRECTION('center_axis',(0.,0.,-1.));
#5042=DIRECTION('ref_axis',(1.,0.,0.));
#5043=DIRECTION('',(0.,0.,-1.));
#5044=DIRECTION('center_axis',(0.,0.,1.));
#5045=DIRECTION('ref_axis',(1.,0.,0.));
#5046=DIRECTION('',(0.,0.,-1.));
#5047=DIRECTION('center_axis',(1.00845256512621E-14,1.,0.));
#5048=DIRECTION('ref_axis',(1.,-1.00845256512621E-14,0.));
#5049=DIRECTION('',(1.,-1.00845256512621E-14,0.));
#5050=DIRECTION('',(0.,0.,-1.));
#5051=DIRECTION('center_axis',(0.,0.,-1.));
#5052=DIRECTION('ref_axis',(-0.835594387299163,-0.549346903071399,0.));
#5053=DIRECTION('center_axis',(0.,0.,1.));
#5054=DIRECTION('ref_axis',(1.,0.,0.));
#5055=DIRECTION('center_axis',(-0.918062353536191,-0.396436016299718,0.));
#5056=DIRECTION('ref_axis',(-0.396436016299718,0.918062353536191,0.));
#5057=DIRECTION('',(-0.396436016299718,0.918062353536191,0.));
#5058=DIRECTION('center_axis',(-2.96059473233376E-15,1.,0.));
#5059=DIRECTION('ref_axis',(1.,2.96059473233376E-15,0.));
#5060=DIRECTION('',(0.,0.,-1.));
#5061=DIRECTION('',(1.,2.96059473233376E-15,0.));
#5062=DIRECTION('',(0.,0.,-1.));
#5063=DIRECTION('center_axis',(0.,0.,-1.));
#5064=DIRECTION('ref_axis',(-0.999999999999932,-3.67137008028594E-7,0.));
#5065=DIRECTION('center_axis',(0.,0.,1.));
#5066=DIRECTION('ref_axis',(1.,0.,0.));
#5067=DIRECTION('',(0.,0.,-1.));
#5068=DIRECTION('center_axis',(-3.58684758865002E-13,-1.,0.));
#5069=DIRECTION('ref_axis',(-1.,3.58684758865002E-13,0.));
#5070=DIRECTION('',(-1.,3.58684758865002E-13,0.));
#5071=DIRECTION('',(0.,0.,-1.));
#5072=DIRECTION('center_axis',(0.,0.,-1.));
#5073=DIRECTION('ref_axis',(1.,0.,0.));
#5074=DIRECTION('center_axis',(0.,0.,-1.));
#5075=DIRECTION('ref_axis',(1.,0.,0.));
#5076=DIRECTION('',(0.,0.,-1.));
#5077=DIRECTION('center_axis',(-4.44089209850063E-14,1.,0.));
#5078=DIRECTION('ref_axis',(1.,4.44089209850063E-14,0.));
#5079=DIRECTION('',(1.,4.44089209850063E-14,0.));
#5080=DIRECTION('',(0.,0.,-1.));
#5081=DIRECTION('center_axis',(0.,0.,-1.));
#5082=DIRECTION('ref_axis',(-1.,-1.92183007034674E-14,0.));
#5083=DIRECTION('center_axis',(0.,0.,1.));
#5084=DIRECTION('ref_axis',(1.,0.,0.));
#5085=DIRECTION('',(0.,0.,-1.));
#5086=DIRECTION('center_axis',(1.10686589121191E-16,-1.,0.));
#5087=DIRECTION('ref_axis',(-1.,-1.10686589121191E-16,0.));
#5088=DIRECTION('',(-1.,-1.10686589121191E-16,0.));
#5089=DIRECTION('',(0.,0.,-1.));
#5090=DIRECTION('center_axis',(0.,0.,-1.));
#5091=DIRECTION('ref_axis',(1.,0.,0.));
#5092=DIRECTION('center_axis',(0.,0.,1.));
#5093=DIRECTION('ref_axis',(1.,0.,0.));
#5094=DIRECTION('',(0.,0.,-1.));
#5095=DIRECTION('center_axis',(0.,1.,0.));
#5096=DIRECTION('ref_axis',(1.,0.,0.));
#5097=DIRECTION('',(1.,0.,0.));
#5098=DIRECTION('',(0.,0.,-1.));
#5099=DIRECTION('center_axis',(0.,0.,-1.));
#5100=DIRECTION('ref_axis',(-1.,1.85292821337879E-14,0.));
#5101=DIRECTION('center_axis',(0.,0.,-1.));
#5102=DIRECTION('ref_axis',(1.,0.,0.));
#5103=DIRECTION('',(0.,0.,-1.));
#5104=DIRECTION('center_axis',(4.04669984360513E-13,-1.,0.));
#5105=DIRECTION('ref_axis',(-1.,-4.04669984360513E-13,0.));
#5106=DIRECTION('',(-1.,-4.04669984360513E-13,0.));
#5107=DIRECTION('',(0.,0.,-1.));
#5108=DIRECTION('center_axis',(0.,0.,-1.));
#5109=DIRECTION('ref_axis',(1.,0.,0.));
#5110=DIRECTION('center_axis',(0.,0.,1.));
#5111=DIRECTION('ref_axis',(1.,0.,0.));
#5112=DIRECTION('center_axis',(-0.834958204616835,0.550313362133823,0.));
#5113=DIRECTION('ref_axis',(0.550313362133823,0.834958204616835,0.));
#5114=DIRECTION('',(0.550313362133823,0.834958204616835,0.));
#5115=DIRECTION('',(0.,0.,-1.));
#5116=DIRECTION('center_axis',(0.,0.,-1.));
#5117=DIRECTION('ref_axis',(-0.287260300485119,-0.957852556380782,0.));
#5118=DIRECTION('center_axis',(0.,0.,1.));
#5119=DIRECTION('ref_axis',(1.,0.,0.));
#5120=DIRECTION('center_axis',(1.,1.89242561015652E-17,0.));
#5121=DIRECTION('ref_axis',(1.89242561015652E-17,-1.,0.));
#5122=DIRECTION('',(1.89242561015652E-17,-1.,0.));
#5123=DIRECTION('',(0.,0.,-1.));
#5124=DIRECTION('center_axis',(0.,0.,-1.));
#5125=DIRECTION('ref_axis',(1.,0.,0.));
#5126=DIRECTION('center_axis',(0.,0.,1.));
#5127=DIRECTION('ref_axis',(1.,0.,0.));
#5128=DIRECTION('center_axis',(0.,0.,-1.));
#5129=DIRECTION('ref_axis',(-1.,-1.25569625557165E-14,0.));
#5130=DIRECTION('',(0.,0.,-1.));
#5131=DIRECTION('center_axis',(0.,0.,1.));
#5132=DIRECTION('ref_axis',(1.,0.,0.));
#5133=DIRECTION('',(0.,0.,-1.));
#5134=DIRECTION('center_axis',(0.,-1.,0.));
#5135=DIRECTION('ref_axis',(-1.,0.,0.));
#5136=DIRECTION('',(-1.,0.,0.));
#5137=DIRECTION('',(0.,0.,-1.));
#5138=DIRECTION('center_axis',(0.,0.,-1.));
#5139=DIRECTION('ref_axis',(1.,0.,0.));
#5140=DIRECTION('center_axis',(0.,0.,-1.));
#5141=DIRECTION('ref_axis',(1.,0.,0.));
#5142=DIRECTION('',(0.,0.,-1.));
#5143=DIRECTION('center_axis',(-3.9941453001817E-13,1.,0.));
#5144=DIRECTION('ref_axis',(1.,3.9941453001817E-13,0.));
#5145=DIRECTION('',(1.,3.9941453001817E-13,0.));
#5146=DIRECTION('',(0.,0.,-1.));
#5147=DIRECTION('center_axis',(0.,0.,-1.));
#5148=DIRECTION('ref_axis',(-1.,-4.56335677841536E-15,0.));
#5149=DIRECTION('center_axis',(0.,0.,1.));
#5150=DIRECTION('ref_axis',(1.,0.,0.));
#5151=DIRECTION('',(0.,0.,-1.));
#5152=DIRECTION('center_axis',(0.,-1.,0.));
#5153=DIRECTION('ref_axis',(-1.,0.,0.));
#5154=DIRECTION('',(-1.,0.,0.));
#5155=DIRECTION('',(0.,0.,-1.));
#5156=DIRECTION('center_axis',(0.,0.,-1.));
#5157=DIRECTION('ref_axis',(1.,0.,0.));
#5158=DIRECTION('center_axis',(0.,0.,1.));
#5159=DIRECTION('ref_axis',(1.,0.,0.));
#5160=DIRECTION('',(0.,0.,-1.));
#5161=DIRECTION('center_axis',(3.94159075675825E-13,1.,0.));
#5162=DIRECTION('ref_axis',(1.,-3.94159075675825E-13,0.));
#5163=DIRECTION('',(1.,-3.94159075675825E-13,0.));
#5164=DIRECTION('',(0.,0.,-1.));
#5165=DIRECTION('center_axis',(0.,0.,-1.));
#5166=DIRECTION('ref_axis',(-1.,-3.29850662088194E-14,0.));
#5167=DIRECTION('center_axis',(0.,0.,-1.));
#5168=DIRECTION('ref_axis',(1.,0.,0.));
#5169=DIRECTION('',(0.,0.,-1.));
#5170=DIRECTION('center_axis',(0.,-1.,0.));
#5171=DIRECTION('ref_axis',(-1.,0.,0.));
#5172=DIRECTION('',(-1.,0.,0.));
#5173=DIRECTION('',(0.,0.,-1.));
#5174=DIRECTION('center_axis',(0.,0.,-1.));
#5175=DIRECTION('ref_axis',(1.,0.,0.));
#5176=DIRECTION('center_axis',(0.,0.,1.));
#5177=DIRECTION('ref_axis',(1.,0.,0.));
#5178=DIRECTION('',(0.,0.,-1.));
#5179=DIRECTION('center_axis',(-1.15241483595885E-14,1.,0.));
#5180=DIRECTION('ref_axis',(1.,1.15241483595885E-14,0.));
#5181=DIRECTION('',(1.,1.15241483595885E-14,0.));
#5182=DIRECTION('center_axis',(0.,0.,-1.));
#5183=DIRECTION('ref_axis',(-0.835594415682107,0.549346859898988,0.));
#5184=DIRECTION('',(0.,0.,-1.));
#5185=DIRECTION('center_axis',(0.,0.,1.));
#5186=DIRECTION('ref_axis',(1.,0.,0.));
#5187=DIRECTION('',(0.,0.,-1.));
#5188=DIRECTION('center_axis',(0.,-1.,0.));
#5189=DIRECTION('ref_axis',(-1.,0.,0.));
#5190=DIRECTION('',(-1.,0.,0.));
#5191=DIRECTION('',(0.,0.,-1.));
#5192=DIRECTION('center_axis',(0.,0.,-1.));
#5193=DIRECTION('ref_axis',(1.,0.,0.));
#5194=DIRECTION('center_axis',(0.,0.,1.));
#5195=DIRECTION('ref_axis',(1.,0.,0.));
#5196=DIRECTION('center_axis',(0.91806235353619,0.396436016299719,0.));
#5197=DIRECTION('ref_axis',(0.396436016299719,-0.91806235353619,0.));
#5198=DIRECTION('',(0.396436016299719,-0.91806235353619,0.));
#5199=DIRECTION('center_axis',(-0.91806235353619,0.396436016299719,0.));
#5200=DIRECTION('ref_axis',(0.396436016299719,0.91806235353619,0.));
#5201=DIRECTION('',(0.396436016299719,0.91806235353619,0.));
#5202=DIRECTION('',(0.,0.,-1.));
#5203=DIRECTION('center_axis',(0.,0.,-1.));
#5204=DIRECTION('ref_axis',(1.,0.,0.));
#5205=DIRECTION('center_axis',(0.,0.,1.));
#5206=DIRECTION('ref_axis',(1.,0.,0.));
#5207=DIRECTION('center_axis',(1.,0.,0.));
#5208=DIRECTION('ref_axis',(0.,-1.,0.));
#5209=DIRECTION('',(0.,-1.,0.));
#5210=DIRECTION('',(0.,0.,-1.));
#5211=DIRECTION('center_axis',(0.,0.,-1.));
#5212=DIRECTION('ref_axis',(1.,0.,0.));
#5213=DIRECTION('center_axis',(0.,0.,1.));
#5214=DIRECTION('ref_axis',(1.,0.,0.));
#5215=DIRECTION('center_axis',(0.,0.,-1.));
#5216=DIRECTION('ref_axis',(1.,0.,0.));
#5217=DIRECTION('',(0.,0.,-1.));
#5218=DIRECTION('center_axis',(0.,0.,1.));
#5219=DIRECTION('ref_axis',(1.,0.,0.));
#5220=DIRECTION('',(0.,0.,-1.));
#5221=DIRECTION('center_axis',(4.44089209850064E-14,1.,0.));
#5222=DIRECTION('ref_axis',(1.,-4.44089209850064E-14,0.));
#5223=DIRECTION('',(1.,-4.44089209850064E-14,0.));
#5224=DIRECTION('',(0.,0.,-1.));
#5225=DIRECTION('center_axis',(0.,0.,-1.));
#5226=DIRECTION('ref_axis',(-1.,3.85132965770407E-14,0.));
#5227=DIRECTION('center_axis',(0.,0.,-1.));
#5228=DIRECTION('ref_axis',(1.,0.,0.));
#5229=DIRECTION('',(0.,0.,-1.));
#5230=DIRECTION('center_axis',(3.58684758865001E-13,-1.,0.));
#5231=DIRECTION('ref_axis',(-1.,-3.58684758865001E-13,0.));
#5232=DIRECTION('',(-1.,-3.58684758865001E-13,0.));
#5233=DIRECTION('',(0.,0.,-1.));
#5234=DIRECTION('center_axis',(0.,0.,-1.));
#5235=DIRECTION('ref_axis',(1.,0.,0.));
#5236=DIRECTION('center_axis',(0.,0.,1.));
#5237=DIRECTION('ref_axis',(1.,0.,0.));
#5238=DIRECTION('',(0.,0.,-1.));
#5239=DIRECTION('center_axis',(-2.96059473233376E-15,1.,0.));
#5240=DIRECTION('ref_axis',(1.,2.96059473233376E-15,0.));
#5241=DIRECTION('',(1.,2.96059473233376E-15,0.));
#5242=DIRECTION('',(0.,0.,-1.));
#5243=DIRECTION('center_axis',(0.,0.,-1.));
#5244=DIRECTION('ref_axis',(-1.,1.65389215948551E-15,0.));
#5245=DIRECTION('center_axis',(0.,0.,1.));
#5246=DIRECTION('ref_axis',(1.,0.,0.));
#5247=DIRECTION('',(0.,0.,-1.));
#5248=DIRECTION('center_axis',(-3.9941453001817E-13,-1.,0.));
#5249=DIRECTION('ref_axis',(-1.,3.9941453001817E-13,0.));
#5250=DIRECTION('',(-1.,3.9941453001817E-13,0.));
#5251=DIRECTION('',(0.,0.,-1.));
#5252=DIRECTION('center_axis',(0.,0.,-1.));
#5253=DIRECTION('ref_axis',(1.,0.,0.));
#5254=DIRECTION('center_axis',(0.,0.,-1.));
#5255=DIRECTION('ref_axis',(1.,0.,0.));
#5256=DIRECTION('',(0.,0.,-1.));
#5257=DIRECTION('center_axis',(0.,1.,0.));
#5258=DIRECTION('ref_axis',(1.,0.,0.));
#5259=DIRECTION('',(1.,0.,0.));
#5260=DIRECTION('',(0.,0.,-1.));
#5261=DIRECTION('center_axis',(0.,0.,-1.));
#5262=DIRECTION('ref_axis',(-1.,4.76251662843595E-15,0.));
#5263=DIRECTION('center_axis',(0.,0.,1.));
#5264=DIRECTION('ref_axis',(1.,0.,0.));
#5265=DIRECTION('',(0.,0.,-1.));
#5266=DIRECTION('center_axis',(1.15241483595881E-14,-1.,0.));
#5267=DIRECTION('ref_axis',(-1.,-1.15241483595881E-14,0.));
#5268=DIRECTION('',(-1.,-1.15241483595881E-14,0.));
#5269=DIRECTION('center_axis',(0.834958204616835,0.550313362133823,0.));
#5270=DIRECTION('ref_axis',(0.550313362133823,-0.834958204616835,0.));
#5271=DIRECTION('',(0.550313362133823,-0.834958204616835,0.));
#5272=DIRECTION('',(0.,0.,-1.));
#5273=DIRECTION('center_axis',(0.,0.,-1.));
#5274=DIRECTION('ref_axis',(-0.880429840185711,0.474176440273621,0.));
#5275=DIRECTION('center_axis',(0.,0.,1.));
#5276=DIRECTION('ref_axis',(1.,0.,0.));
#5277=DIRECTION('',(0.,0.,-1.));
#5278=DIRECTION('center_axis',(0.,-1.,0.));
#5279=DIRECTION('ref_axis',(-1.,0.,0.));
#5280=DIRECTION('',(-1.,0.,0.));
#5281=DIRECTION('',(0.,0.,-1.));
#5282=DIRECTION('center_axis',(0.,0.,-1.));
#5283=DIRECTION('ref_axis',(1.,0.,0.));
#5284=DIRECTION('center_axis',(0.,0.,1.));
#5285=DIRECTION('ref_axis',(1.,0.,0.));
#5286=DIRECTION('center_axis',(0.,0.,-1.));
#5287=DIRECTION('ref_axis',(1.,0.,0.));
#5288=DIRECTION('',(0.,0.,-1.));
#5289=DIRECTION('center_axis',(0.,0.,1.));
#5290=DIRECTION('ref_axis',(1.,0.,0.));
#5291=DIRECTION('center_axis',(0.834958204616835,-0.550313362133823,0.));
#5292=DIRECTION('ref_axis',(-0.550313362133823,-0.834958204616835,0.));
#5293=DIRECTION('',(-0.550313362133823,-0.834958204616835,0.));
#5294=DIRECTION('',(0.,0.,-1.));
#5295=DIRECTION('center_axis',(0.,0.,-1.));
#5296=DIRECTION('ref_axis',(1.,0.,0.));
#5297=DIRECTION('center_axis',(0.,0.,1.));
#5298=DIRECTION('ref_axis',(1.,0.,0.));
#5299=DIRECTION('center_axis',(-1.,-1.00929365875014E-16,0.));
#5300=DIRECTION('ref_axis',(-1.00929365875014E-16,1.,0.));
#5301=DIRECTION('',(-1.00929365875014E-16,1.,0.));
#5302=DIRECTION('center_axis',(0.,0.,-1.));
#5303=DIRECTION('ref_axis',(-0.880429809186386,-0.474176497831792,0.));
#5304=DIRECTION('',(0.,0.,-1.));
#5305=DIRECTION('center_axis',(0.,0.,1.));
#5306=DIRECTION('ref_axis',(1.,0.,0.));
#5307=DIRECTION('center_axis',(-0.834958204616835,-0.550313362133823,0.));
#5308=DIRECTION('ref_axis',(-0.550313362133823,0.834958204616835,0.));
#5309=DIRECTION('',(-0.550313362133823,0.834958204616835,0.));
#5310=DIRECTION('',(0.,0.,-1.));
#5311=DIRECTION('center_axis',(0.,0.,-1.));
#5312=DIRECTION('ref_axis',(1.,0.,0.));
#5313=DIRECTION('center_axis',(0.,0.,1.));
#5314=DIRECTION('ref_axis',(1.,0.,0.));
#5315=DIRECTION('',(0.,0.,-1.));
#5316=DIRECTION('center_axis',(1.00845256512621E-14,1.,0.));
#5317=DIRECTION('ref_axis',(1.,-1.00845256512621E-14,0.));
#5318=DIRECTION('',(1.,-1.00845256512621E-14,0.));
#5319=DIRECTION('center_axis',(0.,0.,-1.));
#5320=DIRECTION('ref_axis',(-1.,-7.22789203751574E-15,0.));
#5321=DIRECTION('',(0.,0.,-1.));
#5322=DIRECTION('center_axis',(0.,0.,1.));
#5323=DIRECTION('ref_axis',(1.,0.,0.));
#5324=DIRECTION('',(0.,0.,-1.));
#5325=DIRECTION('center_axis',(7.2228784212991E-15,-1.,0.));
#5326=DIRECTION('ref_axis',(-1.,-7.2228784212991E-15,0.));
#5327=DIRECTION('',(-1.,-7.2228784212991E-15,0.));
#5328=DIRECTION('',(0.,0.,-1.));
#5329=DIRECTION('center_axis',(0.,0.,-1.));
#5330=DIRECTION('ref_axis',(1.,0.,0.));
#5331=DIRECTION('center_axis',(0.,0.,-1.));
#5332=DIRECTION('ref_axis',(1.,0.,0.));
#5333=DIRECTION('center_axis',(0.,-1.,0.));
#5334=DIRECTION('ref_axis',(-1.,0.,0.));
#5335=DIRECTION('',(-1.,0.,0.));
#5336=DIRECTION('',(0.,0.,-1.));
#5337=DIRECTION('center_axis',(0.,0.,-1.));
#5338=DIRECTION('ref_axis',(1.,0.,0.));
#5339=DIRECTION('center_axis',(0.,0.,-1.));
#5340=DIRECTION('ref_axis',(1.,0.,0.));
#5341=DIRECTION('',(0.,0.,-1.));
#5342=DIRECTION('',(0.,0.,1.));
#5343=DIRECTION('center_axis',(1.,2.01858731750028E-16,0.));
#5344=DIRECTION('ref_axis',(2.01858731750028E-16,-1.,0.));
#5345=DIRECTION('',(2.01858731750028E-16,-1.,0.));
#5346=DIRECTION('',(0.,0.,-1.));
#5347=DIRECTION('center_axis',(0.,0.,-1.));
#5348=DIRECTION('ref_axis',(1.,0.,0.));
#5349=DIRECTION('center_axis',(0.,0.,-1.));
#5350=DIRECTION('ref_axis',(1.,0.,0.));
#5351=DIRECTION('',(0.,0.,-1.));
#5352=DIRECTION('',(0.,0.,1.));
#5353=DIRECTION('center_axis',(0.707106781186551,0.707106781186544,0.));
#5354=DIRECTION('ref_axis',(0.707106781186544,-0.707106781186551,0.));
#5355=DIRECTION('',(0.707106781186544,-0.707106781186551,0.));
#5356=DIRECTION('',(0.,0.,-1.));
#5357=DIRECTION('center_axis',(0.,0.,-1.));
#5358=DIRECTION('ref_axis',(1.,0.,0.));
#5359=DIRECTION('center_axis',(0.,0.,-1.));
#5360=DIRECTION('ref_axis',(1.,0.,0.));
#5361=DIRECTION('',(0.,0.,-1.));
#5362=DIRECTION('center_axis',(-1.0318397744713E-15,1.,0.));
#5363=DIRECTION('ref_axis',(1.,1.0318397744713E-15,0.));
#5364=DIRECTION('',(1.,1.0318397744713E-15,0.));
#5365=DIRECTION('',(0.,0.,-1.));
#5366=DIRECTION('center_axis',(0.,0.,-1.));
#5367=DIRECTION('ref_axis',(-1.,-1.22464679914735E-16,0.));
#5368=DIRECTION('center_axis',(0.,0.,1.));
#5369=DIRECTION('ref_axis',(1.,0.,0.));
#5370=DIRECTION('',(0.,0.,-1.));
#5371=DIRECTION('center_axis',(2.13043657512446E-14,-1.,0.));
#5372=DIRECTION('ref_axis',(-1.,-2.13043657512446E-14,0.));
#5373=DIRECTION('',(-1.,-2.13043657512446E-14,0.));
#5374=DIRECTION('',(0.,0.,-1.));
#5375=DIRECTION('center_axis',(0.,0.,-1.));
#5376=DIRECTION('ref_axis',(1.,0.,0.));
#5377=DIRECTION('center_axis',(0.,0.,-1.));
#5378=DIRECTION('ref_axis',(1.,0.,0.));
#5379=DIRECTION('',(0.,0.,-1.));
#5380=DIRECTION('center_axis',(0.707106781186551,0.707106781186544,0.));
#5381=DIRECTION('ref_axis',(0.707106781186544,-0.707106781186551,0.));
#5382=DIRECTION('',(0.707106781186544,-0.707106781186551,0.));
#5383=DIRECTION('',(0.,0.,-1.));
#5384=DIRECTION('center_axis',(0.,0.,-1.));
#5385=DIRECTION('ref_axis',(1.,0.,0.));
#5386=DIRECTION('center_axis',(0.,0.,-1.));
#5387=DIRECTION('ref_axis',(1.,0.,0.));
#5388=DIRECTION('center_axis',(0.,0.,-1.));
#5389=DIRECTION('ref_axis',(1.,0.,0.));
#5390=DIRECTION('center_axis',(0.,0.,-1.));
#5391=DIRECTION('ref_axis',(1.,0.,0.));
#5392=DIRECTION('',(0.,0.,-1.));
#5393=DIRECTION('center_axis',(-0.707106781186445,0.70710678118665,0.));
#5394=DIRECTION('ref_axis',(0.70710678118665,0.707106781186445,0.));
#5395=DIRECTION('',(0.70710678118665,0.707106781186445,0.));
#5396=DIRECTION('',(0.,0.,-1.));
#5397=DIRECTION('center_axis',(0.,0.,-1.));
#5398=DIRECTION('ref_axis',(-0.923879532511278,-0.382683432365111,0.));
#5399=DIRECTION('center_axis',(0.,0.,-1.));
#5400=DIRECTION('ref_axis',(1.,0.,0.));
#5401=DIRECTION('',(0.,0.,-1.));
#5402=DIRECTION('center_axis',(-1.62737081640236E-14,-1.,0.));
#5403=DIRECTION('ref_axis',(-1.,1.62737081640236E-14,0.));
#5404=DIRECTION('',(-1.,1.62737081640236E-14,0.));
#5405=DIRECTION('',(0.,0.,-1.));
#5406=DIRECTION('center_axis',(0.,0.,-1.));
#5407=DIRECTION('ref_axis',(1.,0.,0.));
#5408=DIRECTION('center_axis',(0.,0.,1.));
#5409=DIRECTION('ref_axis',(1.,0.,0.));
#5410=DIRECTION('',(0.,0.,-1.));
#5411=DIRECTION('center_axis',(-4.4369110302266E-14,1.,0.));
#5412=DIRECTION('ref_axis',(1.,4.4369110302266E-14,0.));
#5413=DIRECTION('',(1.,4.4369110302266E-14,0.));
#5414=DIRECTION('',(0.,0.,-1.));
#5415=DIRECTION('center_axis',(0.,0.,-1.));
#5416=DIRECTION('ref_axis',(1.,0.,0.));
#5417=DIRECTION('center_axis',(0.,0.,-1.));
#5418=DIRECTION('ref_axis',(1.,0.,0.));
#5419=DIRECTION('center_axis',(0.707106781186576,0.707106781186519,0.));
#5420=DIRECTION('ref_axis',(0.707106781186519,-0.707106781186576,0.));
#5421=DIRECTION('',(0.707106781186519,-0.707106781186576,0.));
#5422=DIRECTION('',(0.,0.,-1.));
#5423=DIRECTION('center_axis',(0.,0.,-1.));
#5424=DIRECTION('ref_axis',(1.,0.,0.));
#5425=DIRECTION('center_axis',(0.,0.,-1.));
#5426=DIRECTION('ref_axis',(1.,0.,0.));
#5427=DIRECTION('',(0.,0.,-1.));
#5428=DIRECTION('center_axis',(4.1273590978852E-14,1.,0.));
#5429=DIRECTION('ref_axis',(1.,-4.1273590978852E-14,0.));
#5430=DIRECTION('',(1.,-4.1273590978852E-14,0.));
#5431=DIRECTION('',(0.,0.,-1.));
#5432=DIRECTION('center_axis',(0.,0.,-1.));
#5433=DIRECTION('ref_axis',(-1.,2.03056389731881E-14,0.));
#5434=DIRECTION('center_axis',(0.,0.,1.));
#5435=DIRECTION('ref_axis',(1.,0.,0.));
#5436=DIRECTION('',(0.,0.,-1.));
#5437=DIRECTION('center_axis',(-2.13043657512448E-14,-1.,0.));
#5438=DIRECTION('ref_axis',(-1.,2.13043657512448E-14,0.));
#5439=DIRECTION('',(-1.,2.13043657512448E-14,0.));
#5440=DIRECTION('',(0.,0.,-1.));
#5441=DIRECTION('center_axis',(0.,0.,-1.));
#5442=DIRECTION('ref_axis',(1.,0.,0.));
#5443=DIRECTION('center_axis',(0.,0.,-1.));
#5444=DIRECTION('ref_axis',(1.,0.,0.));
#5445=DIRECTION('',(0.,0.,-1.));
#5446=DIRECTION('center_axis',(0.707106781186576,0.707106781186519,0.));
#5447=DIRECTION('ref_axis',(0.707106781186519,-0.707106781186576,0.));
#5448=DIRECTION('',(0.707106781186519,-0.707106781186576,0.));
#5449=DIRECTION('',(0.,0.,-1.));
#5450=DIRECTION('center_axis',(0.,0.,-1.));
#5451=DIRECTION('ref_axis',(1.,0.,0.));
#5452=DIRECTION('center_axis',(0.,0.,-1.));
#5453=DIRECTION('ref_axis',(1.,0.,0.));
#5454=DIRECTION('center_axis',(0.,0.,-1.));
#5455=DIRECTION('ref_axis',(1.,0.,0.));
#5456=DIRECTION('center_axis',(0.,0.,-1.));
#5457=DIRECTION('ref_axis',(1.,0.,0.));
#5458=DIRECTION('',(0.,0.,-1.));
#5459=DIRECTION('center_axis',(-0.707106781186547,0.707106781186548,0.));
#5460=DIRECTION('ref_axis',(0.707106781186548,0.707106781186547,0.));
#5461=DIRECTION('',(0.707106781186548,0.707106781186547,0.));
#5462=DIRECTION('',(0.,0.,-1.));
#5463=DIRECTION('center_axis',(0.,0.,-1.));
#5464=DIRECTION('ref_axis',(-0.923879532511287,-0.38268343236509,0.));
#5465=DIRECTION('center_axis',(0.,0.,-1.));
#5466=DIRECTION('ref_axis',(1.,0.,0.));
#5467=DIRECTION('',(0.,0.,-1.));
#5468=DIRECTION('center_axis',(-5.69579785740824E-14,-1.,0.));
#5469=DIRECTION('ref_axis',(-1.,5.69579785740824E-14,0.));
#5470=DIRECTION('',(-1.,5.69579785740824E-14,0.));
#5471=DIRECTION('',(0.,0.,-1.));
#5472=DIRECTION('center_axis',(0.,0.,-1.));
#5473=DIRECTION('ref_axis',(1.,0.,0.));
#5474=DIRECTION('center_axis',(0.,0.,1.));
#5475=DIRECTION('ref_axis',(1.,0.,0.));
#5476=DIRECTION('',(0.,0.,-1.));
#5477=DIRECTION('center_axis',(1.0318397744713E-15,1.,0.));
#5478=DIRECTION('ref_axis',(1.,-1.0318397744713E-15,0.));
#5479=DIRECTION('',(1.,-1.0318397744713E-15,0.));
#5480=DIRECTION('',(0.,0.,-1.));
#5481=DIRECTION('center_axis',(0.,0.,-1.));
#5482=DIRECTION('ref_axis',(1.,0.,0.));
#5483=DIRECTION('center_axis',(0.,0.,-1.));
#5484=DIRECTION('ref_axis',(1.,0.,0.));
#5485=DIRECTION('',(0.,0.,-1.));
#5486=DIRECTION('center_axis',(-0.707106781186547,0.707106781186548,0.));
#5487=DIRECTION('ref_axis',(0.707106781186548,0.707106781186547,0.));
#5488=DIRECTION('',(0.707106781186548,0.707106781186547,0.));
#5489=DIRECTION('',(0.,0.,-1.));
#5490=DIRECTION('center_axis',(0.,0.,-1.));
#5491=DIRECTION('ref_axis',(1.,0.,0.));
#5492=DIRECTION('center_axis',(0.,0.,-1.));
#5493=DIRECTION('ref_axis',(1.,0.,0.));
#5494=DIRECTION('',(0.,0.,-1.));
#5495=DIRECTION('',(0.,0.,1.));
#5496=DIRECTION('center_axis',(-1.,-5.84976359686188E-17,0.));
#5497=DIRECTION('ref_axis',(-5.84976359686188E-17,1.,0.));
#5498=DIRECTION('',(-5.84976359686188E-17,1.,0.));
#5499=DIRECTION('',(0.,0.,-1.));
#5500=DIRECTION('center_axis',(0.,0.,-1.));
#5501=DIRECTION('ref_axis',(1.,0.,0.));
#5502=DIRECTION('center_axis',(0.,0.,-1.));
#5503=DIRECTION('ref_axis',(1.,0.,0.));
#5504=DIRECTION('',(0.,0.,-1.));
#5505=DIRECTION('',(0.,0.,1.));
#5506=DIRECTION('center_axis',(-0.707106781186546,-0.707106781186549,0.));
#5507=DIRECTION('ref_axis',(-0.707106781186549,0.707106781186546,0.));
#5508=DIRECTION('',(-0.707106781186549,0.707106781186546,0.));
#5509=DIRECTION('',(0.,0.,-1.));
#5510=DIRECTION('center_axis',(0.,0.,-1.));
#5511=DIRECTION('ref_axis',(1.,0.,0.));
#5512=DIRECTION('center_axis',(0.,0.,-1.));
#5513=DIRECTION('ref_axis',(1.,0.,0.));
#5514=DIRECTION('',(0.,0.,-1.));
#5515=DIRECTION('center_axis',(-1.0318397744713E-15,-1.,0.));
#5516=DIRECTION('ref_axis',(-1.,1.0318397744713E-15,0.));
#5517=DIRECTION('',(-1.,1.0318397744713E-15,0.));
#5518=DIRECTION('',(0.,0.,-1.));
#5519=DIRECTION('center_axis',(0.,0.,-1.));
#5520=DIRECTION('ref_axis',(1.,0.,0.));
#5521=DIRECTION('center_axis',(0.,0.,1.));
#5522=DIRECTION('ref_axis',(1.,0.,0.));
#5523=DIRECTION('',(0.,0.,-1.));
#5524=DIRECTION('center_axis',(-2.13043657512453E-14,1.,0.));
#5525=DIRECTION('ref_axis',(1.,2.13043657512453E-14,0.));
#5526=DIRECTION('',(1.,2.13043657512453E-14,0.));
#5527=DIRECTION('',(0.,0.,-1.));
#5528=DIRECTION('center_axis',(0.,0.,-1.));
#5529=DIRECTION('ref_axis',(-0.763282022491604,0.646065441067022,0.));
#5530=DIRECTION('center_axis',(0.,0.,-1.));
#5531=DIRECTION('ref_axis',(1.,0.,0.));
#5532=DIRECTION('',(0.,0.,-1.));
#5533=DIRECTION('center_axis',(0.,0.,-1.));
#5534=DIRECTION('ref_axis',(1.,0.,0.));
#5535=DIRECTION('center_axis',(0.,0.,-1.));
#5536=DIRECTION('ref_axis',(1.,0.,0.));
#5537=DIRECTION('',(0.,0.,-1.));
#5538=DIRECTION('center_axis',(0.,0.,-1.));
#5539=DIRECTION('ref_axis',(1.,0.,0.));
#5540=DIRECTION('center_axis',(0.,0.,1.));
#5541=DIRECTION('ref_axis',(1.,0.,0.));
#5542=DIRECTION('',(0.,0.,-1.));
#5543=DIRECTION('center_axis',(-0.707106781186546,-0.707106781186549,0.));
#5544=DIRECTION('ref_axis',(-0.707106781186549,0.707106781186546,0.));
#5545=DIRECTION('',(-0.707106781186549,0.707106781186546,0.));
#5546=DIRECTION('',(0.,0.,-1.));
#5547=DIRECTION('center_axis',(0.,0.,-1.));
#5548=DIRECTION('ref_axis',(1.,0.,0.));
#5549=DIRECTION('center_axis',(0.,0.,-1.));
#5550=DIRECTION('ref_axis',(1.,0.,0.));
#5551=DIRECTION('center_axis',(0.,0.,-1.));
#5552=DIRECTION('ref_axis',(1.,0.,0.));
#5553=DIRECTION('center_axis',(0.,0.,-1.));
#5554=DIRECTION('ref_axis',(1.,0.,0.));
#5555=DIRECTION('',(0.,0.,-1.));
#5556=DIRECTION('center_axis',(0.,0.,-1.));
#5557=DIRECTION('ref_axis',(1.,0.,0.));
#5558=DIRECTION('center_axis',(0.,0.,-1.));
#5559=DIRECTION('ref_axis',(1.,0.,0.));
#5560=DIRECTION('',(0.,0.,-1.));
#5561=DIRECTION('center_axis',(5.28895515330765E-14,1.,0.));
#5562=DIRECTION('ref_axis',(1.,-5.28895515330765E-14,0.));
#5563=DIRECTION('',(1.,-5.28895515330765E-14,0.));
#5564=DIRECTION('center_axis',(0.,0.,-1.));
#5565=DIRECTION('ref_axis',(1.,0.,0.));
#5566=CARTESIAN_POINT('',(0.,0.,0.));
#5567=CARTESIAN_POINT('Origin',(16.3786796564403,-63.,-1.5));
#5568=CARTESIAN_POINT('',(14.8786796564403,-64.5,-1.5));
#5569=CARTESIAN_POINT('',(16.3786796564403,-64.5,0.));
#5570=CARTESIAN_POINT('Origin',(16.3786796564403,-64.5,-1.5));
#5571=CARTESIAN_POINT('',(16.3786796564403,-62.5,0.));
#5572=CARTESIAN_POINT('',(16.3786796564403,-63.,0.));
#5573=CARTESIAN_POINT('',(14.8786796564403,-62.5,-1.5));
#5574=CARTESIAN_POINT('Origin',(16.3786796564403,-62.5000000000005,-1.5));
#5575=CARTESIAN_POINT('',(14.8786796564403,-35.5,-1.5));
#5576=CARTESIAN_POINT('Origin',(40.3676262658469,-63.5,0.));
#5577=CARTESIAN_POINT('',(64.3565728752535,-64.5,0.));
#5578=CARTESIAN_POINT('',(65.8565728752535,-64.5,0.));
#5579=CARTESIAN_POINT('',(64.3565728752535,-62.5,0.));
#5580=CARTESIAN_POINT('',(64.3565728752535,-64.,0.));
#5581=CARTESIAN_POINT('',(14.8786796564403,-62.5,0.));
#5582=CARTESIAN_POINT('Origin',(68.7352525316939,-64.5,-2.5));
#5583=CARTESIAN_POINT('',(13.8786796564403,-64.5,-2.5));
#5584=CARTESIAN_POINT('Origin',(13.8786796564403,-64.5,-1.5));
#5585=CARTESIAN_POINT('',(12.,-64.5,-2.5));
#5586=CARTESIAN_POINT('',(92.4497474683058,-64.5,-2.5));
#5587=CARTESIAN_POINT('',(12.,-64.5,-5.5));
#5588=CARTESIAN_POINT('',(12.,-64.5,-2.5));
#5589=CARTESIAN_POINT('',(68.7352525316939,-64.4999999999998,-5.5));
#5590=CARTESIAN_POINT('',(92.4497474683058,-64.5,-5.5));
#5591=CARTESIAN_POINT('',(68.7352525316939,-64.4999999999998,-2.5));
#5592=CARTESIAN_POINT('',(68.7352525316939,-64.4999999999998,-2.5));
#5593=CARTESIAN_POINT('',(66.8565728752535,-64.5,-2.5));
#5594=CARTESIAN_POINT('',(92.4497474683058,-64.5,-2.5));
#5595=CARTESIAN_POINT('',(65.8565728752535,-64.5,-1.5));
#5596=CARTESIAN_POINT('Origin',(66.8565728752535,-64.5,-1.5));
#5597=CARTESIAN_POINT('Origin',(64.3565728752535,-64.5,-1.5));
#5598=CARTESIAN_POINT('Origin',(64.3565728752535,-64.,-1.5));
#5599=CARTESIAN_POINT('',(65.8565728752535,-62.5,-1.5));
#5600=CARTESIAN_POINT('Origin',(64.3565728752535,-62.5000000000005,-1.5));
#5601=CARTESIAN_POINT('',(65.8565728752535,-36.5,-1.5));
#5602=CARTESIAN_POINT('Origin',(86.6213203188697,46.,-1.5));
#5603=CARTESIAN_POINT('',(88.1213203188697,47.5,-1.5));
#5604=CARTESIAN_POINT('',(86.6213203188697,47.5,0.));
#5605=CARTESIAN_POINT('Origin',(86.6213203188697,47.5,-1.5));
#5606=CARTESIAN_POINT('',(86.6213203188697,45.5,0.));
#5607=CARTESIAN_POINT('',(86.6213203188697,46.,0.));
#5608=CARTESIAN_POINT('',(88.1213203188697,45.5,-1.5));
#5609=CARTESIAN_POINT('Origin',(86.6213203188697,45.5,-1.5));
#5610=CARTESIAN_POINT('',(88.1213203188697,18.5,-1.5));
#5611=CARTESIAN_POINT('Origin',(81.9748737218081,46.5,0.));
#5612=CARTESIAN_POINT('',(77.3284271247464,47.5,0.));
#5613=CARTESIAN_POINT('',(75.8284271247464,47.5,0.));
#5614=CARTESIAN_POINT('',(77.3284271247465,45.5,0.));
#5615=CARTESIAN_POINT('',(77.3284271247465,47.,0.));
#5616=CARTESIAN_POINT('',(88.1213203188697,45.5,0.));
#5617=CARTESIAN_POINT('Origin',(72.9497476530394,47.5,-2.5));
#5618=CARTESIAN_POINT('',(89.1213203188697,47.5,-2.5));
#5619=CARTESIAN_POINT('Origin',(89.1213203188697,47.5,-1.5));
#5620=CARTESIAN_POINT('',(90.9999997517901,47.5,-2.5));
#5621=CARTESIAN_POINT('',(92.4497474683059,47.5,-2.5));
#5622=CARTESIAN_POINT('',(90.9999997517901,47.5,-5.5));
#5623=CARTESIAN_POINT('',(90.9999997517901,47.5,-2.5));
#5624=CARTESIAN_POINT('',(72.9497476530394,47.5,-5.5));
#5625=CARTESIAN_POINT('',(92.4497474683059,47.5,-5.5));
#5626=CARTESIAN_POINT('',(72.9497476530394,47.5,-2.5));
#5627=CARTESIAN_POINT('',(72.9497476530394,47.5,-2.5));
#5628=CARTESIAN_POINT('',(74.8284271247464,47.5,-2.5));
#5629=CARTESIAN_POINT('',(92.4497474683059,47.5,-2.5));
#5630=CARTESIAN_POINT('',(75.8284271247464,47.5,-1.5));
#5631=CARTESIAN_POINT('Origin',(74.8284271247464,47.5000000000001,-1.5));
#5632=CARTESIAN_POINT('Origin',(77.3284271247464,47.5000000000002,-1.5));
#5633=CARTESIAN_POINT('Origin',(77.3284271247465,47.,-1.5));
#5634=CARTESIAN_POINT('',(75.8284271247465,45.5,-1.5));
#5635=CARTESIAN_POINT('Origin',(77.3284271247465,45.4999999999995,-1.5));
#5636=CARTESIAN_POINT('',(75.8284271247474,19.5000000000004,-1.5));
#5637=CARTESIAN_POINT('Origin',(25.6715728752558,46.0000000000002,-1.5));
#5638=CARTESIAN_POINT('',(27.1715728752556,47.5,-1.5));
#5639=CARTESIAN_POINT('',(25.6715728752556,47.5,0.));
#5640=CARTESIAN_POINT('Origin',(25.6715728752556,47.5000000000015,-1.5));
#5641=CARTESIAN_POINT('',(25.6715728752558,45.5,0.));
#5642=CARTESIAN_POINT('',(25.6715728752558,46.0000000000002,0.));
#5643=CARTESIAN_POINT('',(27.1715728752558,45.5,-1.5));
#5644=CARTESIAN_POINT('Origin',(25.6715728752558,45.4999999999996,-1.5));
#5645=CARTESIAN_POINT('',(27.1715728752588,18.4999999999987,-1.5));
#5646=CARTESIAN_POINT('Origin',(21.0251262658499,46.5,0.));
#5647=CARTESIAN_POINT('',(16.3786796564439,47.5,0.));
#5648=CARTESIAN_POINT('',(14.8786796564439,47.5,0.));
#5649=CARTESIAN_POINT('',(16.3786796564441,45.5,0.));
#5650=CARTESIAN_POINT('',(16.378679656444,46.9999999999999,0.));
#5651=CARTESIAN_POINT('',(27.1715728752558,45.5,0.));
#5652=CARTESIAN_POINT('Origin',(12.,47.5,-2.5));
#5653=CARTESIAN_POINT('',(28.1715728752556,47.5,-2.5));
#5654=CARTESIAN_POINT('Origin',(28.1715728752556,47.5000000000018,-1.5));
#5655=CARTESIAN_POINT('',(30.0502525316994,47.5,-2.5));
#5656=CARTESIAN_POINT('',(92.4497474683059,47.5,-2.5));
#5657=CARTESIAN_POINT('',(30.0502525316994,47.5,-5.5));
#5658=CARTESIAN_POINT('',(30.0502525316994,47.5,-2.5));
#5659=CARTESIAN_POINT('',(12.,47.5,-5.5));
#5660=CARTESIAN_POINT('',(92.4497474683059,47.5,-5.5));
#5661=CARTESIAN_POINT('',(12.,47.5,-2.5));
#5662=CARTESIAN_POINT('',(12.,47.5,-2.5));
#5663=CARTESIAN_POINT('',(13.8786796564439,47.5,-2.5));
#5664=CARTESIAN_POINT('',(92.4497474683059,47.5,-2.5));
#5665=CARTESIAN_POINT('',(14.8786796564439,47.5,-1.5));
#5666=CARTESIAN_POINT('Origin',(13.8786796564439,47.5000000000002,-1.5));
#5667=CARTESIAN_POINT('Origin',(16.3786796564439,47.5000000000004,-1.5));
#5668=CARTESIAN_POINT('Origin',(16.378679656444,46.9999999999999,-1.5));
#5669=CARTESIAN_POINT('',(14.8786796564441,45.5,-1.5));
#5670=CARTESIAN_POINT('Origin',(16.3786796564441,45.4999999999989,-1.5));
#5671=CARTESIAN_POINT('',(14.8786796564464,19.4999999999984,-1.5));
#5672=CARTESIAN_POINT('Origin',(66.8565728752535,-36.5,-1.5));
#5673=CARTESIAN_POINT('',(66.8565728752535,-62.4999999999999,-2.5));
#5674=CARTESIAN_POINT('Origin',(66.8565728752535,-62.5000000000005,-1.5));
#5675=CARTESIAN_POINT('',(66.8565728752535,-36.5,-2.5));
#5676=CARTESIAN_POINT('Origin',(13.8786796564403,-35.5,-1.5));
#5677=CARTESIAN_POINT('',(13.8786796564403,-62.5000000000005,-2.5));
#5678=CARTESIAN_POINT('Origin',(13.8786796564403,-62.5000000000005,-1.5));
#5679=CARTESIAN_POINT('',(13.8786796564403,-35.5,-2.5));
#5680=CARTESIAN_POINT('Origin',(51.5,-8.49999999999999,-2.5));
#5681=CARTESIAN_POINT('',(72.0504910857986,-62.1221378388494,-2.5));
#5682=CARTESIAN_POINT('Origin',(68.7352525316939,-60.9999999999998,-2.5));
#5683=CARTESIAN_POINT('',(70.1272835533723,-59.8499999999997,-2.5));
#5684=CARTESIAN_POINT('Origin',(70.1272835533723,-61.7999999999997,-2.5));
#5685=CARTESIAN_POINT('',(67.5272835533722,-59.8499999999996,-2.5));
#5686=CARTESIAN_POINT('',(67.5272835533722,-59.8499999999996,-2.5));
#5687=CARTESIAN_POINT('',(67.5272835533722,-58.5499999999996,-2.5));
#5688=CARTESIAN_POINT('Origin',(67.5272835533722,-59.1999999999996,-2.5));
#5689=CARTESIAN_POINT('',(75.7207855046173,-58.5499999999995,-2.5));
#5690=CARTESIAN_POINT('',(76.1349999999999,-58.5499999999995,-2.5));
#5691=CARTESIAN_POINT('',(76.4278938147489,-58.2571061852518,-2.5));
#5692=CARTESIAN_POINT('Origin',(75.7207864376268,-57.5499999999996,-2.5));
#5693=CARTESIAN_POINT('',(77.9527669529661,-56.7322330470336,-2.5));
#5694=CARTESIAN_POINT('',(78.685,-55.9999999999997,-2.5));
#5695=CARTESIAN_POINT('',(79.7205339059325,-56.,-2.5));
#5696=CARTESIAN_POINT('Origin',(79.7205339059325,-58.5,-2.5));
#5697=CARTESIAN_POINT('',(99.4999999998477,-56.,-2.5));
#5698=CARTESIAN_POINT('',(99.4999999998477,-56.,-2.5));
#5699=CARTESIAN_POINT('',(96.,-52.5,-2.5));
#5700=CARTESIAN_POINT('Origin',(99.5,-52.5,-2.5));
#5701=CARTESIAN_POINT('',(103.,-52.5,-2.5));
#5702=CARTESIAN_POINT('Origin',(99.5,-52.5,-2.5));
#5703=CARTESIAN_POINT('',(103.,35.5,-2.5));
#5704=CARTESIAN_POINT('',(103.,-52.5,-2.5));
#5705=CARTESIAN_POINT('',(96.,35.5,-2.5));
#5706=CARTESIAN_POINT('Origin',(99.5,35.5,-2.5));
#5707=CARTESIAN_POINT('',(101.974873734153,37.9748737341529,-2.5));
#5708=CARTESIAN_POINT('Origin',(99.5,35.5,-2.5));
#5709=CARTESIAN_POINT('',(98.6926400694359,41.257107398871,-2.5));
#5710=CARTESIAN_POINT('',(101.974873734153,37.9748737341529,-2.5));
#5711=CARTESIAN_POINT('',(97.9855348158929,41.5499999999998,-2.5));
#5712=CARTESIAN_POINT('Origin',(97.9855339059329,40.5499999999997,-2.5));
#5713=CARTESIAN_POINT('',(89.7920310216783,41.5499999999998,-2.5));
#5714=CARTESIAN_POINT('',(98.399747468306,41.5499999999998,-2.5));
#5715=CARTESIAN_POINT('',(89.7920310216783,42.8499999999998,-2.5));
#5716=CARTESIAN_POINT('Origin',(89.7920310216783,42.1999999999998,-2.5));
#5717=CARTESIAN_POINT('',(92.3920310216784,42.8499999999999,-2.5));
#5718=CARTESIAN_POINT('',(91.9751312978984,42.8499999999999,-2.5));
#5719=CARTESIAN_POINT('',(93.7708892449921,46.1788582233137,-2.5));
#5720=CARTESIAN_POINT('Origin',(92.3920310216784,44.7999999999999,-2.5));
#5721=CARTESIAN_POINT('',(93.4748737341529,46.4748737341529,-2.5));
#5722=CARTESIAN_POINT('',(101.974873734153,37.9748737341529,-2.5));
#5723=CARTESIAN_POINT('Origin',(91.,44.,-2.5));
#5724=CARTESIAN_POINT('',(89.1213203188697,45.5,-2.5));
#5725=CARTESIAN_POINT('',(89.1213203188697,18.5,-2.5));
#5726=CARTESIAN_POINT('',(92.3920310216784,45.5,-2.5));
#5727=CARTESIAN_POINT('',(91.6213203188697,45.5,-2.5));
#5728=CARTESIAN_POINT('',(92.3920310216784,44.0999999999999,-2.5));
#5729=CARTESIAN_POINT('Origin',(92.3920310216784,44.7999999999999,-2.5));
#5730=CARTESIAN_POINT('',(89.7920310216784,44.0999999999998,-2.5));
#5731=CARTESIAN_POINT('',(89.7920310216784,44.0999999999998,-2.5));
#5732=CARTESIAN_POINT('',(89.7920310216783,40.2999999999998,-2.5));
#5733=CARTESIAN_POINT('Origin',(89.7920310216783,42.1999999999998,-2.5));
#5734=CARTESIAN_POINT('',(96.552081528017,40.3000000000001,-2.5));
#5735=CARTESIAN_POINT('',(96.552081528017,40.3000000000001,-2.5));
#5736=CARTESIAN_POINT('',(96.552081528017,39.,-2.5));
#5737=CARTESIAN_POINT('Origin',(96.552081528017,39.65,-2.5));
#5738=CARTESIAN_POINT('',(67.397666417562,38.9999999999996,-2.5));
#5739=CARTESIAN_POINT('',(99.5,39.,-2.5));
#5740=CARTESIAN_POINT('',(67.3976659402839,40.2999999999994,-2.5));
#5741=CARTESIAN_POINT('Origin',(67.3976659402839,39.6499999999994,-2.5));
#5742=CARTESIAN_POINT('',(74.1577164466226,40.2999999999994,-2.5));
#5743=CARTESIAN_POINT('',(67.3976659402839,40.2999999999994,-2.5));
#5744=CARTESIAN_POINT('',(74.1577164466223,44.0999999999994,-2.5));
#5745=CARTESIAN_POINT('Origin',(74.1577164466225,42.1999999999994,-2.5));
#5746=CARTESIAN_POINT('',(71.5577164466224,44.0999999999995,-2.5));
#5747=CARTESIAN_POINT('',(74.1577164466223,44.0999999999994,-2.5));
#5748=CARTESIAN_POINT('',(71.5577164466223,45.4999999999994,-2.5));
#5749=CARTESIAN_POINT('Origin',(71.5577164466223,44.7999999999995,-2.5));
#5750=CARTESIAN_POINT('',(74.8284271247465,45.5,-2.5));
#5751=CARTESIAN_POINT('',(91.6213203188697,45.5,-2.5));
#5752=CARTESIAN_POINT('',(74.8284271247474,19.5000000000004,-2.5));
#5753=CARTESIAN_POINT('',(70.4748737341477,46.4748737341529,-2.5));
#5754=CARTESIAN_POINT('Origin',(72.9497474683006,44.,-2.5));
#5755=CARTESIAN_POINT('',(70.1788582233086,46.1788582233132,-2.5));
#5756=CARTESIAN_POINT('',(62.9999999999917,39.,-2.5));
#5757=CARTESIAN_POINT('',(71.5577164466224,42.8499999999995,-2.5));
#5758=CARTESIAN_POINT('Origin',(71.5577164466223,44.7999999999995,-2.5));
#5759=CARTESIAN_POINT('',(74.1577164466224,42.8499999999994,-2.5));
#5760=CARTESIAN_POINT('',(74.1577164466224,42.8499999999994,-2.5));
#5761=CARTESIAN_POINT('',(74.1577164466225,41.5499999999994,-2.5));
#5762=CARTESIAN_POINT('Origin',(74.1577164466225,42.1999999999994,-2.5));
#5763=CARTESIAN_POINT('',(65.9642144857796,41.5499999999991,-2.5));
#5764=CARTESIAN_POINT('',(65.5499999999948,41.549999999999,-2.5));
#5765=CARTESIAN_POINT('',(65.2571067811805,41.2571067811865,-2.5));
#5766=CARTESIAN_POINT('Origin',(65.964213562368,40.5499999999991,-2.5));
#5767=CARTESIAN_POINT('',(63.7322330470252,39.7322330470333,-2.5));
#5768=CARTESIAN_POINT('',(62.9999999999917,39.,-2.5));
#5769=CARTESIAN_POINT('',(61.9644660940591,38.9999999999999,-2.5));
#5770=CARTESIAN_POINT('Origin',(61.964466094059,41.4999999999999,-2.5));
#5771=CARTESIAN_POINT('',(61.5,38.9999999999999,-2.5));
#5772=CARTESIAN_POINT('',(99.5,39.,-2.5));
#5773=CARTESIAN_POINT('',(58.,35.5,-2.5));
#5774=CARTESIAN_POINT('Origin',(61.5,35.5,-2.5));
#5775=CARTESIAN_POINT('Origin',(61.5,35.5,-2.5));
#5776=CARTESIAN_POINT('',(41.0355339059327,38.9999999999998,-2.5));
#5777=CARTESIAN_POINT('',(99.5,39.,-2.5));
#5778=CARTESIAN_POINT('',(39.2677669529662,39.7322330470335,-2.5));
#5779=CARTESIAN_POINT('Origin',(41.0355339059327,41.4999999999998,-2.5));
#5780=CARTESIAN_POINT('',(37.7428944109427,41.2571055890612,-2.5));
#5781=CARTESIAN_POINT('',(40.,38.9999999999997,-2.5));
#5782=CARTESIAN_POINT('',(37.0357873562558,41.549999999999,-2.5));
#5783=CARTESIAN_POINT('Origin',(37.035786437632,40.549999999999,-2.5));
#5784=CARTESIAN_POINT('',(28.8422835533775,41.5499999999994,-2.5));
#5785=CARTESIAN_POINT('',(37.4500000000052,41.549999999999,-2.5));
#5786=CARTESIAN_POINT('',(28.8422835533775,42.8499999999994,-2.5));
#5787=CARTESIAN_POINT('Origin',(28.8422835533775,42.1999999999994,-2.5));
#5788=CARTESIAN_POINT('',(31.4422835533776,42.8499999999994,-2.5));
#5789=CARTESIAN_POINT('',(31.0253838295976,42.8499999999994,-2.5));
#5790=CARTESIAN_POINT('',(32.8211403668752,46.1788596331279,-2.5));
#5791=CARTESIAN_POINT('Origin',(31.4422835533776,44.7999999999994,-2.5));
#5792=CARTESIAN_POINT('',(32.5251242532796,46.474875746724,-2.5));
#5793=CARTESIAN_POINT('',(40.,38.9999999999997,-2.5));
#5794=CARTESIAN_POINT('Origin',(30.0502525316994,44.,-2.5));
#5795=CARTESIAN_POINT('',(28.1715728752558,45.5000000000002,-2.5));
#5796=CARTESIAN_POINT('',(28.1715728752588,18.4999999999988,-2.5));
#5797=CARTESIAN_POINT('',(31.4422835533777,45.4999999999995,-2.5));
#5798=CARTESIAN_POINT('',(11.378679656444,45.5,-2.5));
#5799=CARTESIAN_POINT('',(31.4422835533776,44.0999999999993,-2.5));
#5800=CARTESIAN_POINT('Origin',(31.4422835533776,44.7999999999994,-2.5));
#5801=CARTESIAN_POINT('',(28.8422835533776,44.0999999999994,-2.5));
#5802=CARTESIAN_POINT('',(28.8422835533776,44.0999999999994,-2.5));
#5803=CARTESIAN_POINT('',(28.8422835533775,40.2999999999994,-2.5));
#5804=CARTESIAN_POINT('Origin',(28.8422835533775,42.1999999999994,-2.5));
#5805=CARTESIAN_POINT('',(35.6023340597161,40.2999999999994,-2.5));
#5806=CARTESIAN_POINT('',(35.6023340597161,40.2999999999994,-2.5));
#5807=CARTESIAN_POINT('',(35.6023344926832,38.9999999999995,-2.5));
#5808=CARTESIAN_POINT('Origin',(35.602334059716,39.6499999999994,-2.5));
#5809=CARTESIAN_POINT('',(6.44791847198296,39.,-2.5));
#5810=CARTESIAN_POINT('',(99.5,39.,-2.5));
#5811=CARTESIAN_POINT('',(6.44791847198296,40.3,-2.5));
#5812=CARTESIAN_POINT('Origin',(6.44791847198296,39.65,-2.5));
#5813=CARTESIAN_POINT('',(13.2079689783217,40.2999999999997,-2.5));
#5814=CARTESIAN_POINT('',(6.44791847198296,40.3,-2.5));
#5815=CARTESIAN_POINT('',(13.2079689783216,44.0999999999997,-2.5));
#5816=CARTESIAN_POINT('Origin',(13.2079689783217,42.1999999999997,-2.5));
#5817=CARTESIAN_POINT('',(10.6079689783216,44.0999999999999,-2.5));
#5818=CARTESIAN_POINT('',(13.2079689783216,44.0999999999997,-2.5));
#5819=CARTESIAN_POINT('',(10.6079689783216,45.5,-2.5));
#5820=CARTESIAN_POINT('Origin',(10.6079689783216,44.7999999999999,-2.5));
#5821=CARTESIAN_POINT('',(13.8786796564441,45.5,-2.5));
#5822=CARTESIAN_POINT('',(11.378679656444,45.5,-2.5));
#5823=CARTESIAN_POINT('',(13.8786796564464,19.4999999999983,-2.5));
#5824=CARTESIAN_POINT('',(9.52512620045953,46.4748736687654,-2.5));
#5825=CARTESIAN_POINT('Origin',(12.,44.,-2.5));
#5826=CARTESIAN_POINT('',(9.22911075500784,46.1788582233136,-2.5));
#5827=CARTESIAN_POINT('',(1.02512626584708,37.9748737341529,-2.5));
#5828=CARTESIAN_POINT('',(10.6079689783216,42.8499999999999,-2.5));
#5829=CARTESIAN_POINT('Origin',(10.6079689783216,44.7999999999999,-2.5));
#5830=CARTESIAN_POINT('',(13.2079689783217,42.8499999999997,-2.5));
#5831=CARTESIAN_POINT('',(13.2079689783217,42.8499999999997,-2.5));
#5832=CARTESIAN_POINT('',(13.2079689783217,41.5499999999997,-2.5));
#5833=CARTESIAN_POINT('Origin',(13.2079689783217,42.1999999999997,-2.5));
#5834=CARTESIAN_POINT('',(5.01446699271161,41.5500000000005,-2.5));
#5835=CARTESIAN_POINT('',(4.60025253169394,41.5499999999997,-2.5));
#5836=CARTESIAN_POINT('',(4.30735993682619,41.2571074051331,-2.5));
#5837=CARTESIAN_POINT('Origin',(5.01446609406707,40.5499999999997,-2.5));
#5838=CARTESIAN_POINT('',(1.02512626584708,37.9748737341529,-2.5));
#5839=CARTESIAN_POINT('',(1.02512626584708,37.9748737341529,-2.5));
#5840=CARTESIAN_POINT('',(-1.26201132877313E-15,35.5,-2.5));
#5841=CARTESIAN_POINT('Origin',(3.5,35.5,-2.5));
#5842=CARTESIAN_POINT('',(1.11022302462516E-15,3.5,-2.5));
#5843=CARTESIAN_POINT('',(3.88578063469309E-15,-52.4999999697041,-2.5));
#5844=CARTESIAN_POINT('',(5.15277777777778,6.58517837689881,-2.5));
#5845=CARTESIAN_POINT('Origin',(3.5,3.5,-2.5));
#5846=CARTESIAN_POINT('',(4.625,7.46665791315561,-2.5));
#5847=CARTESIAN_POINT('Origin',(5.625,7.46665791315561,-2.5));
#5848=CARTESIAN_POINT('',(4.625,28.4565613944211,-2.5));
#5849=CARTESIAN_POINT('',(4.625,35.5,-2.5));
#5850=CARTESIAN_POINT('',(6.43676801617968,28.9999242317049,-2.5));
#5851=CARTESIAN_POINT('Origin',(5.61236331050541,28.4565613803851,-2.5));
#5852=CARTESIAN_POINT('',(30.789920634772,-7.94968663786617,-2.5));
#5853=CARTESIAN_POINT('',(2.56067201980606,34.8808974675995,-2.5));
#5854=CARTESIAN_POINT('',(30.789920634772,-9.05031336213381,-2.5));
#5855=CARTESIAN_POINT('Origin',(29.9549624301552,-8.49999999999999,-2.5));
#5856=CARTESIAN_POINT('',(6.43677519395843,-45.9999133412297,-2.5));
#5857=CARTESIAN_POINT('',(60.5606720198061,36.1191025324006,-2.5));
#5858=CARTESIAN_POINT('',(4.625,-45.4565613575022,-2.5));
#5859=CARTESIAN_POINT('Origin',(5.61236331050538,-45.4565613803852,-2.5));
#5860=CARTESIAN_POINT('',(4.625,-0.466657913155606,-2.5));
#5861=CARTESIAN_POINT('',(4.625,35.5,-2.5));
#5862=CARTESIAN_POINT('',(5.15277777777778,0.414821623101195,-2.5));
#5863=CARTESIAN_POINT('Origin',(5.625,-0.466657913155608,-2.5));
#5864=CARTESIAN_POINT('Origin',(3.5,3.5,-2.5));
#5865=CARTESIAN_POINT('',(3.88578063469309E-15,-52.4999999697041,-2.5));
#5866=CARTESIAN_POINT('',(3.88578063469309E-15,-52.4999999697041,-2.5));
#5867=CARTESIAN_POINT('',(1.02512626584709,-54.9748737341529,-2.5));
#5868=CARTESIAN_POINT('Origin',(3.5,-52.5,-2.5));
#5869=CARTESIAN_POINT('',(4.30735995205312,-58.2571074203601,-2.5));
#5870=CARTESIAN_POINT('',(1.02512626584709,-54.9748737341529,-2.5));
#5871=CARTESIAN_POINT('',(5.01446701747877,-58.5499999999997,-2.5));
#5872=CARTESIAN_POINT('Origin',(5.01446609406707,-57.5499999999997,-2.5));
#5873=CARTESIAN_POINT('',(13.2079689783217,-58.5499999999997,-2.5));
#5874=CARTESIAN_POINT('',(4.60025253169394,-58.5499999999997,-2.5));
#5875=CARTESIAN_POINT('',(13.2079689783217,-59.8499999999997,-2.5));
#5876=CARTESIAN_POINT('Origin',(13.2079689783217,-59.1999999999997,-2.5));
#5877=CARTESIAN_POINT('',(10.6079689783216,-59.8499999999999,-2.5));
#5878=CARTESIAN_POINT('',(11.0248687021016,-59.8499999999999,-2.5));
#5879=CARTESIAN_POINT('',(8.68476144589531,-62.1221378388495,-2.5));
#5880=CARTESIAN_POINT('Origin',(10.6079689783216,-61.7999999999999,-2.5));
#5881=CARTESIAN_POINT('',(9.36140736207037,-63.2995279713592,-2.5));
#5882=CARTESIAN_POINT('Origin',(12.,-61.,-2.5));
#5883=CARTESIAN_POINT('',(9.22911075500786,-63.1788582233136,-2.5));
#5884=CARTESIAN_POINT('Origin',(10.6079689783216,-61.7999999999999,-2.5));
#5885=CARTESIAN_POINT('',(9.52512640308466,-63.4748738713905,-2.5));
#5886=CARTESIAN_POINT('',(1.02512626584709,-54.9748737341529,-2.5));
#5887=CARTESIAN_POINT('Origin',(12.,-61.,-2.5));
#5888=CARTESIAN_POINT('',(10.6079689783216,-62.5,-2.5));
#5889=CARTESIAN_POINT('',(69.3565728752499,-62.4999999999998,-2.5));
#5890=CARTESIAN_POINT('',(10.6079689783216,-61.0999999999997,-2.5));
#5891=CARTESIAN_POINT('Origin',(10.6079689783216,-61.7999999999999,-2.5));
#5892=CARTESIAN_POINT('',(13.2079689783216,-61.0999999999997,-2.5));
#5893=CARTESIAN_POINT('',(13.2079689783216,-61.0999999999997,-2.5));
#5894=CARTESIAN_POINT('',(13.2079689783217,-57.2999999999997,-2.5));
#5895=CARTESIAN_POINT('Origin',(13.2079689783217,-59.1999999999997,-2.5));
#5896=CARTESIAN_POINT('',(6.44791847198296,-57.3,-2.5));
#5897=CARTESIAN_POINT('',(6.44791847198296,-57.3,-2.5));
#5898=CARTESIAN_POINT('',(6.44791847198296,-56.,-2.5));
#5899=CARTESIAN_POINT('Origin',(6.44791847198296,-56.65,-2.5));
#5900=CARTESIAN_POINT('',(74.2873337755985,-55.9999999999999,-2.5));
#5901=CARTESIAN_POINT('',(99.4999999998477,-56.,-2.5));
#5902=CARTESIAN_POINT('',(74.2873340597109,-57.2999999999998,-2.5));
#5903=CARTESIAN_POINT('Origin',(74.2873340597109,-56.6499999999998,-2.5));
#5904=CARTESIAN_POINT('',(67.5272835533722,-57.2999999999996,-2.5));
#5905=CARTESIAN_POINT('',(74.2873340597109,-57.2999999999998,-2.5));
#5906=CARTESIAN_POINT('',(67.5272835533723,-61.0999999999996,-2.5));
#5907=CARTESIAN_POINT('Origin',(67.5272835533722,-59.1999999999996,-2.5));
#5908=CARTESIAN_POINT('',(70.1272835533723,-61.0999999999998,-2.5));
#5909=CARTESIAN_POINT('',(67.5272835533723,-61.0999999999996,-2.5));
#5910=CARTESIAN_POINT('',(70.1272835533723,-62.4999999999998,-2.5));
#5911=CARTESIAN_POINT('Origin',(70.1272835533723,-61.7999999999997,-2.5));
#5912=CARTESIAN_POINT('',(69.3565728752499,-62.4999999999998,-2.5));
#5913=CARTESIAN_POINT('',(10.5434387354966,-51.3750000000001,-2.5));
#5914=CARTESIAN_POINT('',(54.4565615208566,-51.3750000000005,-2.5));
#5915=CARTESIAN_POINT('',(99.5000014826655,-51.375000000001,-2.5));
#5916=CARTESIAN_POINT('',(8.31542631857706,-47.2381257431296,-2.5));
#5917=CARTESIAN_POINT('Origin',(10.5434386196148,-48.7065882886619,-2.5));
#5918=CARTESIAN_POINT('',(31.6650417953832,-11.8111229507341,-2.5));
#5919=CARTESIAN_POINT('',(4.43932798019394,-53.1191025324005,-2.5));
#5920=CARTESIAN_POINT('',(33.3349582046168,-11.8111229507341,-2.5));
#5921=CARTESIAN_POINT('Origin',(32.5,-12.361436312868,-2.5));
#5922=CARTESIAN_POINT('',(56.6845889029363,-47.2381488381017,-2.5));
#5923=CARTESIAN_POINT('',(2.56067201980606,34.8808974675995,-2.5));
#5924=CARTESIAN_POINT('Origin',(54.4565613803855,-48.7065882886623,-2.5));
#5925=CARTESIAN_POINT('',(63.1527777777778,0.414821623101196,-2.5));
#5926=CARTESIAN_POINT('',(59.8472222222222,0.414821623101196,-2.5));
#5927=CARTESIAN_POINT('Origin',(61.5,3.5,-2.5));
#5928=CARTESIAN_POINT('',(60.375,-0.466657913155606,-2.5));
#5929=CARTESIAN_POINT('Origin',(59.375,-0.466657913155606,-2.5));
#5930=CARTESIAN_POINT('',(60.375,-45.4565613803857,-2.5));
#5931=CARTESIAN_POINT('',(60.375,-52.5,-2.5));
#5932=CARTESIAN_POINT('',(58.5632295944492,-45.9999206064695,-2.5));
#5933=CARTESIAN_POINT('Origin',(59.3876366894948,-45.4565613803857,-2.5));
#5934=CARTESIAN_POINT('',(34.210079365228,-9.05031336213382,-2.5));
#5935=CARTESIAN_POINT('',(62.4393279801939,-51.8808974675995,-2.5));
#5936=CARTESIAN_POINT('',(34.210079365228,-7.94968663786618,-2.5));
#5937=CARTESIAN_POINT('Origin',(35.0450375698448,-8.5,-2.5));
#5938=CARTESIAN_POINT('',(58.563228043177,28.9999182528078,-2.5));
#5939=CARTESIAN_POINT('',(4.43932798019394,-53.1191025324005,-2.5));
#5940=CARTESIAN_POINT('',(60.375,28.4565612998371,-2.5));
#5941=CARTESIAN_POINT('Origin',(59.3876366894946,28.4565613803852,-2.5));
#5942=CARTESIAN_POINT('',(60.375,7.46665791315561,-2.5));
#5943=CARTESIAN_POINT('',(60.375,-52.5,-2.5));
#5944=CARTESIAN_POINT('',(59.8472222222222,6.58517837689881,-2.5));
#5945=CARTESIAN_POINT('Origin',(59.375,7.46665791315561,-2.5));
#5946=CARTESIAN_POINT('',(63.1527777777778,6.58517837689881,-2.5));
#5947=CARTESIAN_POINT('Origin',(61.5,3.5,-2.5));
#5948=CARTESIAN_POINT('',(62.625,7.46665791315561,-2.5));
#5949=CARTESIAN_POINT('Origin',(63.625,7.46665791315561,-2.5));
#5950=CARTESIAN_POINT('',(62.625,28.4565613803852,-2.5));
#5951=CARTESIAN_POINT('',(62.625,35.5,-2.5));
#5952=CARTESIAN_POINT('',(63.2594525751586,28.5876937023461,-2.5));
#5953=CARTESIAN_POINT('Origin',(62.9557778803509,28.4565613803852,-2.5));
#5954=CARTESIAN_POINT('',(79.1034047577695,-8.10356398370031,-2.5));
#5955=CARTESIAN_POINT('',(60.4671798522718,35.0540094816628,-2.5));
#5956=CARTESIAN_POINT('',(79.1034047577695,-8.89643601629975,-2.5));
#5957=CARTESIAN_POINT('Origin',(78.1853424042333,-8.50000000000003,-2.5));
#5958=CARTESIAN_POINT('',(63.1172594745355,-45.9169829878881,-2.5));
#5959=CARTESIAN_POINT('',(60.4671798522719,-52.0540094816625,-2.5));
#5960=CARTESIAN_POINT('',(62.625,-45.8152447672642,-2.5));
#5961=CARTESIAN_POINT('Origin',(62.8816431616619,-45.8152447672642,-2.5));
#5962=CARTESIAN_POINT('',(62.625,-0.46665791315561,-2.5));
#5963=CARTESIAN_POINT('',(62.625,35.5,-2.5));
#5964=CARTESIAN_POINT('Origin',(63.625,-0.466657913155609,-2.5));
#5965=CARTESIAN_POINT('',(56.6845861892521,30.2381447207029,-2.5));
#5966=CARTESIAN_POINT('',(54.4565612825021,34.375,-2.5));
#5967=CARTESIAN_POINT('Origin',(54.4565613803851,31.7065882886618,-2.5));
#5968=CARTESIAN_POINT('',(33.3349582046168,-5.18887704926586,-2.5));
#5969=CARTESIAN_POINT('',(60.5606720198061,36.1191025324006,-2.5));
#5970=CARTESIAN_POINT('',(31.6650417953832,-5.18887704926585,-2.5));
#5971=CARTESIAN_POINT('Origin',(32.5,-4.63856368713203,-2.5));
#5972=CARTESIAN_POINT('',(8.31542644680758,30.238125548573,-2.5));
#5973=CARTESIAN_POINT('',(62.4393279801939,-51.8808974675995,-2.5));
#5974=CARTESIAN_POINT('',(10.5434386196149,34.375,-2.5));
#5975=CARTESIAN_POINT('Origin',(10.5434386196149,31.7065882886618,-2.5));
#5976=CARTESIAN_POINT('',(3.5,34.375,-2.5));
#5977=CARTESIAN_POINT('',(65.1828979368295,29.808968269892,-2.5));
#5978=CARTESIAN_POINT('',(79.5819376464638,-3.53617632083999,-2.5));
#5979=CARTESIAN_POINT('',(100.532820147728,-52.0540094816628,-2.5));
#5980=CARTESIAN_POINT('',(68.184755232736,34.375,-2.5));
#5981=CARTESIAN_POINT('Origin',(68.184755232736,31.1052249797733,-2.5));
#5982=CARTESIAN_POINT('',(92.8152446467626,34.375,-2.5));
#5983=CARTESIAN_POINT('',(3.5,34.375,-2.5));
#5984=CARTESIAN_POINT('',(95.8171020349328,29.8089682044994,-2.5));
#5985=CARTESIAN_POINT('Origin',(92.8152447672641,31.1052249797733,-2.5));
#5986=CARTESIAN_POINT('',(81.4180623535362,-3.53617632083998,-2.5));
#5987=CARTESIAN_POINT('',(60.4671798522719,-52.0540094816625,-2.5));
#5988=CARTESIAN_POINT('Origin',(80.5,-3.13974030454027,-2.5));
#5989=CARTESIAN_POINT('',(95.8171243414142,-46.8090198628267,-2.5));
#5990=CARTESIAN_POINT('',(81.4180623535362,-13.46382367916,-2.5));
#5991=CARTESIAN_POINT('',(60.4671798522718,35.0540094816628,-2.5));
#5992=CARTESIAN_POINT('',(92.8152447672644,-51.3750000000009,-2.5));
#5993=CARTESIAN_POINT('Origin',(92.8152447672644,-48.1052249797741,-2.5));
#5994=CARTESIAN_POINT('',(68.1847552327357,-51.3750000000006,-2.5));
#5995=CARTESIAN_POINT('',(99.5000014826655,-51.375000000001,-2.5));
#5996=CARTESIAN_POINT('',(65.1828978028826,-46.8089685800848,-2.5));
#5997=CARTESIAN_POINT('Origin',(68.1847552327357,-48.1052249797739,-2.5));
#5998=CARTESIAN_POINT('',(79.5819376464638,-13.46382367916,-2.5));
#5999=CARTESIAN_POINT('',(100.532820147728,35.0540094816628,-2.5));
#6000=CARTESIAN_POINT('Origin',(80.5,-13.8602596954598,-2.5));
#6001=CARTESIAN_POINT('',(98.375,28.8152447672641,-2.5));
#6002=CARTESIAN_POINT('',(97.8827442273801,28.9169915607537,-2.5));
#6003=CARTESIAN_POINT('Origin',(98.118356838338,28.8152447672641,-2.5));
#6004=CARTESIAN_POINT('',(98.375,-45.8152447199788,-2.5));
#6005=CARTESIAN_POINT('',(98.375,-52.5,-2.5));
#6006=CARTESIAN_POINT('',(97.8827401543707,-45.9169821284649,-2.5));
#6007=CARTESIAN_POINT('Origin',(98.1183568383382,-45.815244767265,-2.5));
#6008=CARTESIAN_POINT('',(81.8965952422305,-8.89643601629975,-2.5));
#6009=CARTESIAN_POINT('',(100.532820147728,-52.0540094816628,-2.5));
#6010=CARTESIAN_POINT('',(81.8965952422305,-8.1035639837003,-2.5));
#6011=CARTESIAN_POINT('Origin',(82.8146575957667,-8.50000000000003,-2.5));
#6012=CARTESIAN_POINT('',(100.532820147728,35.0540094816628,-2.5));
#6013=CARTESIAN_POINT('',(79.375,-8.5,-2.5));
#6014=CARTESIAN_POINT('Origin',(80.5,-8.5,-2.5));
#6015=CARTESIAN_POINT('',(31.375,-8.5,-2.5));
#6016=CARTESIAN_POINT('Origin',(32.5,-8.5,-2.5));
#6017=CARTESIAN_POINT('Origin',(13.8786796564464,19.4999999999983,-1.5));
#6018=CARTESIAN_POINT('Origin',(13.8786796564441,45.4999999999987,-1.5));
#6019=CARTESIAN_POINT('Origin',(28.1715728752588,18.4999999999988,-1.5));
#6020=CARTESIAN_POINT('Origin',(28.1715728752558,45.4999999999999,-1.5));
#6021=CARTESIAN_POINT('Origin',(89.1213203188697,18.5,-1.5));
#6022=CARTESIAN_POINT('Origin',(89.1213203188697,45.5,-1.5));
#6023=CARTESIAN_POINT('Origin',(74.8284271247474,19.5000000000004,-1.5));
#6024=CARTESIAN_POINT('Origin',(74.8284271247465,45.4999999999994,-1.5));
#6025=CARTESIAN_POINT('Origin',(41.0355339059327,41.4999999999998,-2.5));
#6026=CARTESIAN_POINT('',(41.0355339059327,38.9999999999998,-5.5));
#6027=CARTESIAN_POINT('',(41.0355339059327,38.9999999999998,-2.5));
#6028=CARTESIAN_POINT('',(39.2677669529662,39.7322330470335,-5.5));
#6029=CARTESIAN_POINT('Origin',(41.0355339059327,41.4999999999998,-5.5));
#6030=CARTESIAN_POINT('',(39.2677669529662,39.7322330470335,-2.5));
#6031=CARTESIAN_POINT('Origin',(40.,38.9999999999998,-2.5));
#6032=CARTESIAN_POINT('',(61.9644660940591,38.9999999999999,-5.5));
#6033=CARTESIAN_POINT('',(61.9644660940591,38.9999999999999,-2.5));
#6034=CARTESIAN_POINT('',(99.5,39.,-5.5));
#6035=CARTESIAN_POINT('Origin',(61.964466094059,41.4999999999999,-2.5));
#6036=CARTESIAN_POINT('',(63.7322330470252,39.7322330470333,-5.5));
#6037=CARTESIAN_POINT('',(63.7322330470252,39.7322330470333,-2.5));
#6038=CARTESIAN_POINT('Origin',(61.964466094059,41.4999999999999,-5.5));
#6039=CARTESIAN_POINT('Origin',(62.9999999999917,39.,-2.5));
#6040=CARTESIAN_POINT('',(65.2571067811805,41.2571067811865,-5.5));
#6041=CARTESIAN_POINT('',(65.2571067811805,41.2571067811865,-2.5));
#6042=CARTESIAN_POINT('',(62.9999999999917,39.,-5.5));
#6043=CARTESIAN_POINT('Origin',(79.7205339059325,-58.5,-2.5));
#6044=CARTESIAN_POINT('',(77.9527669529661,-56.7322330470336,-5.5));
#6045=CARTESIAN_POINT('',(77.9527669529661,-56.7322330470336,-2.5));
#6046=CARTESIAN_POINT('',(79.7205339059325,-56.,-5.5));
#6047=CARTESIAN_POINT('Origin',(79.7205339059325,-58.5,-5.5));
#6048=CARTESIAN_POINT('',(79.7205339059325,-56.,-2.5));
#6049=CARTESIAN_POINT('Origin',(78.685,-55.9999999999997,-2.5));
#6050=CARTESIAN_POINT('',(76.4278938147489,-58.2571061852518,-5.5));
#6051=CARTESIAN_POINT('',(76.4278938147489,-58.2571061852518,-2.5));
#6052=CARTESIAN_POINT('',(78.685,-55.9999999999997,-5.5));
#6053=CARTESIAN_POINT('Origin',(63.625,7.46665791315561,-2.5));
#6054=CARTESIAN_POINT('',(63.1527777777778,6.58517837689881,-5.5));
#6055=CARTESIAN_POINT('',(63.1527777777778,6.58517837689881,-2.5));
#6056=CARTESIAN_POINT('',(62.625,7.46665791315561,-5.5));
#6057=CARTESIAN_POINT('Origin',(63.625,7.46665791315561,-5.5));
#6058=CARTESIAN_POINT('',(62.625,7.46665791315561,-2.5));
#6059=CARTESIAN_POINT('Origin',(61.5,3.5,-2.5));
#6060=CARTESIAN_POINT('',(59.8472222222222,6.58517837689881,-5.5));
#6061=CARTESIAN_POINT('',(59.8472222222222,6.58517837689881,-2.5));
#6062=CARTESIAN_POINT('',(58.,3.5,-5.5));
#6063=CARTESIAN_POINT('Origin',(61.5,3.5,-5.5));
#6064=CARTESIAN_POINT('',(58.,3.5,0.));
#6065=CARTESIAN_POINT('',(58.,3.5,-2.5));
#6066=CARTESIAN_POINT('Origin',(61.5,3.5,0.));
#6067=CARTESIAN_POINT('',(59.8472222222222,0.414821623101196,-5.5));
#6068=CARTESIAN_POINT('Origin',(61.5,3.5,-5.5));
#6069=CARTESIAN_POINT('',(59.8472222222222,0.414821623101196,-2.5));
#6070=CARTESIAN_POINT('',(63.1527777777778,0.414821623101196,-5.5));
#6071=CARTESIAN_POINT('',(63.1527777777778,0.414821623101196,-2.5));
#6072=CARTESIAN_POINT('Origin',(61.5,3.5,-5.5));
#6073=CARTESIAN_POINT('Origin',(63.625,-0.466657913155609,-2.5));
#6074=CARTESIAN_POINT('',(62.625,-0.46665791315561,-5.5));
#6075=CARTESIAN_POINT('',(62.625,-0.466657913155609,-2.5));
#6076=CARTESIAN_POINT('Origin',(63.625,-0.466657913155609,-5.5));
#6077=CARTESIAN_POINT('Origin',(62.625,0.185731604109289,-2.5));
#6078=CARTESIAN_POINT('',(62.625,-45.8152447672642,-5.5));
#6079=CARTESIAN_POINT('',(62.625,-45.8152447672642,-2.5));
#6080=CARTESIAN_POINT('',(62.625,35.5,-5.5));
#6081=CARTESIAN_POINT('Origin',(5.625,-0.466657913155608,-2.5));
#6082=CARTESIAN_POINT('',(4.625,-0.466657913155606,-5.5));
#6083=CARTESIAN_POINT('',(4.625,-0.466657913155608,-2.5));
#6084=CARTESIAN_POINT('',(5.15277777777778,0.414821623101194,-5.5));
#6085=CARTESIAN_POINT('Origin',(5.625,-0.466657913155608,-5.5));
#6086=CARTESIAN_POINT('',(5.15277777777778,0.414821623101195,-2.5));
#6087=CARTESIAN_POINT('Origin',(4.625,0.185731604109289,-2.5));
#6088=CARTESIAN_POINT('',(4.625,-45.4565613575022,-5.5));
#6089=CARTESIAN_POINT('',(4.625,-45.4565613575022,-2.5));
#6090=CARTESIAN_POINT('',(4.625,35.5,-5.5));
#6091=CARTESIAN_POINT('Origin',(5.625,7.46665791315561,-2.5));
#6092=CARTESIAN_POINT('',(5.15277777777778,6.58517837689881,-5.5));
#6093=CARTESIAN_POINT('',(5.15277777777778,6.58517837689881,-2.5));
#6094=CARTESIAN_POINT('',(4.625,7.46665791315561,-5.5));
#6095=CARTESIAN_POINT('Origin',(5.625,7.46665791315561,-5.5));
#6096=CARTESIAN_POINT('',(4.625,7.46665791315561,-2.5));
#6097=CARTESIAN_POINT('Origin',(3.5,3.5,-2.5));
#6098=CARTESIAN_POINT('Origin',(3.5,3.5,-5.5));
#6099=CARTESIAN_POINT('',(1.11022302462516E-15,3.5,0.));
#6100=CARTESIAN_POINT('',(1.11022302462516E-15,3.5,-2.5));
#6101=CARTESIAN_POINT('Origin',(3.5,3.5,0.));
#6102=CARTESIAN_POINT('Origin',(59.375,-0.466657913155606,-2.5));
#6103=CARTESIAN_POINT('',(60.375,-0.466657913155606,-5.5));
#6104=CARTESIAN_POINT('Origin',(59.375,-0.466657913155606,-5.5));
#6105=CARTESIAN_POINT('',(60.375,-0.466657913155606,-2.5));
#6106=CARTESIAN_POINT('Origin',(59.375,7.46665791315561,-2.5));
#6107=CARTESIAN_POINT('',(60.375,7.46665791315561,-5.5));
#6108=CARTESIAN_POINT('',(60.375,7.46665791315561,-2.5));
#6109=CARTESIAN_POINT('Origin',(59.375,7.46665791315561,-5.5));
#6110=CARTESIAN_POINT('Origin',(60.375,6.81426839589071,-2.5));
#6111=CARTESIAN_POINT('',(60.375,28.4565612998371,-5.5));
#6112=CARTESIAN_POINT('',(60.375,28.4565612998371,-2.5));
#6113=CARTESIAN_POINT('',(60.375,-52.5,-5.5));
#6114=CARTESIAN_POINT('Origin',(32.5,-4.63856368713203,-2.5));
#6115=CARTESIAN_POINT('',(33.3349582046168,-5.18887704926586,-5.5));
#6116=CARTESIAN_POINT('',(33.3349582046168,-5.18887704926586,-2.5));
#6117=CARTESIAN_POINT('',(31.6650417953832,-5.18887704926585,-5.5));
#6118=CARTESIAN_POINT('Origin',(32.5,-4.63856368713203,-5.5));
#6119=CARTESIAN_POINT('',(31.6650417953832,-5.18887704926585,-2.5));
#6120=CARTESIAN_POINT('Origin',(32.5,-6.4557101873052,-2.5));
#6121=CARTESIAN_POINT('',(56.6845861892521,30.2381447207029,-5.5));
#6122=CARTESIAN_POINT('',(56.6845861892521,30.2381447207029,-2.5));
#6123=CARTESIAN_POINT('',(60.5606720198061,36.1191025324006,-5.5));
#6124=CARTESIAN_POINT('Origin',(32.5,-12.361436312868,-2.5));
#6125=CARTESIAN_POINT('',(31.6650417953832,-11.8111229507341,-5.5));
#6126=CARTESIAN_POINT('',(31.6650417953832,-11.8111229507341,-2.5));
#6127=CARTESIAN_POINT('',(33.3349582046168,-11.8111229507341,-5.5));
#6128=CARTESIAN_POINT('Origin',(32.5,-12.361436312868,-5.5));
#6129=CARTESIAN_POINT('',(33.3349582046168,-11.8111229507341,-2.5));
#6130=CARTESIAN_POINT('Origin',(32.5,-10.5442898126948,-2.5));
#6131=CARTESIAN_POINT('',(8.31542631857706,-47.2381257431296,-5.5));
#6132=CARTESIAN_POINT('',(8.31542631857706,-47.2381257431296,-2.5));
#6133=CARTESIAN_POINT('',(4.43932798019394,-53.1191025324005,-5.5));
#6134=CARTESIAN_POINT('Origin',(29.9549624301552,-8.49999999999999,-2.5));
#6135=CARTESIAN_POINT('',(30.789920634772,-7.94968663786617,-5.5));
#6136=CARTESIAN_POINT('',(30.789920634772,-7.94968663786617,-2.5));
#6137=CARTESIAN_POINT('',(30.789920634772,-9.05031336213381,-5.5));
#6138=CARTESIAN_POINT('Origin',(29.9549624301552,-8.49999999999999,-5.5));
#6139=CARTESIAN_POINT('',(30.789920634772,-9.05031336213381,-2.5));
#6140=CARTESIAN_POINT('Origin',(31.1526271689057,-8.49999999999999,-2.5));
#6141=CARTESIAN_POINT('',(6.43676801617968,28.9999242317049,-5.5));
#6142=CARTESIAN_POINT('',(6.43676801617968,28.9999242317049,-2.5));
#6143=CARTESIAN_POINT('',(2.56067201980606,34.8808974675995,-5.5));
#6144=CARTESIAN_POINT('Origin',(35.0450375698448,-8.5,-2.5));
#6145=CARTESIAN_POINT('',(34.210079365228,-9.05031336213382,-5.5));
#6146=CARTESIAN_POINT('',(34.210079365228,-9.05031336213382,-2.5));
#6147=CARTESIAN_POINT('',(34.210079365228,-7.94968663786618,-5.5));
#6148=CARTESIAN_POINT('Origin',(35.0450375698448,-8.5,-5.5));
#6149=CARTESIAN_POINT('',(34.210079365228,-7.94968663786617,-2.5));
#6150=CARTESIAN_POINT('Origin',(33.8473728310943,-8.5,-2.5));
#6151=CARTESIAN_POINT('',(58.5632295944492,-45.9999206064695,-5.5));
#6152=CARTESIAN_POINT('',(58.5632295944492,-45.9999206064695,-2.5));
#6153=CARTESIAN_POINT('',(62.4393279801939,-51.8808974675995,-5.5));
#6154=CARTESIAN_POINT('Origin',(78.1853424042333,-8.50000000000003,-2.5));
#6155=CARTESIAN_POINT('',(79.1034047577695,-8.10356398370031,-5.5));
#6156=CARTESIAN_POINT('',(79.1034047577695,-8.10356398370031,-2.5));
#6157=CARTESIAN_POINT('',(79.1034047577695,-8.89643601629975,-5.5));
#6158=CARTESIAN_POINT('Origin',(78.1853424042333,-8.50000000000003,-5.5));
#6159=CARTESIAN_POINT('',(79.1034047577695,-8.89643601629974,-2.5));
#6160=CARTESIAN_POINT('Origin',(79.2745930375353,-8.50000000000001,-2.5));
#6161=CARTESIAN_POINT('',(63.2594525751586,28.5876937023461,-5.5));
#6162=CARTESIAN_POINT('',(63.2594525751586,28.5876937023461,-2.5));
#6163=CARTESIAN_POINT('',(60.4671798522718,35.0540094816628,-5.5));
#6164=CARTESIAN_POINT('Origin',(80.5,-3.13974030454027,-2.5));
#6165=CARTESIAN_POINT('',(81.4180623535362,-3.53617632083998,-5.5));
#6166=CARTESIAN_POINT('',(81.4180623535362,-3.53617632083999,-2.5));
#6167=CARTESIAN_POINT('',(79.5819376464638,-3.53617632083999,-5.5));
#6168=CARTESIAN_POINT('Origin',(80.5,-3.13974030454027,-5.5));
#6169=CARTESIAN_POINT('',(79.5819376464638,-3.53617632083999,-2.5));
#6170=CARTESIAN_POINT('Origin',(80.5,-5.66221545534486,-2.5));
#6171=CARTESIAN_POINT('',(95.8171020349328,29.8089682044994,-5.5));
#6172=CARTESIAN_POINT('',(95.8171020349328,29.8089682044994,-2.5));
#6173=CARTESIAN_POINT('',(60.4671798522719,-52.0540094816625,-5.5));
#6174=CARTESIAN_POINT('Origin',(82.8146575957667,-8.50000000000003,-2.5));
#6175=CARTESIAN_POINT('',(81.8965952422305,-8.89643601629975,-5.5));
#6176=CARTESIAN_POINT('',(81.8965952422305,-8.89643601629976,-2.5));
#6177=CARTESIAN_POINT('',(81.8965952422305,-8.1035639837003,-5.5));
#6178=CARTESIAN_POINT('Origin',(82.8146575957667,-8.50000000000003,-5.5));
#6179=CARTESIAN_POINT('',(81.8965952422305,-8.10356398370031,-2.5));
#6180=CARTESIAN_POINT('Origin',(81.7254069624647,-8.50000000000002,-2.5));
#6181=CARTESIAN_POINT('',(97.8827401543707,-45.9169821284649,-5.5));
#6182=CARTESIAN_POINT('',(97.8827401543707,-45.9169821284649,-2.5));
#6183=CARTESIAN_POINT('',(100.532820147728,-52.0540094816628,-5.5));
#6184=CARTESIAN_POINT('Origin',(80.5,-13.8602596954598,-2.5));
#6185=CARTESIAN_POINT('',(79.5819376464638,-13.46382367916,-5.5));
#6186=CARTESIAN_POINT('',(79.5819376464638,-13.46382367916,-2.5));
#6187=CARTESIAN_POINT('',(81.4180623535362,-13.46382367916,-5.5));
#6188=CARTESIAN_POINT('Origin',(80.5,-13.8602596954598,-5.5));
#6189=CARTESIAN_POINT('',(81.4180623535362,-13.46382367916,-2.5));
#6190=CARTESIAN_POINT('Origin',(80.5,-11.3377845446552,-2.5));
#6191=CARTESIAN_POINT('',(65.1828978028826,-46.8089685800848,-5.5));
#6192=CARTESIAN_POINT('',(65.1828978028826,-46.8089685800848,-2.5));
#6193=CARTESIAN_POINT('',(100.532820147728,35.0540094816628,-5.5));
#6194=CARTESIAN_POINT('Origin',(32.5,-8.5,-2.5));
#6195=CARTESIAN_POINT('',(31.375,-8.5,0.));
#6196=CARTESIAN_POINT('Origin',(32.5,-8.5,0.));
#6197=CARTESIAN_POINT('',(31.375,-8.5,-2.5));
#6198=CARTESIAN_POINT('Origin',(32.5,-8.5,0.));
#6199=CARTESIAN_POINT('Origin',(3.5,3.5,0.));
#6200=CARTESIAN_POINT('',(2.375,3.5,0.));
#6201=CARTESIAN_POINT('Origin',(3.5,3.5,0.));
#6202=CARTESIAN_POINT('Origin',(99.5,35.5,0.));
#6203=CARTESIAN_POINT('',(96.,35.5,0.));
#6204=CARTESIAN_POINT('Origin',(99.5,35.5,0.));
#6205=CARTESIAN_POINT('',(98.375,35.5,0.));
#6206=CARTESIAN_POINT('Origin',(99.5,35.5,0.));
#6207=CARTESIAN_POINT('Origin',(61.5,3.5,0.));
#6208=CARTESIAN_POINT('',(60.375,3.5,0.));
#6209=CARTESIAN_POINT('Origin',(61.5,3.5,0.));
#6210=CARTESIAN_POINT('Origin',(80.5,-8.5,-2.5));
#6211=CARTESIAN_POINT('',(79.375,-8.5,0.));
#6212=CARTESIAN_POINT('Origin',(80.5,-8.5,0.));
#6213=CARTESIAN_POINT('',(79.375,-8.5,-2.5));
#6214=CARTESIAN_POINT('Origin',(80.5,-8.5,0.));
#6215=CARTESIAN_POINT('Origin',(3.5,-52.5,0.));
#6216=CARTESIAN_POINT('',(3.33066907387547E-15,-52.5,0.));
#6217=CARTESIAN_POINT('Origin',(3.5,-52.5,0.));
#6218=CARTESIAN_POINT('',(2.375,-52.5,0.));
#6219=CARTESIAN_POINT('Origin',(3.5,-52.5,0.));
#6220=CARTESIAN_POINT('Origin',(3.5,35.5,0.));
#6221=CARTESIAN_POINT('',(-1.11022302462516E-15,35.5,0.));
#6222=CARTESIAN_POINT('Origin',(3.5,35.5,0.));
#6223=CARTESIAN_POINT('',(2.375,35.5,0.));
#6224=CARTESIAN_POINT('Origin',(3.5,35.5,0.));
#6225=CARTESIAN_POINT('Origin',(61.5,35.5,-2.5));
#6226=CARTESIAN_POINT('',(58.,35.5,0.));
#6227=CARTESIAN_POINT('Origin',(61.5,35.5,0.));
#6228=CARTESIAN_POINT('',(58.,35.5,-2.5));
#6229=CARTESIAN_POINT('Origin',(61.5,35.5,0.));
#6230=CARTESIAN_POINT('',(60.375,35.5,0.));
#6231=CARTESIAN_POINT('Origin',(61.5,35.5,0.));
#6232=CARTESIAN_POINT('Origin',(99.5,-52.5,0.));
#6233=CARTESIAN_POINT('',(96.,-52.5,0.));
#6234=CARTESIAN_POINT('Origin',(99.5,-52.5,0.));
#6235=CARTESIAN_POINT('',(98.375,-52.5,0.));
#6236=CARTESIAN_POINT('Origin',(99.5,-52.5,0.));
#6237=CARTESIAN_POINT('Origin',(3.5,-52.5,-2.5));
#6238=CARTESIAN_POINT('',(2.375,-52.5,-4.5));
#6239=CARTESIAN_POINT('',(2.375,-52.5,-2.5));
#6240=CARTESIAN_POINT('Origin',(3.5,-52.5,-4.5));
#6241=CARTESIAN_POINT('Origin',(3.5,-52.5,-4.5));
#6242=CARTESIAN_POINT('Origin',(61.5,35.5,-2.5));
#6243=CARTESIAN_POINT('',(60.375,35.5,-4.5));
#6244=CARTESIAN_POINT('',(60.375,35.5,-2.5));
#6245=CARTESIAN_POINT('Origin',(61.5,35.5,-4.5));
#6246=CARTESIAN_POINT('Origin',(61.5,35.5,-4.5));
#6247=CARTESIAN_POINT('Origin',(3.5,35.5,-2.5));
#6248=CARTESIAN_POINT('',(2.375,35.5,-4.5));
#6249=CARTESIAN_POINT('',(2.375,35.5,-2.5));
#6250=CARTESIAN_POINT('Origin',(3.5,35.5,-4.5));
#6251=CARTESIAN_POINT('Origin',(3.5,35.5,-4.5));
#6252=CARTESIAN_POINT('Origin',(99.5,-52.5,-2.5));
#6253=CARTESIAN_POINT('',(98.375,-52.5,-4.5));
#6254=CARTESIAN_POINT('',(98.375,-52.5,-2.5));
#6255=CARTESIAN_POINT('Origin',(99.5,-52.5,-4.5));
#6256=CARTESIAN_POINT('Origin',(99.5,-52.5,-4.5));
#6257=CARTESIAN_POINT('Origin',(61.5,3.5,-2.5));
#6258=CARTESIAN_POINT('',(60.375,3.5,-4.5));
#6259=CARTESIAN_POINT('',(60.375,3.5,-2.5));
#6260=CARTESIAN_POINT('Origin',(61.5,3.5,-4.5));
#6261=CARTESIAN_POINT('Origin',(61.5,3.5,-4.5));
#6262=CARTESIAN_POINT('Origin',(3.5,3.5,-2.5));
#6263=CARTESIAN_POINT('',(2.375,3.5,-4.5));
#6264=CARTESIAN_POINT('',(2.375,3.5,-2.5));
#6265=CARTESIAN_POINT('Origin',(3.5,3.5,-4.5));
#6266=CARTESIAN_POINT('Origin',(3.5,3.5,-4.5));
#6267=CARTESIAN_POINT('Origin',(99.5,35.5,-2.5));
#6268=CARTESIAN_POINT('',(98.375,35.5,-4.5));
#6269=CARTESIAN_POINT('',(98.375,35.5,-2.5));
#6270=CARTESIAN_POINT('Origin',(99.5,35.5,-4.5));
#6271=CARTESIAN_POINT('Origin',(99.5,35.5,-4.5));
#6272=CARTESIAN_POINT('Origin',(98.375,-45.8152447199788,-2.5));
#6273=CARTESIAN_POINT('',(98.375,28.8152447672641,-5.5));
#6274=CARTESIAN_POINT('',(98.375,28.8152447672641,-2.5));
#6275=CARTESIAN_POINT('',(98.375,-45.8152447199788,-5.5));
#6276=CARTESIAN_POINT('',(98.375,-52.5,-5.5));
#6277=CARTESIAN_POINT('',(98.375,-45.8152447199788,-2.5));
#6278=CARTESIAN_POINT('Origin',(98.1183568383382,-45.815244767265,-2.5));
#6279=CARTESIAN_POINT('Origin',(98.1183568383382,-45.815244767265,-5.5));
#6280=CARTESIAN_POINT('Origin',(97.8827442273426,28.9169915607698,-2.5));
#6281=CARTESIAN_POINT('',(97.8827442273801,28.9169915607537,-5.5));
#6282=CARTESIAN_POINT('',(100.532820147728,35.0540094816628,-5.5));
#6283=CARTESIAN_POINT('',(97.8827442273801,28.9169915607537,-2.5));
#6284=CARTESIAN_POINT('Origin',(98.118356838338,28.8152447672641,-2.5));
#6285=CARTESIAN_POINT('Origin',(98.118356838338,28.8152447672641,-5.5));
#6286=CARTESIAN_POINT('Origin',(92.8152447672644,-48.1052249797741,-2.5));
#6287=CARTESIAN_POINT('',(95.8171243414142,-46.8090198628267,-5.5));
#6288=CARTESIAN_POINT('',(95.8171243414142,-46.8090198628267,-2.5));
#6289=CARTESIAN_POINT('',(92.8152447672644,-51.3750000000009,-5.5));
#6290=CARTESIAN_POINT('Origin',(92.8152447672644,-48.1052249797741,-5.5));
#6291=CARTESIAN_POINT('',(92.8152447672644,-51.3750000000009,-2.5));
#6292=CARTESIAN_POINT('Origin',(68.1847552327357,-51.3750000000007,-2.5));
#6293=CARTESIAN_POINT('',(68.1847552327357,-51.3750000000006,-5.5));
#6294=CARTESIAN_POINT('',(99.5000014826655,-51.375000000001,-5.5));
#6295=CARTESIAN_POINT('',(68.1847552327357,-51.3750000000006,-2.5));
#6296=CARTESIAN_POINT('Origin',(68.1847552327357,-48.1052249797739,-2.5));
#6297=CARTESIAN_POINT('Origin',(68.1847552327357,-48.1052249797739,-5.5));
#6298=CARTESIAN_POINT('Origin',(95.8171243418554,-46.8090198626362,-2.5));
#6299=CARTESIAN_POINT('',(60.4671798522718,35.0540094816628,-5.5));
#6300=CARTESIAN_POINT('Origin',(67.397666417562,38.9999999999999,-2.5));
#6301=CARTESIAN_POINT('',(96.552081528017,39.,-5.5));
#6302=CARTESIAN_POINT('',(96.552081528017,39.,-2.5));
#6303=CARTESIAN_POINT('',(67.397666417562,38.9999999999996,-5.5));
#6304=CARTESIAN_POINT('',(99.5,39.,-5.5));
#6305=CARTESIAN_POINT('',(67.397666417562,38.9999999999996,-2.5));
#6306=CARTESIAN_POINT('Origin',(67.3976659402839,39.6499999999994,-2.5));
#6307=CARTESIAN_POINT('',(67.3976659402839,40.2999999999994,-5.5));
#6308=CARTESIAN_POINT('Origin',(67.3976659402839,39.6499999999994,-5.5));
#6309=CARTESIAN_POINT('',(67.3976659402839,40.2999999999994,-2.5));
#6310=CARTESIAN_POINT('Origin',(74.1577164466226,40.299999999997,-2.5));
#6311=CARTESIAN_POINT('',(74.1577164466226,40.2999999999994,-5.5));
#6312=CARTESIAN_POINT('',(67.3976659402839,40.2999999999994,-5.5));
#6313=CARTESIAN_POINT('',(74.1577164466226,40.2999999999994,-2.5));
#6314=CARTESIAN_POINT('Origin',(74.1577164466225,42.1999999999994,-2.5));
#6315=CARTESIAN_POINT('',(74.1577164466223,44.0999999999994,-5.5));
#6316=CARTESIAN_POINT('Origin',(74.1577164466225,42.1999999999994,-5.5));
#6317=CARTESIAN_POINT('',(74.1577164466223,44.0999999999994,-2.5));
#6318=CARTESIAN_POINT('Origin',(71.5577164466224,44.0999999999993,-2.5));
#6319=CARTESIAN_POINT('',(71.5577164466224,44.0999999999995,-5.5));
#6320=CARTESIAN_POINT('',(74.1577164466223,44.0999999999994,-5.5));
#6321=CARTESIAN_POINT('',(71.5577164466224,44.0999999999995,-2.5));
#6322=CARTESIAN_POINT('Origin',(71.5577164466223,44.7999999999995,-2.5));
#6323=CARTESIAN_POINT('',(71.5577164466223,45.4999999999994,-5.5));
#6324=CARTESIAN_POINT('Origin',(71.5577164466223,44.7999999999995,-5.5));
#6325=CARTESIAN_POINT('',(71.5577164466223,45.4999999999994,-2.5));
#6326=CARTESIAN_POINT('Origin',(92.3920309969921,45.5,-2.5));
#6327=CARTESIAN_POINT('',(92.3920310216784,45.5,-5.5));
#6328=CARTESIAN_POINT('',(91.6213203188697,45.5,-5.5));
#6329=CARTESIAN_POINT('',(92.3920310216784,45.5,-2.5));
#6330=CARTESIAN_POINT('Origin',(92.3920310216784,44.7999999999999,-2.5));
#6331=CARTESIAN_POINT('',(92.3920310216784,44.1,-5.5));
#6332=CARTESIAN_POINT('Origin',(92.3920310216784,44.7999999999999,-5.5));
#6333=CARTESIAN_POINT('',(92.3920310216784,44.0999999999999,-2.5));
#6334=CARTESIAN_POINT('Origin',(89.7920310216784,44.0999999999998,-2.5));
#6335=CARTESIAN_POINT('',(89.7920310216784,44.0999999999998,-5.5));
#6336=CARTESIAN_POINT('',(89.7920310216784,44.0999999999998,-5.5));
#6337=CARTESIAN_POINT('',(89.7920310216784,44.0999999999998,-2.5));
#6338=CARTESIAN_POINT('Origin',(89.7920310216783,42.1999999999998,-2.5));
#6339=CARTESIAN_POINT('',(89.7920310216783,40.2999999999998,-5.5));
#6340=CARTESIAN_POINT('Origin',(89.7920310216783,42.1999999999998,-5.5));
#6341=CARTESIAN_POINT('',(89.7920310216783,40.2999999999998,-2.5));
#6342=CARTESIAN_POINT('Origin',(96.552081528017,40.3000000000001,-2.5));
#6343=CARTESIAN_POINT('',(96.552081528017,40.3000000000001,-5.5));
#6344=CARTESIAN_POINT('',(96.552081528017,40.3000000000001,-5.5));
#6345=CARTESIAN_POINT('',(96.552081528017,40.3000000000001,-2.5));
#6346=CARTESIAN_POINT('Origin',(96.552081528017,39.65,-2.5));
#6347=CARTESIAN_POINT('Origin',(96.552081528017,39.65,-5.5));
#6348=CARTESIAN_POINT('Origin',(6.4367751939904,-45.9999133412508,-2.5));
#6349=CARTESIAN_POINT('',(6.43677519395843,-45.9999133412297,-5.5));
#6350=CARTESIAN_POINT('',(60.5606720198061,36.1191025324006,-5.5));
#6351=CARTESIAN_POINT('',(6.43677519395843,-45.9999133412297,-2.5));
#6352=CARTESIAN_POINT('Origin',(5.61236331050538,-45.4565613803852,-2.5));
#6353=CARTESIAN_POINT('Origin',(5.61236331050538,-45.4565613803852,-5.5));
#6354=CARTESIAN_POINT('Origin',(4.625,28.4565613944211,-2.5));
#6355=CARTESIAN_POINT('',(4.625,28.4565613944211,-5.5));
#6356=CARTESIAN_POINT('',(4.625,35.5,-5.5));
#6357=CARTESIAN_POINT('',(4.625,28.4565613944211,-2.5));
#6358=CARTESIAN_POINT('Origin',(5.61236331050541,28.4565613803851,-2.5));
#6359=CARTESIAN_POINT('Origin',(5.61236331050541,28.4565613803851,-5.5));
#6360=CARTESIAN_POINT('Origin',(10.6079689783216,-61.7999999999999,-2.5));
#6361=CARTESIAN_POINT('',(10.6079689783216,-62.5,-5.5));
#6362=CARTESIAN_POINT('',(10.6079689783216,-62.5,-2.5));
#6363=CARTESIAN_POINT('',(10.6079689783216,-61.0999999999997,-5.5));
#6364=CARTESIAN_POINT('Origin',(10.6079689783216,-61.7999999999999,-5.5));
#6365=CARTESIAN_POINT('',(10.6079689783216,-61.0999999999997,-2.5));
#6366=CARTESIAN_POINT('Origin',(13.2079689783216,-61.0999999999997,-2.5));
#6367=CARTESIAN_POINT('',(13.2079689783216,-61.0999999999997,-5.5));
#6368=CARTESIAN_POINT('',(13.2079689783216,-61.0999999999997,-5.5));
#6369=CARTESIAN_POINT('',(13.2079689783216,-61.0999999999997,-2.5));
#6370=CARTESIAN_POINT('Origin',(13.2079689783217,-59.1999999999997,-2.5));
#6371=CARTESIAN_POINT('',(13.2079689783217,-57.2999999999997,-5.5));
#6372=CARTESIAN_POINT('Origin',(13.2079689783217,-59.1999999999997,-5.5));
#6373=CARTESIAN_POINT('',(13.2079689783217,-57.2999999999997,-2.5));
#6374=CARTESIAN_POINT('Origin',(6.44791847198296,-57.3,-2.5));
#6375=CARTESIAN_POINT('',(6.44791847198296,-57.3,-5.5));
#6376=CARTESIAN_POINT('',(6.44791847198296,-57.3,-5.5));
#6377=CARTESIAN_POINT('',(6.44791847198296,-57.3,-2.5));
#6378=CARTESIAN_POINT('Origin',(6.44791847198296,-56.65,-2.5));
#6379=CARTESIAN_POINT('',(6.44791847198296,-56.,-5.5));
#6380=CARTESIAN_POINT('Origin',(6.44791847198296,-56.65,-5.5));
#6381=CARTESIAN_POINT('',(6.44791847198296,-56.,-2.5));
#6382=CARTESIAN_POINT('Origin',(74.2873337755985,-56.,-2.5));
#6383=CARTESIAN_POINT('',(74.2873337755985,-55.9999999999999,-5.5));
#6384=CARTESIAN_POINT('',(99.4999999998477,-56.,-5.5));
#6385=CARTESIAN_POINT('',(74.2873337755985,-55.9999999999999,-2.5));
#6386=CARTESIAN_POINT('Origin',(74.2873340597109,-56.6499999999998,-2.5));
#6387=CARTESIAN_POINT('',(74.2873340597109,-57.2999999999998,-5.5));
#6388=CARTESIAN_POINT('Origin',(74.2873340597109,-56.6499999999998,-5.5));
#6389=CARTESIAN_POINT('',(74.2873340597109,-57.2999999999998,-2.5));
#6390=CARTESIAN_POINT('Origin',(67.5272835533722,-57.2999999999972,-2.5));
#6391=CARTESIAN_POINT('',(67.5272835533722,-57.2999999999996,-5.5));
#6392=CARTESIAN_POINT('',(74.2873340597109,-57.2999999999998,-5.5));
#6393=CARTESIAN_POINT('',(67.5272835533722,-57.2999999999996,-2.5));
#6394=CARTESIAN_POINT('Origin',(67.5272835533722,-59.1999999999996,-2.5));
#6395=CARTESIAN_POINT('',(67.5272835533723,-61.0999999999996,-5.5));
#6396=CARTESIAN_POINT('Origin',(67.5272835533722,-59.1999999999996,-5.5));
#6397=CARTESIAN_POINT('',(67.5272835533723,-61.0999999999996,-2.5));
#6398=CARTESIAN_POINT('Origin',(70.1272835533723,-61.0999999999996,-2.5));
#6399=CARTESIAN_POINT('',(70.1272835533723,-61.0999999999998,-5.5));
#6400=CARTESIAN_POINT('',(67.5272835533723,-61.0999999999996,-5.5));
#6401=CARTESIAN_POINT('',(70.1272835533723,-61.0999999999998,-2.5));
#6402=CARTESIAN_POINT('Origin',(70.1272835533723,-61.7999999999997,-2.5));
#6403=CARTESIAN_POINT('',(70.1272835533723,-62.4999999999998,-5.5));
#6404=CARTESIAN_POINT('Origin',(70.1272835533723,-61.7999999999997,-5.5));
#6405=CARTESIAN_POINT('',(70.1272835533723,-62.4999999999998,-2.5));
#6406=CARTESIAN_POINT('Origin',(10.6079689783216,-62.5000000000005,-2.5));
#6407=CARTESIAN_POINT('',(69.3565728752499,-62.4999999999998,-5.5));
#6408=CARTESIAN_POINT('Origin',(68.184755232736,31.1052249797733,-2.5));
#6409=CARTESIAN_POINT('',(65.1828979368295,29.808968269892,-5.5));
#6410=CARTESIAN_POINT('',(65.1828979368295,29.808968269892,-2.5));
#6411=CARTESIAN_POINT('',(68.184755232736,34.375,-5.5));
#6412=CARTESIAN_POINT('Origin',(68.184755232736,31.1052249797733,-5.5));
#6413=CARTESIAN_POINT('',(68.184755232736,34.375,-2.5));
#6414=CARTESIAN_POINT('Origin',(92.8152446467626,34.375,-2.5));
#6415=CARTESIAN_POINT('',(92.8152446467626,34.375,-5.5));
#6416=CARTESIAN_POINT('',(3.5,34.375,-5.5));
#6417=CARTESIAN_POINT('',(92.8152446467626,34.375,-2.5));
#6418=CARTESIAN_POINT('Origin',(92.8152447672641,31.1052249797733,-2.5));
#6419=CARTESIAN_POINT('Origin',(92.8152447672641,31.1052249797733,-5.5));
#6420=CARTESIAN_POINT('Origin',(65.1828979368296,29.8089682698919,-2.5));
#6421=CARTESIAN_POINT('',(100.532820147728,-52.0540094816628,-5.5));
#6422=CARTESIAN_POINT('Origin',(63.117259474576,-45.9169829879056,-2.5));
#6423=CARTESIAN_POINT('',(63.1172594745355,-45.9169829878881,-5.5));
#6424=CARTESIAN_POINT('',(60.4671798522719,-52.0540094816625,-5.5));
#6425=CARTESIAN_POINT('',(63.1172594745355,-45.9169829878881,-2.5));
#6426=CARTESIAN_POINT('Origin',(62.8816431616619,-45.8152447672642,-2.5));
#6427=CARTESIAN_POINT('Origin',(62.8816431616619,-45.8152447672642,-5.5));
#6428=CARTESIAN_POINT('Origin',(62.625,28.4565613803852,-2.5));
#6429=CARTESIAN_POINT('',(62.625,28.4565613803852,-5.5));
#6430=CARTESIAN_POINT('',(62.625,35.5,-5.5));
#6431=CARTESIAN_POINT('',(62.625,28.4565613803852,-2.5));
#6432=CARTESIAN_POINT('Origin',(62.9557778803509,28.4565613803852,-2.5));
#6433=CARTESIAN_POINT('Origin',(62.9557778803509,28.4565613803852,-5.5));
#6434=CARTESIAN_POINT('Origin',(31.4422835533776,44.7999999999994,-2.5));
#6435=CARTESIAN_POINT('',(31.4422835533777,45.4999999999995,-5.5));
#6436=CARTESIAN_POINT('',(31.4422835533777,45.4999999999995,-2.5));
#6437=CARTESIAN_POINT('',(31.4422835533776,44.0999999999993,-5.5));
#6438=CARTESIAN_POINT('Origin',(31.4422835533776,44.7999999999994,-5.5));
#6439=CARTESIAN_POINT('',(31.4422835533776,44.0999999999993,-2.5));
#6440=CARTESIAN_POINT('Origin',(28.8422835533776,44.0999999999994,-2.5));
#6441=CARTESIAN_POINT('',(28.8422835533776,44.0999999999994,-5.5));
#6442=CARTESIAN_POINT('',(28.8422835533776,44.0999999999994,-5.5));
#6443=CARTESIAN_POINT('',(28.8422835533776,44.0999999999994,-2.5));
#6444=CARTESIAN_POINT('Origin',(28.8422835533775,42.1999999999994,-2.5));
#6445=CARTESIAN_POINT('',(28.8422835533775,40.2999999999994,-5.5));
#6446=CARTESIAN_POINT('Origin',(28.8422835533775,42.1999999999994,-5.5));
#6447=CARTESIAN_POINT('',(28.8422835533775,40.2999999999994,-2.5));
#6448=CARTESIAN_POINT('Origin',(35.6023340597161,40.2999999999994,-2.5));
#6449=CARTESIAN_POINT('',(35.6023340597161,40.2999999999994,-5.5));
#6450=CARTESIAN_POINT('',(35.6023340597161,40.2999999999994,-5.5));
#6451=CARTESIAN_POINT('',(35.6023340597161,40.2999999999994,-2.5));
#6452=CARTESIAN_POINT('Origin',(35.602334059716,39.6499999999994,-2.5));
#6453=CARTESIAN_POINT('',(35.6023344926832,38.9999999999995,-5.5));
#6454=CARTESIAN_POINT('Origin',(35.602334059716,39.6499999999994,-5.5));
#6455=CARTESIAN_POINT('',(35.6023344926832,38.9999999999995,-2.5));
#6456=CARTESIAN_POINT('Origin',(6.44791847198295,38.9999999999997,-2.5));
#6457=CARTESIAN_POINT('',(6.44791847198296,39.,-5.5));
#6458=CARTESIAN_POINT('',(99.5,39.,-5.5));
#6459=CARTESIAN_POINT('',(6.44791847198296,39.,-2.5));
#6460=CARTESIAN_POINT('Origin',(6.44791847198296,39.65,-2.5));
#6461=CARTESIAN_POINT('',(6.44791847198296,40.3,-5.5));
#6462=CARTESIAN_POINT('Origin',(6.44791847198296,39.65,-5.5));
#6463=CARTESIAN_POINT('',(6.44791847198296,40.3,-2.5));
#6464=CARTESIAN_POINT('Origin',(13.2079689783217,40.2999999999973,-2.5));
#6465=CARTESIAN_POINT('',(13.2079689783217,40.2999999999997,-5.5));
#6466=CARTESIAN_POINT('',(6.44791847198296,40.3,-5.5));
#6467=CARTESIAN_POINT('',(13.2079689783217,40.2999999999997,-2.5));
#6468=CARTESIAN_POINT('Origin',(13.2079689783217,42.1999999999997,-2.5));
#6469=CARTESIAN_POINT('',(13.2079689783216,44.0999999999997,-5.5));
#6470=CARTESIAN_POINT('Origin',(13.2079689783217,42.1999999999997,-5.5));
#6471=CARTESIAN_POINT('',(13.2079689783216,44.0999999999997,-2.5));
#6472=CARTESIAN_POINT('Origin',(10.6079689783216,44.0999999999997,-2.5));
#6473=CARTESIAN_POINT('',(10.6079689783216,44.0999999999999,-5.5));
#6474=CARTESIAN_POINT('',(13.2079689783216,44.0999999999997,-5.5));
#6475=CARTESIAN_POINT('',(10.6079689783216,44.0999999999999,-2.5));
#6476=CARTESIAN_POINT('Origin',(10.6079689783216,44.7999999999999,-2.5));
#6477=CARTESIAN_POINT('',(10.6079689783216,45.5,-5.5));
#6478=CARTESIAN_POINT('Origin',(10.6079689783216,44.7999999999999,-5.5));
#6479=CARTESIAN_POINT('',(10.6079689783216,45.5,-2.5));
#6480=CARTESIAN_POINT('Origin',(31.4422835533777,45.5000000000002,-2.5));
#6481=CARTESIAN_POINT('',(11.378679656444,45.5,-5.5));
#6482=CARTESIAN_POINT('Origin',(8.31542644680757,30.238125548573,-2.5));
#6483=CARTESIAN_POINT('',(8.31542644680758,30.238125548573,-5.5));
#6484=CARTESIAN_POINT('',(62.4393279801939,-51.8808974675995,-5.5));
#6485=CARTESIAN_POINT('',(8.31542644680758,30.238125548573,-2.5));
#6486=CARTESIAN_POINT('Origin',(10.5434386196149,31.7065882886618,-2.5));
#6487=CARTESIAN_POINT('',(10.5434386196149,34.375,-5.5));
#6488=CARTESIAN_POINT('Origin',(10.5434386196149,31.7065882886618,-5.5));
#6489=CARTESIAN_POINT('',(10.5434386196149,34.375,-2.5));
#6490=CARTESIAN_POINT('Origin',(54.4565612825021,34.375,-2.5));
#6491=CARTESIAN_POINT('',(54.4565612825021,34.375,-5.5));
#6492=CARTESIAN_POINT('',(3.5,34.375,-5.5));
#6493=CARTESIAN_POINT('',(54.4565612825021,34.375,-2.5));
#6494=CARTESIAN_POINT('Origin',(54.4565613803851,31.7065882886618,-2.5));
#6495=CARTESIAN_POINT('Origin',(54.4565613803851,31.7065882886618,-5.5));
#6496=CARTESIAN_POINT('Origin',(59.3876366894948,-45.4565613803857,-2.5));
#6497=CARTESIAN_POINT('',(60.375,-45.4565613803857,-5.5));
#6498=CARTESIAN_POINT('',(60.375,-45.4565613803857,-2.5));
#6499=CARTESIAN_POINT('Origin',(59.3876366894948,-45.4565613803857,-5.5));
#6500=CARTESIAN_POINT('Origin',(58.5632280431736,28.99991825281,-2.5));
#6501=CARTESIAN_POINT('',(58.563228043177,28.9999182528078,-5.5));
#6502=CARTESIAN_POINT('',(4.43932798019394,-53.1191025324005,-5.5));
#6503=CARTESIAN_POINT('',(58.563228043177,28.9999182528078,-2.5));
#6504=CARTESIAN_POINT('Origin',(59.3876366894946,28.4565613803852,-2.5));
#6505=CARTESIAN_POINT('Origin',(59.3876366894946,28.4565613803852,-5.5));
#6506=CARTESIAN_POINT('Origin',(60.375,-45.4565613803857,-2.5));
#6507=CARTESIAN_POINT('',(60.375,-52.5,-5.5));
#6508=CARTESIAN_POINT('Origin',(10.5434386196148,-48.7065882886619,-2.5));
#6509=CARTESIAN_POINT('',(10.5434387354966,-51.3750000000001,-5.5));
#6510=CARTESIAN_POINT('',(10.5434387354966,-51.3750000000001,-2.5));
#6511=CARTESIAN_POINT('Origin',(10.5434386196148,-48.7065882886619,-5.5));
#6512=CARTESIAN_POINT('Origin',(56.6845889030568,-47.2381488380223,-2.5));
#6513=CARTESIAN_POINT('',(56.6845889029363,-47.2381488381017,-5.5));
#6514=CARTESIAN_POINT('',(2.56067201980606,34.8808974675995,-5.5));
#6515=CARTESIAN_POINT('',(56.6845889029363,-47.2381488381017,-2.5));
#6516=CARTESIAN_POINT('Origin',(54.4565613803855,-48.7065882886623,-2.5));
#6517=CARTESIAN_POINT('',(54.4565615208566,-51.3750000000005,-5.5));
#6518=CARTESIAN_POINT('Origin',(54.4565613803855,-48.7065882886623,-5.5));
#6519=CARTESIAN_POINT('',(54.4565615208566,-51.3750000000005,-2.5));
#6520=CARTESIAN_POINT('Origin',(10.5434387354966,-51.3750000000001,-2.5));
#6521=CARTESIAN_POINT('',(99.5000014826655,-51.375000000001,-5.5));
#6522=CARTESIAN_POINT('Origin',(67.5272835533722,-59.1999999999996,-2.5));
#6523=CARTESIAN_POINT('',(67.5272835533722,-59.8499999999996,-5.5));
#6524=CARTESIAN_POINT('',(67.5272835533722,-59.8499999999996,-2.5));
#6525=CARTESIAN_POINT('',(67.5272835533722,-58.5499999999996,-5.5));
#6526=CARTESIAN_POINT('Origin',(67.5272835533722,-59.1999999999996,-5.5));
#6527=CARTESIAN_POINT('',(67.5272835533722,-58.5499999999996,-2.5));
#6528=CARTESIAN_POINT('Origin',(75.7207855046173,-58.5499999999995,-2.5));
#6529=CARTESIAN_POINT('',(75.7207855046173,-58.5499999999995,-5.5));
#6530=CARTESIAN_POINT('',(76.1349999999999,-58.5499999999995,-5.5));
#6531=CARTESIAN_POINT('',(75.7207855046173,-58.5499999999995,-2.5));
#6532=CARTESIAN_POINT('Origin',(75.7207864376268,-57.5499999999996,-2.5));
#6533=CARTESIAN_POINT('Origin',(75.7207864376268,-57.5499999999996,-5.5));
#6534=CARTESIAN_POINT('Origin',(99.4999999998477,-56.,-2.5));
#6535=CARTESIAN_POINT('',(99.4999999998477,-56.,-5.5));
#6536=CARTESIAN_POINT('',(99.4999999998477,-56.,-5.5));
#6537=CARTESIAN_POINT('',(99.4999999998477,-56.,-2.5));
#6538=CARTESIAN_POINT('Origin',(99.5,-52.5,-2.5));
#6539=CARTESIAN_POINT('',(103.,-52.5,-5.5));
#6540=CARTESIAN_POINT('Origin',(99.5,-52.5,-5.5));
#6541=CARTESIAN_POINT('',(103.,-52.5,-2.5));
#6542=CARTESIAN_POINT('',(96.,-52.5,-2.5));
#6543=CARTESIAN_POINT('Origin',(103.,35.5,-2.5));
#6544=CARTESIAN_POINT('',(103.,35.5,-5.5));
#6545=CARTESIAN_POINT('',(103.,-52.5,-5.5));
#6546=CARTESIAN_POINT('',(103.,35.5,-2.5));
#6547=CARTESIAN_POINT('Origin',(99.5,35.5,-2.5));
#6548=CARTESIAN_POINT('',(101.974873734153,37.9748737341529,-5.5));
#6549=CARTESIAN_POINT('Origin',(99.5,35.5,-5.5));
#6550=CARTESIAN_POINT('',(101.974873734153,37.9748737341529,-2.5));
#6551=CARTESIAN_POINT('',(96.,35.5,-2.5));
#6552=CARTESIAN_POINT('Origin',(98.6926400694354,41.2571073988705,-2.5));
#6553=CARTESIAN_POINT('',(98.6926400694359,41.257107398871,-5.5));
#6554=CARTESIAN_POINT('',(101.974873734153,37.9748737341529,-5.5));
#6555=CARTESIAN_POINT('',(98.6926400694359,41.257107398871,-2.5));
#6556=CARTESIAN_POINT('Origin',(97.9855339059329,40.5499999999997,-2.5));
#6557=CARTESIAN_POINT('',(97.9855348158929,41.5499999999998,-5.5));
#6558=CARTESIAN_POINT('Origin',(97.9855339059329,40.5499999999997,-5.5));
#6559=CARTESIAN_POINT('',(97.9855348158929,41.5499999999998,-2.5));
#6560=CARTESIAN_POINT('Origin',(89.7920310216783,41.5499999999998,-2.5));
#6561=CARTESIAN_POINT('',(89.7920310216783,41.5499999999998,-5.5));
#6562=CARTESIAN_POINT('',(98.399747468306,41.5499999999998,-5.5));
#6563=CARTESIAN_POINT('',(89.7920310216783,41.5499999999998,-2.5));
#6564=CARTESIAN_POINT('Origin',(89.7920310216783,42.1999999999998,-2.5));
#6565=CARTESIAN_POINT('',(89.7920310216783,42.8499999999998,-5.5));
#6566=CARTESIAN_POINT('Origin',(89.7920310216783,42.1999999999998,-5.5));
#6567=CARTESIAN_POINT('',(89.7920310216783,42.8499999999998,-2.5));
#6568=CARTESIAN_POINT('Origin',(92.3920310216784,42.8499999999999,-2.5));
#6569=CARTESIAN_POINT('',(92.3920310216784,42.8499999999999,-5.5));
#6570=CARTESIAN_POINT('',(91.9751312978984,42.8499999999999,-5.5));
#6571=CARTESIAN_POINT('',(92.3920310216784,42.8499999999999,-2.5));
#6572=CARTESIAN_POINT('Origin',(92.3920310216784,44.7999999999999,-2.5));
#6573=CARTESIAN_POINT('',(93.7708892449921,46.1788582233137,-5.5));
#6574=CARTESIAN_POINT('Origin',(92.3920310216784,44.7999999999999,-5.5));
#6575=CARTESIAN_POINT('',(93.7708892449921,46.1788582233137,-2.5));
#6576=CARTESIAN_POINT('Origin',(93.4748737341529,46.474873734153,-2.5));
#6577=CARTESIAN_POINT('',(93.4748737341529,46.4748737341529,-5.5));
#6578=CARTESIAN_POINT('',(101.974873734153,37.9748737341529,-5.5));
#6579=CARTESIAN_POINT('',(93.4748737341529,46.4748737341529,-2.5));
#6580=CARTESIAN_POINT('Origin',(91.,44.,-2.5));
#6581=CARTESIAN_POINT('Origin',(91.,44.,-5.5));
#6582=CARTESIAN_POINT('Origin',(72.9497474683006,44.,-2.5));
#6583=CARTESIAN_POINT('',(70.4748737341477,46.4748737341529,-5.5));
#6584=CARTESIAN_POINT('Origin',(72.9497474683006,44.,-5.5));
#6585=CARTESIAN_POINT('',(70.4748737341477,46.4748737341529,-2.5));
#6586=CARTESIAN_POINT('Origin',(70.1788582233078,46.178858223314,-2.5));
#6587=CARTESIAN_POINT('',(70.1788582233086,46.1788582233132,-5.5));
#6588=CARTESIAN_POINT('',(62.9999999999917,39.,-5.5));
#6589=CARTESIAN_POINT('',(70.1788582233086,46.1788582233132,-2.5));
#6590=CARTESIAN_POINT('Origin',(71.5577164466223,44.7999999999995,-2.5));
#6591=CARTESIAN_POINT('',(71.5577164466224,42.8499999999995,-5.5));
#6592=CARTESIAN_POINT('Origin',(71.5577164466223,44.7999999999995,-5.5));
#6593=CARTESIAN_POINT('',(71.5577164466224,42.8499999999995,-2.5));
#6594=CARTESIAN_POINT('Origin',(74.1577164466224,42.8499999999994,-2.5));
#6595=CARTESIAN_POINT('',(74.1577164466224,42.8499999999994,-5.5));
#6596=CARTESIAN_POINT('',(74.1577164466224,42.8499999999994,-5.5));
#6597=CARTESIAN_POINT('',(74.1577164466224,42.8499999999994,-2.5));
#6598=CARTESIAN_POINT('Origin',(74.1577164466225,42.1999999999994,-2.5));
#6599=CARTESIAN_POINT('',(74.1577164466225,41.5499999999994,-5.5));
#6600=CARTESIAN_POINT('Origin',(74.1577164466225,42.1999999999994,-5.5));
#6601=CARTESIAN_POINT('',(74.1577164466225,41.5499999999994,-2.5));
#6602=CARTESIAN_POINT('Origin',(65.9642144857796,41.5499999999991,-2.5));
#6603=CARTESIAN_POINT('',(65.9642144857796,41.5499999999991,-5.5));
#6604=CARTESIAN_POINT('',(65.5499999999948,41.549999999999,-5.5));
#6605=CARTESIAN_POINT('',(65.9642144857796,41.5499999999991,-2.5));
#6606=CARTESIAN_POINT('Origin',(65.964213562368,40.5499999999991,-2.5));
#6607=CARTESIAN_POINT('Origin',(65.964213562368,40.5499999999991,-5.5));
#6608=CARTESIAN_POINT('Origin',(37.7428944109407,41.2571055890592,-2.5));
#6609=CARTESIAN_POINT('',(37.7428944109427,41.2571055890612,-5.5));
#6610=CARTESIAN_POINT('',(40.,38.9999999999997,-5.5));
#6611=CARTESIAN_POINT('',(37.7428944109427,41.2571055890612,-2.5));
#6612=CARTESIAN_POINT('Origin',(37.035786437632,40.549999999999,-2.5));
#6613=CARTESIAN_POINT('',(37.0357873562558,41.549999999999,-5.5));
#6614=CARTESIAN_POINT('Origin',(37.035786437632,40.549999999999,-5.5));
#6615=CARTESIAN_POINT('',(37.0357873562558,41.549999999999,-2.5));
#6616=CARTESIAN_POINT('Origin',(28.8422835533775,41.5499999999994,-2.5));
#6617=CARTESIAN_POINT('',(28.8422835533775,41.5499999999994,-5.5));
#6618=CARTESIAN_POINT('',(37.4500000000052,41.549999999999,-5.5));
#6619=CARTESIAN_POINT('',(28.8422835533775,41.5499999999994,-2.5));
#6620=CARTESIAN_POINT('Origin',(28.8422835533775,42.1999999999994,-2.5));
#6621=CARTESIAN_POINT('',(28.8422835533775,42.8499999999994,-5.5));
#6622=CARTESIAN_POINT('Origin',(28.8422835533775,42.1999999999994,-5.5));
#6623=CARTESIAN_POINT('',(28.8422835533775,42.8499999999994,-2.5));
#6624=CARTESIAN_POINT('Origin',(31.4422835533776,42.8499999999994,-2.5));
#6625=CARTESIAN_POINT('',(31.4422835533776,42.8499999999995,-5.5));
#6626=CARTESIAN_POINT('',(31.0253838295976,42.8499999999994,-5.5));
#6627=CARTESIAN_POINT('',(31.4422835533776,42.8499999999994,-2.5));
#6628=CARTESIAN_POINT('Origin',(31.4422835533776,44.7999999999994,-2.5));
#6629=CARTESIAN_POINT('',(32.8211403668752,46.1788596331279,-5.5));
#6630=CARTESIAN_POINT('Origin',(31.4422835533776,44.7999999999994,-5.5));
#6631=CARTESIAN_POINT('',(32.8211403668752,46.1788596331279,-2.5));
#6632=CARTESIAN_POINT('Origin',(32.5251242532779,46.4748757467224,-2.5));
#6633=CARTESIAN_POINT('',(32.5251242532796,46.474875746724,-5.5));
#6634=CARTESIAN_POINT('',(40.,38.9999999999997,-5.5));
#6635=CARTESIAN_POINT('',(32.5251242532796,46.474875746724,-2.5));
#6636=CARTESIAN_POINT('Origin',(30.0502525316994,44.,-2.5));
#6637=CARTESIAN_POINT('Origin',(30.0502525316994,44.,-5.5));
#6638=CARTESIAN_POINT('Origin',(12.,44.,-2.5));
#6639=CARTESIAN_POINT('',(9.52512620045953,46.4748736687654,-5.5));
#6640=CARTESIAN_POINT('Origin',(12.,44.,-5.5));
#6641=CARTESIAN_POINT('',(9.52512620045953,46.4748736687654,-2.5));
#6642=CARTESIAN_POINT('Origin',(9.22911075500783,46.1788582233137,-2.5));
#6643=CARTESIAN_POINT('',(9.22911075500784,46.1788582233137,-5.5));
#6644=CARTESIAN_POINT('',(1.02512626584708,37.9748737341529,-5.5));
#6645=CARTESIAN_POINT('',(9.22911075500784,46.1788582233136,-2.5));
#6646=CARTESIAN_POINT('Origin',(10.6079689783216,44.7999999999999,-2.5));
#6647=CARTESIAN_POINT('',(10.6079689783216,42.8499999999999,-5.5));
#6648=CARTESIAN_POINT('Origin',(10.6079689783216,44.7999999999999,-5.5));
#6649=CARTESIAN_POINT('',(10.6079689783216,42.8499999999999,-2.5));
#6650=CARTESIAN_POINT('Origin',(13.2079689783217,42.8499999999997,-2.5));
#6651=CARTESIAN_POINT('',(13.2079689783217,42.8499999999997,-5.5));
#6652=CARTESIAN_POINT('',(13.2079689783217,42.8499999999997,-5.5));
#6653=CARTESIAN_POINT('',(13.2079689783217,42.8499999999997,-2.5));
#6654=CARTESIAN_POINT('Origin',(13.2079689783217,42.1999999999997,-2.5));
#6655=CARTESIAN_POINT('',(13.2079689783217,41.5499999999997,-5.5));
#6656=CARTESIAN_POINT('Origin',(13.2079689783217,42.1999999999997,-5.5));
#6657=CARTESIAN_POINT('',(13.2079689783217,41.5499999999997,-2.5));
#6658=CARTESIAN_POINT('Origin',(5.01446699271161,41.5499999999997,-2.5));
#6659=CARTESIAN_POINT('',(5.01446699271161,41.5500000000005,-5.5));
#6660=CARTESIAN_POINT('',(4.60025253169394,41.5499999999997,-5.5));
#6661=CARTESIAN_POINT('',(5.01446699271161,41.5500000000005,-2.5));
#6662=CARTESIAN_POINT('Origin',(5.01446609406707,40.5499999999997,-2.5));
#6663=CARTESIAN_POINT('',(4.30735993682618,41.2571074051331,-5.5));
#6664=CARTESIAN_POINT('Origin',(5.01446609406707,40.5499999999997,-5.5));
#6665=CARTESIAN_POINT('',(4.30735993682619,41.2571074051331,-2.5));
#6666=CARTESIAN_POINT('Origin',(1.02512626584708,37.9748737341529,-2.5));
#6667=CARTESIAN_POINT('',(1.02512626584708,37.9748737341529,-5.5));
#6668=CARTESIAN_POINT('',(1.02512626584708,37.9748737341529,-5.5));
#6669=CARTESIAN_POINT('',(1.02512626584708,37.9748737341529,-2.5));
#6670=CARTESIAN_POINT('Origin',(3.5,35.5,-2.5));
#6671=CARTESIAN_POINT('',(-2.22044604925031E-15,35.5,-5.5));
#6672=CARTESIAN_POINT('Origin',(3.5,35.5,-5.5));
#6673=CARTESIAN_POINT('',(-1.26201132877313E-15,35.5,-2.5));
#6674=CARTESIAN_POINT('',(-1.11022302462516E-15,35.5,-2.5));
#6675=CARTESIAN_POINT('Origin',(3.88578063469309E-15,-52.4999999697041,
-2.5));
#6676=CARTESIAN_POINT('',(4.44089209850063E-15,-52.4999999697041,-5.5));
#6677=CARTESIAN_POINT('',(3.88578063469309E-15,-52.4999999697041,-5.5));
#6678=CARTESIAN_POINT('',(3.88578063469309E-15,-52.4999999697041,-2.5));
#6679=CARTESIAN_POINT('Origin',(3.5,-52.5,-2.5));
#6680=CARTESIAN_POINT('',(1.02512626584709,-54.9748737341529,-5.5));
#6681=CARTESIAN_POINT('Origin',(3.5,-52.5,-5.5));
#6682=CARTESIAN_POINT('',(1.02512626584709,-54.9748737341529,-2.5));
#6683=CARTESIAN_POINT('',(3.33066907387547E-15,-52.5,-2.5));
#6684=CARTESIAN_POINT('Origin',(4.3073599520537,-58.2571074203595,-2.5));
#6685=CARTESIAN_POINT('',(4.30735995205312,-58.2571074203601,-5.5));
#6686=CARTESIAN_POINT('',(1.02512626584709,-54.9748737341529,-5.5));
#6687=CARTESIAN_POINT('',(4.30735995205312,-58.2571074203601,-2.5));
#6688=CARTESIAN_POINT('Origin',(5.01446609406707,-57.5499999999997,-2.5));
#6689=CARTESIAN_POINT('',(5.01446701747877,-58.5499999999997,-5.5));
#6690=CARTESIAN_POINT('Origin',(5.01446609406707,-57.5499999999997,-5.5));
#6691=CARTESIAN_POINT('',(5.01446701747877,-58.5499999999997,-2.5));
#6692=CARTESIAN_POINT('Origin',(13.2079689783217,-58.5499999999997,-2.5));
#6693=CARTESIAN_POINT('',(13.2079689783217,-58.5499999999997,-5.5));
#6694=CARTESIAN_POINT('',(4.60025253169394,-58.5499999999997,-5.5));
#6695=CARTESIAN_POINT('',(13.2079689783217,-58.5499999999997,-2.5));
#6696=CARTESIAN_POINT('Origin',(13.2079689783217,-59.1999999999997,-2.5));
#6697=CARTESIAN_POINT('',(13.2079689783217,-59.8499999999997,-5.5));
#6698=CARTESIAN_POINT('Origin',(13.2079689783217,-59.1999999999997,-5.5));
#6699=CARTESIAN_POINT('',(13.2079689783217,-59.8499999999997,-2.5));
#6700=CARTESIAN_POINT('Origin',(10.6079689783216,-59.8499999999999,-2.5));
#6701=CARTESIAN_POINT('',(10.6079689783216,-59.8499999999999,-5.5));
#6702=CARTESIAN_POINT('',(11.0248687021016,-59.8499999999999,-5.5));
#6703=CARTESIAN_POINT('',(10.6079689783216,-59.8499999999999,-2.5));
#6704=CARTESIAN_POINT('Origin',(10.6079689783216,-61.7999999999999,-2.5));
#6705=CARTESIAN_POINT('',(8.68476144589531,-62.1221378388495,-5.5));
#6706=CARTESIAN_POINT('Origin',(10.6079689783216,-61.7999999999999,-5.5));
#6707=CARTESIAN_POINT('',(8.68476144589531,-62.1221378388495,-2.5));
#6708=CARTESIAN_POINT('Origin',(12.,-61.,-2.5));
#6709=CARTESIAN_POINT('',(9.36140736207037,-63.2995279713592,-5.5));
#6710=CARTESIAN_POINT('Origin',(12.,-61.,-5.5));
#6711=CARTESIAN_POINT('',(9.36140736207037,-63.2995279713592,-2.5));
#6712=CARTESIAN_POINT('Origin',(10.6079689783216,-61.7999999999999,-2.5));
#6713=CARTESIAN_POINT('',(9.22911075500786,-63.1788582233136,-5.5));
#6714=CARTESIAN_POINT('Origin',(10.6079689783216,-61.7999999999999,-5.5));
#6715=CARTESIAN_POINT('',(9.22911075500786,-63.1788582233136,-2.5));
#6716=CARTESIAN_POINT('Origin',(9.52512640308466,-63.4748738713905,-2.5));
#6717=CARTESIAN_POINT('',(9.52512640308466,-63.4748738713905,-5.5));
#6718=CARTESIAN_POINT('',(1.02512626584709,-54.9748737341529,-5.5));
#6719=CARTESIAN_POINT('',(9.52512640308466,-63.4748738713905,-2.5));
#6720=CARTESIAN_POINT('Origin',(12.,-61.,-2.5));
#6721=CARTESIAN_POINT('Origin',(12.,-61.,-5.5));
#6722=CARTESIAN_POINT('Origin',(68.7352525316939,-60.9999999999998,-2.5));
#6723=CARTESIAN_POINT('',(72.0504910857986,-62.1221378388494,-5.5));
#6724=CARTESIAN_POINT('Origin',(68.7352525316939,-60.9999999999998,-5.5));
#6725=CARTESIAN_POINT('',(72.0504910857986,-62.1221378388494,-2.5));
#6726=CARTESIAN_POINT('Origin',(70.1272835533723,-61.7999999999997,-2.5));
#6727=CARTESIAN_POINT('',(70.1272835533723,-59.8499999999997,-5.5));
#6728=CARTESIAN_POINT('Origin',(70.1272835533723,-61.7999999999997,-5.5));
#6729=CARTESIAN_POINT('',(70.1272835533723,-59.8499999999997,-2.5));
#6730=CARTESIAN_POINT('Origin',(67.5272835533722,-59.8499999999996,-2.5));
#6731=CARTESIAN_POINT('',(67.5272835533722,-59.8499999999996,-5.5));
#6732=CARTESIAN_POINT('Origin',(51.5,-8.49999999999999,-5.5));
#6733=UNCERTAINTY_MEASURE_WITH_UNIT(LENGTH_MEASURE(0.01),#6737,
'DISTANCE_ACCURACY_VALUE',
'Maximum model space distance between geometric entities at asserted c
onnectivities');
#6734=UNCERTAINTY_MEASURE_WITH_UNIT(LENGTH_MEASURE(0.01),#6737,
'DISTANCE_ACCURACY_VALUE',
'Maximum model space distance between geometric entities at asserted c
onnectivities');
#6735=(
GEOMETRIC_REPRESENTATION_CONTEXT(3)
GLOBAL_UNCERTAINTY_ASSIGNED_CONTEXT((#6733))
GLOBAL_UNIT_ASSIGNED_CONTEXT((#6737,#6738,#6739))
REPRESENTATION_CONTEXT('','3D')
);
#6736=(
GEOMETRIC_REPRESENTATION_CONTEXT(3)
GLOBAL_UNCERTAINTY_ASSIGNED_CONTEXT((#6734))
GLOBAL_UNIT_ASSIGNED_CONTEXT((#6737,#6738,#6739))
REPRESENTATION_CONTEXT('','3D')
);
#6737=(
LENGTH_UNIT()
NAMED_UNIT(*)
SI_UNIT(.MILLI.,.METRE.)
);
#6738=(
NAMED_UNIT(*)
PLANE_ANGLE_UNIT()
SI_UNIT($,.RADIAN.)
);
#6739=(
NAMED_UNIT(*)
SI_UNIT($,.STERADIAN.)
SOLID_ANGLE_UNIT()
);
#6740=SHAPE_DEFINITION_REPRESENTATION(#6741,#6742);
#6741=PRODUCT_DEFINITION_SHAPE('',$,#6744);
#6742=SHAPE_REPRESENTATION('',(#3934),#6735);
#6743=PRODUCT_DEFINITION_CONTEXT('part definition',#6748,'design');
#6744=PRODUCT_DEFINITION('amp-cradle','amp-cradle v6',#6745,#6743);
#6745=PRODUCT_DEFINITION_FORMATION('',$,#6750);
#6746=PRODUCT_RELATED_PRODUCT_CATEGORY('amp-cradle v6','amp-cradle v6',
(#6750));
#6747=APPLICATION_PROTOCOL_DEFINITION('international standard',
'automotive_design',2009,#6748);
#6748=APPLICATION_CONTEXT(
'Core Data for Automotive Mechanical Design Process');
#6749=PRODUCT_CONTEXT('part definition',#6748,'mechanical');
#6750=PRODUCT('amp-cradle','amp-cradle v6',$,(#6749));
#6751=PRESENTATION_STYLE_ASSIGNMENT((#6752));
#6752=SURFACE_STYLE_USAGE(.BOTH.,#6753);
#6753=SURFACE_SIDE_STYLE('',(#6754));
#6754=SURFACE_STYLE_FILL_AREA(#6755);
#6755=FILL_AREA_STYLE('ABS (White)',(#6756));
#6756=FILL_AREA_STYLE_COLOUR('ABS (White)',#6757);
#6757=COLOUR_RGB('ABS (White)',0.964705882352941,0.964705882352941,0.952941176470588);
ENDSEC;
END-ISO-10303-21;
